record_id,split,country,conference_date,target,label,text,detected_language
seg_00001,train,CH,2021-01-13,,credit claiming,"la bonne nouvelle, c'est que pour la première fois, nous avons vraiment plusieurs semaines d'avance et nous pouvons donc agir pour affaiblir cette 3e vague. Nous avons beaucoup de séquençage dans notre pays sur les virus, quelque chose qui nous permet d'avoir une approche statistique de la situation.",fr
seg_00002,test,CH,2021-01-13,,credit claiming,"Nous faisons tout cela pour tenter d'éviter une 3e vague, affaiblir ces situations que connaissent actuellement d'autres pays, éviter des mesures plus dures et plus coûteuses plus tard, éviter aussi de mettre en danger la vaccination, qui commence maintenant. La vaccination c'est une très bonne nouvelle si on devait en trouver une au début de cette année.",fr
seg_00003,train,CH,2021-01-13,citizens,explaining/sharing responsibility,"Avec une vague pandémique, eh bien ça freine la vaccination parce que vous ne pouvez pas vacciner les personnes qui ont des symptômes et nous souhaitons également ici faire un gros effort maintenant pour que la situation ne s'éternise pas et que nous ayons ensuite des perspectives.",fr
seg_00004,test,CH,2021-01-13,,credit claiming,"die gute Nachricht ist es aber, dass wir aber dieser Vorsprung und Wissensvorsprung, wenn wir schauen, wie es in andere Länder geht, und wir können schon damit auch am richtigen Moment handeln, um diese Explosion zu verhindern",de
seg_00005,train,CH,2021-01-13,,credit claiming,"Das heisst, wenn wir früher mal etwas tun, wir haben eine bessere Situation, als wir erwarten, und die Frage ist nicht, ob wir Massnahmen treffen müssen. Die Frage ist nur wann, und der Bundesrat hat heute entschieden, dass es ist besser jetzt als später, weil es minimiert auch die negativen Konsequenzen. Das Positive in diesem Kontext: wir haben diese Informationsvorsprung und die andere positive Nachricht, das ist die Impfung. Die Impfung beginnt wirklich mal sich zu verteilen in der Schweiz",de
seg_00006,train,CH,2021-01-13,subnational level,explaining/sharing responsibility,Die Kantone sind dafür zuständig,de
seg_00007,test,CH,2021-01-13,,credit claiming,"Wir haben immer mehr Dosen, wir haben jetzt schon zwei Zulassungen, die da sind, es gibt uns eine gute Situation zu den nächsten Wochen.",de
seg_00008,train,CH,2021-01-13,citizens,shifting responsibility,"Der Bundesrat ist sich bewusst, meine Damen und Herren, es wird von uns allen seit Monaten enorm viel abverlangt. Und diese Massnahmen sind sehr einschneidend wir wissen auch, dass die Coronamüdigkeiten im Zoom und wir müssen wirklich das gemeinsam schaffen das heisst Massnahmen jetzt treffen damit man hier wirklich eine Perspektive wirklich schaffen kann für den Frühling und nicht umgekehrt, nicht umgekehrt und das auch mit der Chance eine gute Entwicklung bei der Impfung zu haben umso wichtiger ist in diesen Zeiten auch die Solidarität.",de
seg_00009,train,CH,2021-01-13,,credit claiming,"Wir sind nicht mittendrin in einer Explosion, wir sind vorher, das ist genau die grosse Differenz, mit der Entwicklungen, die wir letztes Jahr erlebt haben. Diesmal haben wir diese Vorsprung Wissensvorsprung Informationsforschung",de
seg_00010,test,CH,2021-01-13,subnational level,explaining/sharing responsibility,"Aber ich kann hier auch noch einmal erinnern, die Kantone, die können, die dürfen weitergehen, als was der Bund vorsieht, wenn es notwendig sein soll. Die Kantone könnten auch grundsätzlich die Skigebiete schliessen, das habe ich vorher noch vergessen zu erwähnen.",de
seg_00011,train,CH,2021-01-13,,credit claiming,und wir haben das heute reduziert und auch auf die 2-Haushalte-Regelung verzichtet. Mit 5 sind wir schon sehr tief.,de
seg_00012,train,CH,2021-01-13,subnational level,shifting responsibility,"Ja, vielen Dank für diese Frage. Wir haben noch keine, ich glaube definitive Retour von den Kantonen dazu, sie ist klar, eine Aufgabe der Kantone, wir sind da in engen Kontakt für diese, für diese Fragen, und wir werden das viel davon aus, bald bekommen können.",de
seg_00013,train,CH,2021-01-13,subnational level,shifting responsibility,"Und es gehört auch an die Kantone, da zu schauen, was es bedeutet, für die für die Schulen. Wir sind da auch im engen Kontakt, und wir können auch mit den Analysen, die wir haben, mit der Information, die wir jeden Tag neu bekommen, über was bedeutet dieses neuen Virus. Das können wir, wir sind im engen Kontakt mit Kantonen dazu.",de
seg_00014,train,CH,2021-01-13,subnational level,explaining/sharing responsibility,"Oui je crois que dans ce domaine-là, je peux répéter ce que je disais tout à l'heure. Les cantons ont donné un très clair signal que c'est effectivement l'activité, c'est la responsabilité des cantons que de regarder comment gérer la situation avec les écoles obligatoires et poste obligatoire et nous avons pleine confiance dans ce que font les cantons dans ce domaine. Alors cela dit, le Conseil fédéral a discuté de cela récemment. Nous avons écrit aux cantons pour avoir aussi dans le fond un retour de leur part sur ce qu'ils pensent faire avec cette situation et nous attendons maintenant ce retour pour une prochaine discussion.",fr
seg_00015,train,CH,2021-01-13,subnational level,shifting responsibility,et nous attendons maintenant ce retour pour une prochaine discussion.,fr
seg_00016,train,CH,2021-01-13,,credit claiming,"je dois vous dire jusqu'à la fin ou à la moitié du mois de décembre, nous avions tous les signaux qui étaient assez positifs, hein. On avait un virus qui était là, on a pris des mesures pour garder le taux de reproduction à un et on a eu le premier vaccin qui était autorisé. On a des bonnes conditions pour avoir l'arrivée de doses de vaccin en janvier dans notre pays, donc on était sur un très bon chemin avec la volonté de pouvoir vacciner rapidement les groupes à risque de manière très rapide au début et puis ensuite d'avoir l'accès pour l'ensemble de la population à la vaccination parce que nous estimons que c'est un élément important, très important, décisif peut-être pour nous sortir de cette situation.",fr
seg_00017,train,CH,2021-01-13,citizens,explaining/sharing responsibility,"nous voyons dans les données sur la mobilité et les comparaisons avec le début de l'année qu'il existe encore un potentiel et ces données sur la mobilité, évidemment, tiennent compte de différents éléments, mais aussi du télétravail et on a clairement le sentiment qu'il reste encore un certain potentiel.",fr
seg_00018,train,CH,2021-01-13,subnational level,explaining/sharing responsibility,zweiter Punkt. Die Kantone sind zuständig für die Schulen noch einmal,de
seg_00019,train,CH,2021-01-13,subnational level,explaining/sharing responsibility,"Dans le domaine de la santé, j'aimerais rappeler ici que les cantons ont la responsabilité de garantir l'approvisionnement. On demande beaucoup de choses à la Confédération, mais faut pas oublier Monsieur Stocker le disait tout à l'heure, nous fonctionnons dans des structures fédéralistes et l'approvisionnement en matière de soins est une affaire qui relève de l'activité des cantons. Ils font tout ce qu'ils peuvent pour ça et des hôpitaux.",fr
seg_00020,train,CH,2021-01-13,,credit claiming,"Et il nous semble que la situation actuelle de ce point de vue-là, elle permet de fonctionner aujourd'hui avec les mesures que nous prenons, il s'agit justement d'éviter d'avoir plus de personnel infecté, plus d'absence, plus de problèmes dans ce domaine-là. Et nous sommes convaincus que, avec les mesures qui devraient permettre de garder une situation sous contrôle",fr
seg_00021,test,CH,2021-01-13,,credit claiming,"Mais avec cela, il me semble que tout ça fait une immense différence d'ailleurs avec la situation d'il y a 6 ou 8 mois. Nous avons tout sur la table pour avoir une situation aussi sur le plan des institutions qui fonctionne bien.",fr
seg_00022,train,CH,2021-01-13,subnational level,explaining/sharing responsibility,Nous avons tout sur la table pour avoir une situation aussi sur le plan des institutions qui fonctionne bien.,fr
seg_00023,test,CH,2021-01-13,citizens,blaming,"Ich glaube, der Fall Wengen zeigt auch, was passieren kann, wenn es man kann das auch nicht vergleichen, in andere Fälle, aber trotzdem es ist passiert und es hat auch negativen Auswirkungen oder die dauernde Sache, die wir lieber nicht gesehen hätten wollen sehen, ja",de
seg_00024,train,CH,2021-01-13,,credit claiming,"weil wir versuchen nach wie vor pragmatisch einen Weg zu finden mit dieser Entwicklung. Aber wir haben über die Schliessung von Hotels zum Beispiel nicht gesprochen, oder wir haben von Schliessung von anderen Einrichtungen nicht gesprochen,",de
seg_00025,train,CH,2021-01-13,,credit claiming,"Wir machen sehr viel Sequenzierung, das hat uns erlaubt, das zu folgen in der Schweiz, wie es geht, und das erlaubt uns zu sagen, wir haben jetzt die Situation, die UK Anfang Dezember hatte und da wir früher sind, wir hoffen auch, dass es erlaubt, weniger strengere Massnahmen zu nehmen und da einen Weg damit zu finden, aber würden wir das ständig beobachten wie immer und allenfalls reagieren müssen.",de
seg_00026,train,CH,2021-01-13,,credit claiming,"Die Frage noch einmal mehr ist nicht ob, die Frage ist wann und je früher, desto besser auch für die Gesellschaft, für die Kosten, für die Wirtschaft und für die Gesundheit, das ist genau der Punkt,",de
seg_00027,train,CH,2021-01-13,,credit claiming,"wir haben einen Wissensvorsprung, es ist einfach, dass durch diese Sequenzierungen, wir wissen, wir können das vergleichen mit einer Situation, wo wir sind, wir haben 6 Wochen, 7 Wochen Differenz mit UK, das hatten wir bis jetzt nie in der Vergangenheit mit dieser Pandemie",de
seg_00028,train,CH,2021-01-27,,credit claiming,"vous l'avez constaté ce matin, on semble voir un effet aussi des mesures qui ont été prises encore le 13 janvier en tout cas on commence, on devrait commencer à les voir dans les chiffres. Comme vous le voyez, les nouveaux cas évoluent avec toujours une diminution, elle est moins forte que dans les semaines passées, mais ça continue de diminuer. C'est également le cas pour les hospitalisations et le nombre de décès, mais ça diminue plus lentement qu'auparavant. Nous avons maintenant ce matin une incidence sur 14 jours de 305 cas pour 100’000 habitants et on est donc repassé hier pour la première fois depuis octobre sous la barre des 2000 cas en semaine. Pendant le weekend, c'est un petit peu différent, mais en semaine, c’était le cas aujourd'hui, 2222 cas, je crois qu'on peut dire que c'est quelque chose de de réjouissant.",fr
seg_00029,train,CH,2021-01-27,,credit claiming,grâce aux multiples séquençages qui sont réalisés dans notre pays,fr
seg_00030,test,CH,2021-01-27,citizens,shifting responsibility,"la Confédération a autorisé les tests de personnes asymptomatiques et nous devons constater sur les 5-6 dernières semaines, 6 dernières semaines même, que ça a été trop peu utilisé et la Confédération a décidé enfin, le Conseil fédéral a décidé ce matin que la Confédération prendrait désormais en charge le coût de ces tests. Il s'agit d'une incitation en fait, pour dire utilisez plus ces tests dans les EMS, dans les écoles, dans les hôtels, dans les entreprises, partout où cela peut aider, utilisez les plus. Et puis s’il faut que la Confédération prenne cela en charge pour créer une incitation, Eh bien nous avons pris cette décision ce matin. Aujourd'hui, ça a été trop peu utilisé durant les 5-6-7 dernières semaines et nous souhaitons que cela change",fr
seg_00031,test,CH,2021-01-27,,credit claiming,le Conseil fédéral a décidé ce matin que la Confédération prendrait désormais en charge le coût de ces tests.,fr
seg_00032,train,CH,2021-01-27,subnational level,shifting responsibility,"Les cantons pour pouvoir faire appel à cette possibilité, doivent évidemment présenter un concept à l’OFSP pour montrer où, quand et comment ils prévoient de faire ces tests.",fr
seg_00033,test,CH,2021-01-27,citizens,shifting responsibility,"il y a évidemment alors au-delà du 7e, au 10e jour, l'obligation de porter le masque vraiment au-delà des obligations habituelles, ça veut dire dès qu'on est hors de chez soi jusqu'à la fin de la quarantaine officielle de 10 jours et de respecter évidemment scrupuleusement les règles d'hygiène et de distance.",fr
seg_00034,train,CH,2021-01-27,subnational level,explaining/sharing responsibility,une demande des cantons et donc suite à l'inscription de cette possibilité dans la loi COVID en décembre dernier,fr
seg_00035,train,CH,2021-01-27,,credit claiming,"Dernier élément pour les pharmacies, nous avons décidé ce matin de prendre en charge les coûts de vaccination par les pharmacies.",fr
seg_00036,train,CH,2021-01-27,,credit claiming,"Der Bund wird ab morgen auch die Kosten von Test an Personen keine Symptome haben, übernehmen die Möglichkeit für Asymptomatischen sich testen zu lassen ist vorhanden seit Dezember, da wir seit Dezember genug Test haben, es ist aber viel zu wenig benutzt worden, genutzt worden, wir wollen einen Anreiz schaffen und wir machen das mit dieser Übernahme der Kosten.",de
seg_00037,train,CH,2021-01-27,subnational level,explaining/sharing responsibility,"Wir haben auch diesen neuen Virusvarianten, die verdoppelt sich nach wie vor jede Woche, wir verfolgen das sehr, sehr genau und wir machen das auch sehr in Kontakt mit der Kantone",de
seg_00038,train,CH,2021-01-27,,credit claiming,"ich glaube mit der Entscheide des Bundesrats heute haben wir auch wieder mal einen guten Schritt gemacht, um eine bessere Begleitung dieser Pandemie zu haben und um besser noch die Situation im Griff zu haben für die nächsten Zeit, die sehr wichtig sind wegen der Entwicklung der Varianten und auch, weil wir die Impfkampagne haben, die läuft gerade jetzt, und die muss auch weiter so laufen. Danke",de
seg_00039,train,CH,2021-01-27,citizens,explaining/sharing responsibility,ou une volonté de le faire puisque la personne concernée doit payer le test elle-même.,fr
seg_00040,train,CH,2021-01-27,citizens,blaming,"um wirklich diesen Anreiz zu schaffen, weil die Möglichkeit, die besteht seit Wochen ist, aber wirklich nicht benutzt worden",de
seg_00041,train,CH,2021-01-27,subnational level,shifting responsibility,"Ja, die Altersheime, das ist wirklich Sache der Kantone. Wir wiederholen das seit sehr lange und es muss auch so bleiben und die Spitäler, die sind auch Sache der Kantone, ich meine, das muss auch so bleiben.",de
seg_00042,test,CH,2021-01-27,citizens,blaming,"Wir haben einfach wirklich auch gehofft, dass die einfach mit der Lockerung der Möglichkeiten ab Dezember ab dem Moment, wo es genug Test gab, das ist wirklich sehr stark benutzt wird und wir müssen feststellen, das ist nicht der Fall",de
seg_00043,train,CH,2021-01-27,subnational level,shifting responsibility,"die Übernahme durch den Bund und deswegen die Kantone, die müssen auch ein Konzept präsentieren. Ich meine das, es ist nicht, um etwas ineffizient zu fördern, es ist im Gegenteil um etwas sehr effizient zu fördern, das heisst vor allem, dass es benutzt wird, wo es wirklich etwas bringt, um noch einmal besonders gefährdeten Personen zu schützen, besser zu schützen oder um Ausbrüche im Kontroll, im Griff zu nehmen.",de
seg_00044,train,CH,2021-01-27,subnational level,shifting responsibility,"deswegen ist es notwendig, dass die Kantone ein Konzept auch präsentieren für die Übernahme der Kosten, und das wird auch Fall pro Fall werden wir das diskutieren können, um zu sehen wo es wirklich Sinn macht.",de
seg_00045,train,CH,2021-01-27,citizens,shifting responsibility,"dass zum Beispiel den Test um sich vorhanden Quarantäne zu befreien, nach 7 Tage, das wird auch nicht übernommen, das ist auch zulasten der Person, die, die diesen Weg sucht.",de
seg_00046,train,CH,2021-01-27,citizens,shifting responsibility,Et il ne s’agit encore une fois pas ici de prendre en charge la totalité de tous les tests qui pourraient être souhaitables sur le plan privé.,fr
seg_00047,train,CH,2021-01-27,citizens,shifting responsibility,Ça dépendra vraiment de la réalisation de ces tests,fr
seg_00048,train,CH,2021-01-27,citizens,shifting responsibility,"Es ist aber vorgesehen, dass die Person, die reist, sich melden muss.",de
seg_00049,train,CH,2021-01-27,citizens,shifting responsibility,aber die Person muss das wirklich erfüllen.,de
seg_00050,train,CH,2021-01-27,,credit claiming,"Ich glaube, dazu kann man schon sagen, dass die Situation hat sich positiv entwickelt in den letzten Wochen und Monaten und wir haben jetzt eine Anzahl von neuen Fällen, die wirklich so tief ist wie nicht mehr, seit ich glaube Oktober oder so. Das ist per se sehr positiv und wir sind sehr froh, mit dieser Entwicklung.",de
seg_00051,train,CH,2021-01-27,,credit claiming,"dank der Sequenzierungen, die wir in der Schweiz machen",de
seg_00052,train,CH,2021-01-27,,credit claiming,"Aber noch einmal nein, wir haben heute eine Situation, die uns auch erlaubt, Verhaltensoptimistisch zu sein, auch wenn man in andere Länder anschaut.",de
seg_00053,train,CH,2021-01-27,,credit claiming,"Ein Wort vielleicht dazu, ganz am Anfang, als wir da sehr oder zu wenig testen hatten, hatten wir schon damals 50‘000 Schnelltests pro Tag. Also wir sind sehr viel, viel, viel höher jetzt.",de
seg_00054,train,CH,2021-01-27,subnational level,shifting responsibility,"Ich gehe davon aus, dass das hier da auch eine Frage für die Kantone sein und vor allem für die Kantonsärzte, die das vorbereiten müssen und die das auch mal in einen realistischeren Weg mal finden müssen, damit es geht. Aber ich glaube, meiner Meinung nach gibt es keine Untergrenze",de
seg_00055,train,CH,2021-01-27,subnational level,shifting responsibility,"Je ne veux pas faire d'analyse pour savoir pour quelle raison ça a été trop peu réalisé durant les 6 dernières semaines, c'est tout simplement un fait, on l'a trop peu utilisé et c'était je crois, à juste titre demandé aussi sur le plan fédéral, qu'on en fasse beaucoup plus pour tester. Et les gens, le personnel et les visiteurs, là où il y a des personnes qui ont des risques particuliers, qui vivent notamment par exemple dans les homes pour personnes âgées. Et maintenant avec cette situation, nous donnons la même possibilité à tous les cantons de définir un concept et d'agir pour avoir un meilleur suivi dans ce type de situation.",fr
seg_00056,train,CH,2021-01-27,subnational level,shifting responsibility,"Ja, wir verfolgen diese Situation mit der EDK und die Kantone sehr genau. Die Kantone haben immer auch klar gesagt, dass die Schulen und wie es geht, das ist eine Sache der Kantone, wir sehen das auch genau gleich auf Bundesebene, das ist der erste Punkt. Zweiter Punkt mit dieser Möglichkeit jetzt viel breiter zu testen zuerst einmal und auch mit der Entwicklung, mit dem Varianten, wo die Quarantäne auch sehr konsequent durchgeführt wird durch die Kantone, aber wir eine Situation, die, ja, klar, vielleicht unangenehm sein kann für gewisse Einrichtungen, für gewisse Schulen, aber das führt noch nicht unbedingt einfach automatisch dazu, dass man alle Schulen mal mal schliessen sollte. Muss man schon sehen, was es hat, auch für Auswirkungen. Und der Bundesrat hat das auch, ich glaube letzte Woche das letzte Mal das auch haben diskutiert nach einer Retour oder ein Brief der Kanton und wir sind zum Schluss gekommen, dass die Situation, haben wir im Griff, und die Kantone, die wissen, wie es geht, so zu tun, sehr angepasst an die eigene Situation?",de
seg_00057,train,CH,2021-01-27,,credit claiming,Et donc nous avons évidemment une stratégie pour la Suisse qui est adaptée à la réalité géographique et sociale du pays.,fr
seg_00058,train,CH,2021-01-27,citizens,explaining/sharing responsibility,"Wir verlangen keinen negativen Test von Leuten, die von Gebieten kommen, die nicht aus die Risikogebiete sind, ausser für die Leute die mit einem Flugzeug kommen.",de
seg_00059,train,CH,2021-01-27,subnational level,explaining/sharing responsibility,"Pour le reste c'est une demande des cantons cela et c'est pour faciliter en fait là où c'est nécessaire pour eux, la mise en œuvre de ces règles. En réalité, c'est une possibilité qu'ils avaient déjà obtenu dans le cadre du droit d'urgence, de la situation extraordinaire au printemps et les cantons à l'automne ont demandé que cette possibilité existe à nouveau. Elle a été pour cela réintroduite dans la loi COVID durant la session de décembre. Et donc nous pouvons aujourd'hui, à la demande des cantons, avec le soutien du Parlement dans le cadre de la loi COVID, réintroduire cette possibilité pour les autorités de poursuite.",fr
seg_00060,train,CH,2021-02-17,,credit claiming,je crois qu'on peut le voir les efforts qui ont été réalisés durant les dernières semaines et les derniers mois payent.,fr
seg_00061,train,CH,2021-02-17,citizens,praising,"J'ai déjà eu, nous avons déjà eu avec le Conseil fédéral l'occasion de le dire, la population dans son ensemble a été très respectueuse, très disciplinée pendant les phases un peu délicates des fêtes de fin d'année.",fr
seg_00062,train,CH,2021-02-17,,credit claiming,"Ça nous a permis de commencer l'année avec une situation qui n'était pas si mauvaise et l'évolution actuellement, elle est bonne. Nous avons eu en un mois maintenant une division par 2 du nombre de nouvelles infections. Nous avons également une détente sur le front des hospitalisations, des personnes, du nombre de personnes aux soins intensifs et en parallèle, Eh bien la vaccination des personnes vulnérables avance",fr
seg_00063,train,CH,2021-02-17,,credit claiming,"Dans l'ensemble, nous avons pris des mesures, elles sont connues, elles ont été dans l'essentiel ou pour l'essentiel moins contraignantes qu'à l'étranger. Malgré ça, nous avons une situation qui évolue de manière positive encore une fois parce que les consignes ont été bien respectées, sont bien respectées.",fr
seg_00064,test,CH,2021-02-17,citizens,praising,"parce que les consignes ont été bien respectées, sont bien respectées.",fr
seg_00065,train,CH,2021-02-17,citizens,shifting responsibility,"Il faut être clair à ce sujet en disant, nous souhaitons pouvoir réouvrir, mais pour que ça fonctionne, il faut évidemment que l'ensemble de la population continue à être attentive, à se protéger, à respecter les règles et les gestes qui nous protègent des infections. La situation reste fragile.",fr
seg_00066,train,CH,2021-02-17,subnational level,explaining/sharing responsibility,"Nous avons donc envisagé, nous proposons maintenant dans une consultation qui doit être transmise encore aux cantons, de lever certaines mesures dès le 1er mars. Il y aura une décision définitive mercredi prochain. Je rappelle ici que cette consultation est une obligation fixée dans la loi sur les épidémies, donc c'est une évidence qu’il y a toujours une consultation avant de prendre des mesures.",fr
seg_00067,train,CH,2021-02-17,subnational level,explaining/sharing responsibility,"Donc nous passons à un rythme tendanciellement de 4 semaines pour pouvoir voir quel est l'effet des mesures prises, quelle est la situation avant d'envisager le prochain pas en sachant qu'il faudra toujours également pour cela consulter les cantons",fr
seg_00068,test,CH,2021-02-17,,credit claiming,"Ça fait d'ailleurs une assez grosse différence avec le printemps 2020 dans lequel nous étions dans la situation extraordinaire et où théoriquement il n’y avait pas besoin de consulter les cantons, même si on l’a toujours fait.",fr
seg_00069,train,CH,2021-02-17,,credit claiming,"donc ça montre bien que nous sommes très attentifs à ce qui se passe dans le cadre intérieur, à l'intérieur des bâtiments, parce que nous savons que c'est là que les risques sont les plus importants et nous souhaitons avoir la stabilité pour permettre de le faire dans un 2e temps de manière à ne pas créer non plus trop d'incertitudes pour celles et ceux qui sont concernés.",fr
seg_00070,train,CH,2021-02-17,,credit claiming,"Es gibt schon diese Entwicklung, die der Bundesrat heute mal angeschaut hat, wir haben eine Positive, eine Auslandslage, die sich verbessert hat in der letzten Wochen, das Dank einer sehr gute Entwicklung auch mit einer sehr gute Umsetzung der Bevölkerung von der Massnahmen, die uns schützen und das erlaubt jetzt langsam Richtung Lockerungen zu gehen, um mit einem Plan um aus dieser Situation zu kommen, mit Etappen",de
seg_00071,train,CH,2021-02-17,citizens,praising,"Dank einer sehr gute Entwicklung auch mit einer sehr gute Umsetzung der Bevölkerung von der Massnahmen, die uns schützen",de
seg_00072,train,CH,2021-02-17,subnational level,explaining/sharing responsibility,"Eine erste Etappe, die in die Konsultation bei den Kantonen heute geht, für eine erste Lockerung am 1. März",de
seg_00073,train,CH,2021-02-17,,credit claiming,"On a aussi retenu la leçon de l'année dernière, il y a eu beaucoup d'insistance pour réouvrir plutôt les restaurants, on l'a fait au début du mois de mai et moi je me souviens très très bien avoir eu énormément de retours de gens qui disaient: Écoutez comme ça on peut pas travailler. Vous nous demandez de travailler dans des conditions où on peut pas travailler et si aujourd'hui on disait aux restaurants, bon Ben utilisez votre terrasse et essayez de vous en sortir économiquement avec ça, c'est naturellement difficile.",fr
seg_00074,test,CH,2021-02-17,subnational level,shifting responsibility,"On a notamment dans les stations de ski cette problématique qui se pose, c'est contraire à l'ordonnance aujourd'hui c'est contraire au droit et donc nous allons rappeler encore une fois aux cantons que ça n'est pas aujourd'hui possible.",fr
seg_00075,train,CH,2021-02-17,,credit claiming,"On est le seul pays, je crois assez loin à la ronde qui a à la fois ouvert ses stations de ski, qui a laissé des hôtels ouverts et puis dans lequel on peut aussi en take away allez se restaurer dans un endroit",fr
seg_00076,train,CH,2021-02-17,subnational level,explaining/sharing responsibility,"Donc on n'a pas prévu de différences régionales aussi pour éviter les problèmes que ça poserait aux cantons en termes de concurrence problématique entre eux, lorsque les cantons avaient les choses dans les mains et qu'ils pouvaient décider d'ouvrir ou de fermer à chaque fois qu'ils fermaient quelque chose",fr
seg_00077,train,CH,2021-02-17,subnational level,blaming,"lorsque les cantons avaient les choses dans les mains et qu'ils pouvaient décider d'ouvrir ou de fermer à chaque fois qu'ils fermaient quelque chose et bien ça précipitait toute leur population dans les mêmes activités dans le canton d’à-côté et on a vu des exemples assez spectaculaires où dans le fond, l'épidémie évoluait, voyageait d'un canton à l'autre, si je peux le dire ainsi. Puis à la fin, montait partout, donc nous n'avons pas prévu ce type de choses pour l'instant.",fr
seg_00078,train,CH,2021-02-17,subnational level,explaining/sharing responsibility,das noch vorbereiten vorher mit Vernehmlassung der Kantone,de
seg_00079,train,CH,2021-02-17,citizens,shifting responsibility,"es wird auch gesagt worden, wie hoch wissen wir es nicht, es ist aber matchentscheidend, dass die Bevölkerung weiterhin mitmacht, sehr engagiert, wie bis jetzt, damit es gut gehen kann.",de
seg_00080,train,CH,2021-02-17,,credit claiming,"Ich habe vorher gesagt es ist immer wieder eine Frage von abwägen gewesen für die Massnahmen die übrigens viel weniger stark oder weniger stark sind als den umliegenden Ländern sogar wenn man über ein Jahr vergleicht muss man das schon auch sehen und dann auch mit starken Unterstützung, die wir vorgesehen haben.",de
seg_00081,train,CH,2021-02-17,citizens,blaming,"einmal mehr für diejenigen, die es vergessen haben, was passiert ist in Italien letzten Jahres, wenn Portugal hat uns gerade vor 2-3 Wochen erinnert, wie es gehen kann und das wollen wir wirklich verhindern.",de
seg_00082,test,CH,2021-02-17,,credit claiming,"haben wir jetzt viel mehr Erfahrung, über wie man sich schützen kann, es funktioniert auch immer besser, würde ich mal sagen, und dazu kommt auch noch die Impfung",de
seg_00083,train,CH,2021-02-17,,credit claiming,"À ma connaissance, les choses se passent assez bien avec le traçage, on a maintenant l'ensemble des cantons, ça vous pouvez confirmer (montrant M. Mathys, OFSP), qui sont reliés aussi à la Datenbank donc on a une idée assez précise de ce qui se passe. C'est une bonne évolution. Cela dit, ça reste un travail extrêmement, extrêmement exigeant, mais avec le niveau de d'infection que nous avons aujourd'hui avec le taux de positivité aussi relativement bas, nous avons actuellement une assez bonne situation sur le plan du contrôle de la pandémie.",fr
seg_00084,test,CH,2021-02-17,subnational level,praising,"on a maintenant l'ensemble des cantons, ça vous pouvez confirmer (montrant M. Mathys, OFSP), qui sont reliés aussi à la Datenbank",fr
seg_00085,train,CH,2021-02-17,subnational level,shifting responsibility,"Bleibt jetzt eine Frage, der Präsident hat es gesagt, über die Altersheime, wir erwarten jetzt von sämtlichen Kantone Konzepte, um wirklich, dass diese Testung, Entwicklung bei der Altersheims sehr rasch und sehr stark zu entwickeln.",de
seg_00086,train,CH,2021-02-17,citizens,shifting responsibility,"on constate évidemment que les mesures qui ont été mises en place au fil du temps et dans la 2e partie et maintenant dans cette nouvelle année, ont moins d'effet sur la réduction de la mobilité que c'était le cas l'année dernière",fr
seg_00087,test,CH,2021-02-17,subnational level,explaining/sharing responsibility,"Cette consultation, je le rappelle, est ouverte auprès des cantons.",fr
seg_00088,train,CH,2021-02-17,,credit claiming,"Ein Punkt, dass ich Ihnen die Lieferungen, das ist die Beschaffungspolitik, die wir seit jetzt einem Jahr wirklich vorbereitet haben und umgesetzt haben, und diese Beschaffungspolitik hat uns erlaubt, das ist auch bekannt, schon 2 Impfungen zugelassen und in der Umsetzung in der Schweiz zu haben, mit Mengen, die sich entwickeln, sehr rasch und sehr, sehr positiv in den nächsten Monaten, wenn alles gut geht",de
seg_00089,test,CH,2021-02-17,subnational level,explaining/sharing responsibility,"wir sind da in einem sehr engen Kontakt mit der Kantone, um das mal zu melden, wie es geht, damit die Kantone sich auch gut vorbereiten können für diese Umsetzung",de
seg_00090,test,CH,2021-02-17,,credit claiming,"ich glaube bis jetzt, es geht nicht so schlecht",de
seg_00091,train,CH,2021-02-17,citizens,shifting responsibility,"wo, es gibt auch eine Wille, eine Wille von der Bevölkerung, sich impfen zu lassen, es muss geimpft werden",de
seg_00092,train,CH,2021-02-17,citizens,praising,"weil die Bevölkerung sich wirklich gut an die Massnahmen hält. Das ist wirklich zu verdanken noch einmal. Wissen Sie, ich bekomme, wir bekommen alle sehr sehr viele Briefe, sehr viele Mails, sehr viele Kontakte, wir können nicht persönlich an alle mal eine Antwort bringen oder wir lesen, was kommt. Und 5 Minuten vor der Pressekonferenz. Ich war noch ein Mail bekommen von einer Frau von L‘Orient und sie schreibt am Ende: „et comme beaucoup d’autres, je continue de suivre les consignes à la lettre“. Das hilft, das ist wahrscheinlich Match entscheidend.",de
seg_00093,test,CH,2021-02-17,citizens,shifting responsibility,Chaque personne vaccinée en plus va nous aider,fr
seg_00094,train,CH,2021-02-17,citizens,shifting responsibility,"notamment aussi avec cet appel à la population à dire, nous prenons un certain risque aujourd'hui parce qu'on veut vivre, on veut pouvoir vivre, ouvrir, faire ces pas. Mais il faut vraiment que chacune, chacun se sente vraiment responsable de sa situation, fasse attention à bien se protéger et à être prudent.",fr
seg_00095,train,CH,2021-02-17,citizens,shifting responsibility,c'est aussi un élément qui doit nous rappeler que le comportement individuel et comment on se comporte reste très important.,fr
seg_00096,train,CH,2021-02-17,,credit claiming,"C'est une mesure très dure mais très efficace pour contrôler ou pour mieux maîtriser l'évolution de l'évolution de la pandémie. Ça, c'est le premier élément et le 2e élément, je crois qu’on s'est toujours adressé à la population de manière aussi transparente que possible. Aussi avec nos doutes, avec ce qu’on ne savait pas, on a toujours été clair et là aujourd'hui, on est très clair aussi",fr
seg_00097,test,CH,2021-02-17,citizens,shifting responsibility,"on veut faire ces pas, on prend un certain risque mais ça ne fonctionnera que si vraiment on est par ailleurs extrêmement strict avec le suivi de ces règles : la distance, le masque, se laver les mains, désinfecter les mains aussi souvent qu'on peut le faire pour éviter les transmissions du virus",fr
seg_00098,test,CH,2021-02-17,citizens,praising,"moi je crois que c'est assez bien respecté. Je dois vous dire, on n'a pas eu d'explosion sur les fêtes de Noël alors qu'on craignait et ça s'est passé dans d'autres pays.",fr
seg_00099,train,CH,2021-02-17,citizens,praising,Au contraire je trouve au contraire qu'on a une population qui dans le fond est très très disciplinée par rapport à tout ça.,fr
seg_00100,train,CH,2021-02-17,citizens,shifting responsibility,Et ce sera d'autant plus important durant les semaines qui arrivent.,fr
seg_00101,train,CH,2021-02-24,subnational level,explaining/sharing responsibility,il y a une consultation qui a eu lieu auprès des cantons et nous avons à la fin de cette consultation ce matin fait un bilan global de la situation bien sûr sur les propositions à la consultation,fr
seg_00102,test,CH,2021-02-24,,credit claiming,"La mortalité est également en baisse et la campagne de vaccination se déroule donc les perspectives sont bonnes, on va vers le mieux vraiment avec cette évolution",fr
seg_00103,train,CH,2021-02-24,,credit claiming,"Ja, noch vielleicht auf Deutsch kurz, um zu sagen, dass die Situation ist jetzt... Es hat sich verbessert.",de
seg_00104,test,CH,2021-02-24,,credit claiming,wir haben auch gesagt mit dem Bundesrat und wir bestätigen das heute: Wir haben eine Strategie die Risikobasiert ist.,de
seg_00105,train,CH,2021-02-24,,credit claiming,"Und wir haben nach der Vernehmlassung gewisse Anliegen, die man sehr viel gehört hat in den letzten Tagen gehört, nicht alle, aber ein Teil davon ist berücksichtigt worden durch den Bundesrat, heute zum Beispiel Zeitpunkt der nächsten Öffnungsschrittes früher als mal gedach vorher, auch eine Erleichterung für junge Erwachsene bis 20 Jahre alt, für Sport und Kultur und auch bei den Menschenansammlungen im Freien",de
seg_00106,test,CH,2021-02-24,,credit claiming,"weil parallel dazu ja funktioniert auch, oder entwickelt sich auch die Impfkampagne, es gibt uns guten Perspektiven für die nächsten Wochen und Monate.",de
seg_00107,train,CH,2021-02-24,subnational level,blaming,"es ist einmal klar, wenn der Bundesrat heute gesagt hat, mit dieser Strategie, die wir gut erklären können, dass die Terrassen draussen, die sind nicht offen im Moment, mit dem Bundesrecht sie müssen auch nicht offen sein",de
seg_00108,train,CH,2021-02-24,subnational level,explaining/sharing responsibility,"Ich glaube die Konsultation sind wirklich da, um alle Meinungen zu holen und dann in der Entscheidungsprozesses des Bundesrats zu integrieren. Und das ist wirklich sehr ernsthaft gemacht worden, diese Integration, und wir haben dazu wie der Bundespräsident, das es gesagt hat, in ziemlich vielen Punkte wirklich das entwickelt",de
seg_00109,train,CH,2021-02-24,,credit claiming,"das Entgegenkommen hat nicht die privaten Veranstaltungen im Freien betroffen, aber Sport und Kultur, es war noch vor einer Woche auf 5 fixiert und haben wir auf 15 erweitert heute Morgen im Bundesrat.",de
seg_00110,train,CH,2021-02-24,,credit claiming,"die Impfkampagne die sich entwickelt, das ist auch ein Game Changer, ist ja noch nicht so weit, aber es entwickelt sich gut",de
seg_00111,test,CH,2021-02-24,subnational level,blaming,"es ist auch klar, ich meine, wir versuchen eine Pandemie zu bewältigen, und wenn wir etwas fixieren, bewusst mit dem Gesamtbundesrat, dann es muss gelten, und wir erwarten schon, dass es umgesetzt, dass es umgesetzt wird. Es gab vielleicht in der Vergangenheit Unterschiede, bringt Interpretationen, so dass ich jetzt mal geklärt und wir erwarten jetzt, dass es umgesetzt wird.",de
seg_00112,train,CH,2021-02-24,subnational level,explaining/sharing responsibility,"aber wir haben auch mal gesehen, dass es gab eine Vernehmlassung, es war auch ein Punkt wo wir gesehen haben okay vielleicht können wir das ein bisschen antizipieren",de
seg_00113,train,CH,2021-02-24,,credit claiming,"Jetzt klar wir pushen die Testen soweit wir es können, haben wir die Kriterien gelockert, die Kosten übernommen.",de
seg_00114,train,CH,2021-02-24,subnational level,blaming,"ich muss auch noch verweisen, dass letztes Jahr es gab ab und zu Momente, wo es gab grosse Differenzen zwischen Kantone und es hat nur zu Wirrwarr, Wettbewerbsverzerrungen und Aufregung geführt",de
seg_00115,train,CH,2021-02-24,subnational level,explaining/sharing responsibility,"ich muss auch noch verweisen, dass letztes Jahr es gab ab und zu Momente, wo es gab grosse Differenzen zwischen Kantone und es hat nur zu Wirrwarr, Wettbewerbsverzerrungen und Aufregung geführt, das ist auch noch ein Punkt und mit dieser kleine oder eher kleinere Differenzen, die es jetzt heute gibt zwischen Kanton, es scheint uns im Moment nicht im Vordergrund zu stehen.",de
seg_00116,train,CH,2021-02-24,,credit claiming,"Donc si ça fonctionne comme ça, on aura, je crois, réussi à sortir de cette situation dans de bonnes conditions.",fr
seg_00117,train,CH,2021-02-24,,credit claiming,"Et ça, je crois que c'est un pas important ou des pas importants qu'on a fait. On a essayé dans la mesure du possible de protéger un tout petit peu la situation des jeunes qui sont, qui souffrent quand même fortement de cette situation avec la durée maintenant que tout cela a pris.",fr
seg_00118,train,CH,2021-02-24,,credit claiming,"mais il ne faut pas oublier une chose, on va vers le mieux, on va vers le mieux, les perspectives s'améliorent.",fr
seg_00119,train,CH,2021-02-24,,credit claiming,"avec la vaccination aussi qui se développe, on va vers le mieux",fr
seg_00120,train,CH,2021-02-24,subnational level,explaining/sharing responsibility,"wir mussten merken damals, dass nur schon die Verteilung der Kompetenzen zwischen Bund und Kanton war überhaupt nicht geklärt.",de
seg_00121,test,CH,2021-02-24,subnational level,explaining/sharing responsibility,"in föderalistischen Strukturen, ich glaube, wir haben schon eine ziemlich präzise Idee, wie es funktioniert mit Umsetzung von Recht, was es bedeutet, wenn es gibt eine Bundesverordnung in diesem Bereich. Und wie vorher gesagt, ich glaube, es gab bis jetzt einige Interpretationsprobleme und Interpretationsunterschiede. Der Bundesrat hat das heute mal geklärt für heute und es wäre für mich wirklich ziemlich neu, dass man bewusst einfach nicht sich an diese Rechtsgrundlagen hält. Ich glaube, es wird gehen. Ich glaube keine Sekunde, dass die Kantone einfach nur da sagen, wir wollen einfach kein Bundesrecht mehr respektieren, es ist nicht so, ich glaube nicht.",de
seg_00122,train,CH,2021-02-24,subnational level,explaining/sharing responsibility,"Ich gehe davon aus, noch einmal, dass es wird respektiert, die werden schliessen. Es ist nicht so, dass es gibt Interventionsmitteln zwischen Bund und Kantonen. Es gibt keine Interventionsmittel, weil seit sehr lange wir haben uns immer auch so verstanden, sind in Kontakt und auch wenn nicht alle wirklich einen Entscheid akzeptieren, es wird doch trotzdem respektiert und umgesetzt und es wäre mir völlig neu, wenn das nicht mehr funktionieren sollte, ab dem Moment, wo es gab, dort wo es gab Interpretationsfragen ab dem Moment wo es geklärt worden is",de
seg_00123,train,CH,2021-02-24,,credit claiming,"Und wenn ich die ersten Teil der Frage verstanden, es geht um die Covid App oder? Die nicht funktionieren sollte, meiner Meinung nach sie funktioniert. Ich muss Ihnen sagen, ich bin auch selber einmal da getroffen worden. Ich habe eine Meldung mal bekommen und wir müssen dann mal schauen, was es bedeutet. Ich meine es soweit ich es weiss, es funktioniert.",de
seg_00124,train,CH,2021-02-24,citizens,shifting responsibility,"das es ist einfach nicht so, dass Alle aber die covid App heruntergeladen und klar auch dass dann ist es freiwillig bei den Menschen die einen Code bekommen das einzugeben oder nicht",de
seg_00125,train,CH,2021-03-12,citizens,shifting responsibility,"Ce que nous voyons, c'est que la situation épidémiologique actuelle n'est malheureusement pas celle que nous souhaitions. Nous avons aujourd'hui des cas qui stagnent depuis quelques jours ou semaines, voire même qui augmentent maintenant, si on regarde du 9 au 11 mars, les nouvelles infections par jour étaient 20% plus élevées que la semaine précédente. C'est un jour de comparaison qui ui est valable et nous voyons dans ce cadre-là également que 3 valeurs cibles sur 4 sont déjà dépassées, notamment l'incidence à 14 jours qui est supérieure aujourd'hui à celle du premier mars. Le taux de positivité qui a augmenté le taux de reproduction qui est supérieur à un.",fr
seg_00126,test,CH,2021-03-12,citizens,shifting responsibility,"Cette vague sera plus forte si on multiplie les contacts suite aux ouvertures, elle sera moins forte si on est extrêmement prudent aussi dans les comportements individuels et là rappelle quelque chose que je dis depuis que nous disons avec le Conseil fédéral depuis longtemps, mais je vais répéter chaque mot 2 fois, parce que c'est important : distance, distance, masque, masque, hygiène des mains, hygiène des mains.",fr
seg_00127,test,CH,2021-03-12,,credit claiming,"Cela dit, parce que nous avons aussi une évolution de la stratégie depuis le début de l'année, il nous paraît possible aujourd'hui, avec ces mises en garde, en étant très attentif, de pouvoir envisager des ouvertures malgré cette situation très instable",fr
seg_00128,train,CH,2021-03-12,citizens,explaining/sharing responsibility,"il nous paraît possible aujourd'hui, avec ces mises en garde, en étant très attentif, de pouvoir envisager des ouvertures malgré cette situation très instable, pour autant qu'on soit extrêmement attentif dans nos comportements individuels et collectifs,",fr
seg_00129,test,CH,2021-03-12,subnational level,explaining/sharing responsibility,"ouvrir une consultation auprès des cantons sur la 2e étape d'assouplissement. Le Conseil fédéral, et c’est connu déjà depuis longtemps, rediscutera de cette situation le 19 mars pour prendre une décision définitive tenant compte de la situation épidémiologique, bien sûr de la consultation, en rappelant qu’il n’y a pas d'automatisme.",fr
seg_00130,train,CH,2021-03-12,subnational level,explaining/sharing responsibility,C'est une discussion qu'on mène avec les cantons avant de prendre une décision en fin de semaine prochaine,fr
seg_00131,train,CH,2021-03-12,citizens,shifting responsibility,"Et ce que nous souhaiterions dire à ce stade, c'est que quand on parle de responsabilité individuelle, que même si les activités sont ouvertes, on doit faire attention à ses contacts, un des éléments qui peut beaucoup nous aider pour l'ensemble de la société, c'est de déplacer à l'extérieur tout ce qui peut être déplacé à l'extérieur",fr
seg_00132,train,CH,2021-03-12,citizens,explaining/sharing responsibility,"tout ça, ce sont des adaptations de comportement dans la situation actuelle qui peuvent aussi aider à maîtriser la situation",fr
seg_00133,train,CH,2021-03-12,,credit claiming,"mais à partir du 15 mars donc dès lundi, tous les tests de personnes qui ont des symptômes seront pris en charge",fr
seg_00134,train,CH,2021-03-12,citizens,shifting responsibility,"wir können diese Entwicklung sehr stark beeinflussen, wir können diese Entwicklung sehr stark beeinflussen",de
seg_00135,train,CH,2021-03-12,citizens,shifting responsibility,"das heisst, es ist auch sehr stark abhängig, wie wir uns verhalten in dieser Entwicklung auch auf persönliche Ebene",de
seg_00136,test,CH,2021-03-12,subnational level,explaining/sharing responsibility,"Das heisst, trotz dieser fragile Situation, wir eröffnen eine Vernehmlassung mit einer nächste Öffnungsschritt. Werden wir nächsten Freitag wieder mal mit dem Bundesrat darüber diskutieren können.",de
seg_00137,test,CH,2021-03-12,,credit claiming,"Testoffensive ist da bestätigt worden heute Morgen ab 15. März. Sämtliche Kosten für Schnelltests, auch für Personen ohne Symptome, würden durch den Bund übernommen und auch hinzu die das Ziel, dass in Einrichtungen, Unternehmungen, Schulen auch zu viel mehr Teste, zu mehr Teste kommt.",de
seg_00138,test,CH,2021-03-12,,credit claiming,"Nous avons dans ce sens-là pour le premier élément, mener des discussions très tôt déjà avec Pfizer et Moderna",fr
seg_00139,train,CH,2021-03-12,,credit claiming,"Et donc nous avons été bien sûr en contact avec Lonza. Nous avons été bien sûr aussi en contact avec Moderna. Et nous avons fait ce qu'il s'agit de faire en pareilles circonstances pour avoir accès à un vaccin, nous avons négocié enfin l’Office fédéral de la santé publique a négocié avec Moderna pour la réservation et l'achat de vaccins",fr
seg_00140,train,CH,2021-03-12,,credit claiming,"La bonne nouvelle aussi dans tout ça, c'est qu'évidemment nous avons avec ça, avec cette évolution, parié très tôt sur les vaccins ARN",fr
seg_00141,train,CH,2021-03-12,,credit claiming,on voit que nous avons une très bonne situation imposition avec ces vaccins ARN messager qui semblent être vraiment un élément absolument déterminant pour faire face à la pandémie.,fr
seg_00142,train,CH,2021-03-12,subnational level,explaining/sharing responsibility,Ça va dépendre de la consultation auprès des cantons.,fr
seg_00143,train,CH,2021-03-12,citizens,shifting responsibility,"C'est pour ça qu'il faut vraiment que tout le monde participe. C'est pour ça que j'ai, nous avons rappelé cet appel à respecter les mesures. Que les choses soient ouvertes ou qu'on puisse se rencontrer à 10 à la maison, ne veut pas dire qu'il faut forcément vraiment se rencontrer à 10 tous les soirs à la maison avec à chaque fois des gens différents, on n'est pas obligé de remplir cet objectif de 10, c’est une limite",fr
seg_00144,train,CH,2021-03-12,,credit claiming,on peut le faire parce que nous avons en même temps le fort développement des tests et nous avons aussi le développement de la vaccination,fr
seg_00145,train,CH,2021-03-12,,credit claiming,"les chiffres ne sont pas très bons. Ce n’est pas une catastrophe. Il faut être franc, on peut encore contrôler cette situation",fr
seg_00146,test,CH,2021-03-12,subnational level,explaining/sharing responsibility,daher bringen wir ihn in Vernehmlassung,de
seg_00147,train,CH,2021-03-12,,credit claiming,"auch jetzt noch die Impfkampagne, die sich entwickelt, und das bedeutet, dass wir hier warten schon jetzt, dass die Übersetzung von Anzahl Fälle in Anzahl Hospitalisierung eine andere sein wird, eine bessere sein wird, in der Vergangenheit.",de
seg_00148,train,CH,2021-03-12,,credit claiming,das bringt uns zu diesem Punkt wo wir wirklich ein sehr guter Zugang für zu dieser MRNA-Impfstoffe,de
seg_00149,train,CH,2021-03-12,,credit claiming,"aber dann ich meine die beste Unterstützung für Moderna, aber auch für Lonza und auch für uns, für unsere Bevölkerung war einfach ein Zugang zu dieser Impfstoff zu sichern und daher haben wir einfach sehr rasch dann mit Moderna alles diskutiert und auch reserviert und gekauft.",de
seg_00150,train,CH,2021-03-12,citizens,shifting responsibility,"Et à partir de là, il faut être prudent. C'est la première fois qu'on est confronté à une vague qui est faite du nouveau variant.",fr
seg_00151,test,CH,2021-03-12,citizens,shifting responsibility,"Wir sind jetzt wieder einmal wirklich konfrontiert mit einer Entwicklung, die nicht so gut ist.",de
seg_00152,train,CH,2021-03-12,subnational level,explaining/sharing responsibility,die Kantone haben da nichts dagegen gesagt,de
seg_00153,train,CH,2021-03-12,,credit claiming,"Aujourd'hui, on a d'autres outils en masse, en suffisance avec les tests, c'est pour ça que ça se développe et bientôt vraiment aussi en masse et en suffisance avec la vaccination.",fr
seg_00154,train,CH,2021-03-12,citizens,shifting responsibility,"Et encore pour les tests, je veux dire l'appel vraiment à toutes celles et ceux qui le peuvent, qui le veulent de se faire tester régulièrement, ça nous aide. Mais ce qui va beaucoup aider, Eh bien, ce sont aussi les comportements individuels. Ce n’est pas parce qu'on dit aujourd'hui on retourne à la réouverture de certains éléments qu'il faut juste tout remplir tout le temps, c'est aussi lié à une forme dans le fond de responsabilité individuelle face à cette évolution collective qui reste assez difficile avec la pandémie.",fr
seg_00155,train,CH,2021-03-12,subnational level,shifting responsibility,das ist jetzt abhängig von der Vernehmlassung,de
seg_00156,test,CH,2021-03-12,,credit claiming,"Und wir waren, ich glaube, mit dem Bundesrat immer sehr ehrlich in dieser Entwicklung, wir haben immer versucht zu sagen, alles was wir wissen, auch was wir nicht wissen und einfach keine Erwartungen zu schaffen, ohne mal wirklich gute Hinweise zu haben, dass es in diese Richtung geht",de
seg_00157,train,CH,2021-04-28,,credit claiming,la situation dans notre pays est actuellement assez stable,fr
seg_00158,train,CH,2021-04-28,citizens,shifting responsibility,"On n'est pas du tout hors de contrôle et ça va fonctionner, ça peut continuer de fonctionner si on continue d'avoir une grande attention aux gestes qui protègent et à continuer à être très prudent dans cette phase",fr
seg_00159,test,CH,2021-04-28,subnational level,explaining/sharing responsibility,"le 2e élément, c'est que les événements doivent être autorisés par le canton où ils se déroulent",fr
seg_00160,test,CH,2021-04-28,citizens,shifting responsibility,"on peut que encore une fois, comme l'a fait le président de la Confédération, encourager chacune, chacun à réfléchir à la vaccination, à se faire vacciner, c'est actuellement notre meilleur atout pour nous protéger, pour retrouver le chemin vers la normalité et pour aussi continuer à lever les mesures, ouvrir les mesures de protection et donc pour sortir de cette crise.",fr
seg_00161,train,CH,2021-04-28,subnational level,explaining/sharing responsibility,"Und der Bundesrat will den Organisatoren deshalb möglichst früh eine gewisse Planungssicherheit, um den Kantonen eine Entscheidungshilfe geben.",de
seg_00162,train,CH,2021-04-28,subnational level,explaining/sharing responsibility,"Alors la première chose, c'est que le Président de la Confédération l'a dit, il faut une base légale pour que les cantons puissent également autoriser ces manifestations, parce qu'il faut qu'ils aient une base légale pour pouvoir offrir également un soutien.",fr
seg_00163,test,CH,2021-04-28,,credit claiming,"donc on leur amène avec cet outil, une sécurité de planification.",fr
seg_00164,train,CH,2021-04-28,subnational level,praising,"Ich glaube wir waren immer sehr mit dem Bundesrat, mit der kantone sehr flexibel in dieser Krise",de
seg_00165,test,CH,2021-04-28,,credit claiming,"Ich glaube wir waren immer sehr mit dem Bundesrat, mit der kantone sehr flexibel in dieser Krise",de
seg_00166,train,CH,2021-04-28,citizens,praising,"aber die Impfung, die geht auch gut vorwärts.",de
seg_00167,train,CH,2021-04-28,,credit claiming,ça montre bien qu'on aura fait des pas absolument énormes.,fr
seg_00168,train,CH,2021-04-28,citizens,praising,ça montre bien qu'on aura fait des pas absolument énormes.,fr
seg_00169,train,CH,2021-04-28,citizens,shifting responsibility,"Es ist nicht nur eine Selbstdeklaration, es braucht wirklich ein Test, der auf den Covid Zertifikat kommen kann und es braucht einfach einige, nicht so kompliziert, einige Bedingungen zu erfüllen dazu.",de
seg_00170,train,CH,2021-04-28,subnational level,shifting responsibility,"Et là il s'agit de voir aussi dans les cantons qui vont faire ces essais pilotes, qu'est-ce qu'on peut apprendre de ces cas ? Est-ce que par exemple il est facile de tester beaucoup de monde à l'entrée ou pas ? Comment est-ce qu'on peut faire pour garantir que les personnes puissent faire la démonstration qu'elles ont été testées si c'est nécessaire, ce type de choses.",fr
seg_00171,train,CH,2021-04-28,subnational level,explaining/sharing responsibility,"donc dans la mesure où ces essais pilotes sont limités entre 300 et 600 personnes, alors on peut imaginer que dans certains cantons peut-être qu'il y en a aucun qui va être réalisé ou peut être un ou peut-être pas du tout et qu'on va demander au canton voisin quelles sont les expériences réalisées et que dans le canton de Zurich que vous mentionnez ou dans des grands cantons, eh bien les 3 soient utilisés, il s'agit vraiment de l'acquisition d'expériences et on parle de l'idée qu'avec 3 tests par canton, ça fait théoriquement quand même presque 80 sur l'ensemble du pays, on doit pouvoir accumuler assez d'expérience durant ce mois de juin pour voir comment vraiment le mettre en place pendant l'été",fr
seg_00172,train,CH,2021-05-12,,credit claiming,je crois qu'on peut dire aujourd’hui 12 mai 2021 qu'elle est assez encourageante. Vous avez vu encore aujourd'hui que les cas continuent de diminuer dans notre pays.,fr
seg_00173,train,CH,2021-05-12,,credit claiming,"Ce que le Conseil fédéral a fait avec la décision du 14 avril dernier qui était quand même un pas assez important, entré en vigueur le 19 avril, n'a pas conduit à une explosion de cas. Au contraire, on a pu avoir une poursuite de l'évolution assez favorable",fr
seg_00174,train,CH,2021-05-12,subnational level,praising,"Et dans l'intervalle, bientôt tous les cantons qui ouvrent la vaccination à toutes les personnes à partir de 16 ans.",fr
seg_00175,train,CH,2021-05-12,citizens,explaining/sharing responsibility,"Eh bien, elle a porté ses fruits aussi parce que nous avons cette évolution avec la vaccination et en même temps avec une population dans notre pays, nous le pensons qui respecte les gestes barrières, qui fait attention au port du masque, qui fait preuve d'une grande prudence dans cette évolution et cette prudence elle est d'autant plus importante maintenant parce que de nombreuses personnes dans notre pays sont en attente de la vaccination.",fr
seg_00176,train,CH,2021-05-12,citizens,shifting responsibility,ce n’est vraiment pas le moment de les mettre ou de se mettre en danger. Il faut pouvoir au contraire poursuivre avec la vaccination,fr
seg_00177,train,CH,2021-05-12,subnational level,explaining/sharing responsibility,"Et nous avons pu voir ce matin que ce modèle, ce plan en 3 phases est soutenu par les cantons et nous l'avons donc définitivement approuvé ce matin",fr
seg_00178,test,CH,2021-05-12,subnational level,explaining/sharing responsibility,"Et bien sûr, ça ouvre aussi la possibilité de nouveaux assouplissements et nous souhaitons maintenant avec un peu d'avance, nous souhaitons maintenant consulter les cantons, les partenaires sociaux, les commissions parlementaires vont certainement s'y intéresser aussi sur une prochaine étape d'assouplissement.",fr
seg_00179,test,CH,2021-05-12,citizens,shifting responsibility,"Pour autant, effectivement que la situation le permette et que nous continuons à avoir une évolution favorable avec l'ensemble de la population qui se tient aux règles fixées, qui respecte ces règles et puis avec une évolution qui est favorable, quelques éléments de détail peut être sur le paquet d'ouverture proposé.",fr
seg_00180,train,CH,2021-05-12,subnational level,shifting responsibility,"Dans la formation supérieure, on a la levée de la limite de 50 personnes en présentiel pour les universités par exemple, sous condition d'un concept de test et autorisation du canton.",fr
seg_00181,test,CH,2021-05-12,,credit claiming,mais actuellement on est dans la bonne direction,fr
seg_00182,train,CH,2021-05-12,subnational level,explaining/sharing responsibility,c'est une décision qui sera prise sur la base des éléments que nous aurons à disposition après la consultation,fr
seg_00183,train,CH,2021-05-12,citizens,shifting responsibility,"Très important, la liste des coordonnées des clients, les contacts et là on attend vraiment, on est en train de faire un pas important et nous avons vraiment besoin dans le fond de la collaboration de toutes et tous, toutes celles et ceux qui vont au restaurant au café doivent vraiment jouer le jeu parce qu'on sait qu'on a affaire là à un pas extrêmement important et non seulement celles et ceux qui vont au restaurant, mais aussi toutes celles et ceux qui tiennent des cafés ou des restaurants.",fr
seg_00184,train,CH,2021-05-12,citizens,shifting responsibility,"Mais c'est d'autant plus important de vraiment inciter de vraiment porter le masque à l'intérieur quand on n'est pas en train de consommer, y compris assis, parce que là, effectivement, nous savons que c'est une situation qui peut être délicate si on reste longtemps sans masque dans un cadre fermé.",fr
seg_00185,train,CH,2021-05-12,,credit claiming,"wie Sie es wissen, wir haben genügend Impfstoff gekauft für 2021, und wir sind sehr gut positioniert, nur mit MRNA Impfstoffe, es gibt nicht so viele Länder auf der Welt, die einfach nur MRNA Stoffe haben, und es ist auch ein Teil der guten Entwicklung, glauben wir, dass wir jetzt im Moment haben.",de
seg_00186,train,CH,2021-05-12,,credit claiming,"das Departement des Innern, ist beauftragt worden durch den Bundesrat die nötigen Abklärungen zu treffen, um 3 Millionen Dosen dem Covacs Programm zur Verfügung zu stellen. Es ist noch kein definitiver Entscheid, es ist aber mal die Aussicht oder die Schau wie im Voraus schauen ob es möglich ist und wie es zu machen wäre, und das würde auch bedeuten, dass die Schweiz würde damit auch einen Beitrag zur weltweiten Eindämmung der Pandemie leisten können.",de
seg_00187,train,CH,2021-05-12,,credit claiming,"Das ist eine sehr erfreuliche Nachricht. Ich meine mit diesem Dreieck und diese Paradigmenwechsel vom Bundesrat im Februar, aber dieses Dreieck, Testung, Impfung und Lockerungen funktioniert bis jetzt mindestens, funktioniert es und wir können auch damit weiter arbeiten",de
seg_00188,test,CH,2021-05-12,citizens,praising,"auch weil, und das ist der zentrale Punkt, der zentralste Punkt, auch weil die Leute in unserem Land wirklich vorsichtig sind und auch sehr gut mitmachen, sehr viele haben schon eine erste Impfung gehabt oder haben einen Termin für eine erste Impfung oder einen Termin für den zweiten Impfung.",de
seg_00189,test,CH,2021-05-12,citizens,shifting responsibility,"Es ist nicht der Moment, wo man sich anstecken muss oder anstecken sollte, weil dann es verschiebt einfach das Ganze und macht das Ganze mehr kompliziert und ich glaube, das ist auch noch ein Punkt, wir sind wirklich in einem Moment, der sehr wichtig ist für die Impfung, und das ist auch noch ein Punkt, das ich noch hier erwähnen wollte.",de
seg_00190,test,CH,2021-05-12,citizens,shifting responsibility,"La situation actuelle semble vraiment satisfaisante, mais il faudrait aussi voir que, en fonction de la mobilité des gens, en fonction aussi de la fin du home Office, ça a aussi des conséquences sur dans le fond, tout le fonctionnement des magasins nationalement",fr
seg_00191,train,CH,2021-05-12,,credit claiming,"Ja, wenn eine Pandemie uns etwas gelernt hat, es gibt nie eine absolute Zusicherung, es gibt einfach alles, was man machen kann, um die Sicherheit zu hoch zu bringen, dass das es gut geht und wir haben bis jetzt aber schon beweisen können, dass es ist auch machbar",de
seg_00192,train,CH,2021-05-12,citizens,shifting responsibility,"ab dem Moment, wo alle Impfwilligen geimpft sind",de
seg_00193,train,CH,2021-05-12,citizens,explaining/sharing responsibility,"auch Masken Maske zu tragen in der ÖV vielleicht noch für einen Moment bleibt, weil wir haben auch dann ab Anfang der dritte Phase noch sehr viele Leute, die nicht geimpft sind. Und auch ein Teil, die sich nicht impfen lassen kann, lassen darf, nämlich die die Jugendlichen und die Kinder. Und da müssen wir auch vorsichtig gehen.",de
seg_00194,train,CH,2021-05-12,citizens,blaming,"weil wir haben auch dann ab Anfang der dritte Phase noch sehr viele Leute, die nicht geimpft sind",de
seg_00195,test,CH,2021-05-12,,credit claiming,"Auch weil wir haben auch eher positive Signale für die Impfung, gegenüber die Mutationen bis jetzt. Und wir haben auch sehr gute Signale für die Booster oder diese frische neue Impfung auch mit Integration der Mutation, aber wir uns dafür auch vorbereitet und das sollte uns erlauben, wirklich eine Stabilität auch im Herbst und im Winter zu erziehen.",de
seg_00196,train,CH,2021-05-12,,credit claiming,"Zweiter Punkt, wir sind daran, alles zu tun, damit auch die Impfung zur Verfügung kommt für die Kinder oder für die Eltern, die für den Kindern es wollen. Und es gibt auch gute Signale dass es auch bald zur Verfügung kommen könnte.",de
seg_00197,train,CH,2021-05-12,citizens,shifting responsibility,"Noch ein letzter Punkt, wenn es gibt eine grosse Impfbereitschaft, bei dem Erwachsenen, das heisst im Moment oder ab 16 sagen wir, wo die Impfung erlaubt ist, dann wenn die Impfrate sehr hoch geht, es wird einfach die Zirkulation des Virus nach unten dämpfen und es schützt auch die Kinder denn, weil es zirkuliert weniger.",de
seg_00198,train,CH,2021-05-12,citizens,shifting responsibility,"dass mit der Entwicklung der Impfung, man wird immer mehr Leute haben, die geimpft sind und es ist auch klar, dass es rechtfertigt auch die Lockerung der Massnahmen",de
seg_00199,train,CH,2021-05-12,,credit claiming,"wir merken, dass es aus unterschiedlichen bekannten Gründen sehr stark auf MRNA Impfstoffe gekauft letztes Jahr und wir merken jetzt, dass es ist eine Strategie, die die uns wirklich hilft in der heutigen Situation.",de
seg_00200,train,CH,2021-05-12,,credit claiming,"wir haben wirklich die Technologie, die zuerst einmal die wirksamsten Impfungen gebracht hat zu dieser Situation, am schnellsten auf dem Markt waren und wir wissen auch, dass sind auch die schnellsten für die Integration von Mutationen. Das heisst, es ist glaube sehr klar, das sind die besten Impfungen, die uns die Stabilität bringen können vor allem in den Momenten, wo es wieder mal schwieriger werden könnte, das heisst mit einer Verbreitung von Mutationen im Herbst oder im nächsten Winter in unserem Land.",de
seg_00201,train,CH,2021-05-12,citizens,shifting responsibility,"Und gerade deswegen ist es so wichtig, auf die Maskentragung zu insistieren in den Innenräumen. Und genau deswegen, man kann nicht einfach sagen im Innenräume in Restaurant ja diese Maske, egal, das ist nicht so lustig, brauchen wir das nicht.",de
seg_00202,train,CH,2021-05-12,subnational level,praising,"Ich muss ihnen erinnern, dass ab jetzt ist die Impfung in fast sämtliche Kantone bald für die Personen ab 16 eröffnet. Das heisst, es wird sehr rasch für diejenigen, die es wollen eine einen Zugang zur Impfung zu haben für die nächsten Wochen.",de
seg_00203,train,CH,2021-05-12,citizens,shifting responsibility,"Ja, wenn ein Grossteil nicht mehr rauffrischen machen würde, dann würde sich einfach die Pandemie wieder mal entwickeln, wie jedes Jahr",de
seg_00204,train,CH,2021-05-12,citizens,shifting responsibility,"ab dem Moment wo die Impfung da ist, wo es ist angeboten die Möglichkeit sich zu verimpfen dann Eigenverantwortung. Die Person, die sich nicht verimpfen lassen will. Dann ma foi, Ich kann auch sich anstecken und vielleicht auch mal einmal krank werden wie alle waren mal auch mit der Grippe vielleicht einmal krank, dann ab dem Moment aber wo die Impfung da ist und stabil und wirklich zur Verfügung steht für diejenigen, die es wollen, einmal mehr, es ist, es lässt nicht mehr einfach Schliessungen oder grosse Einschränkungen zu rechtfertigen",de
seg_00205,train,CH,2021-05-12,citizens,praising,"wir haben jetzt eine viel langsamere oder viel kleinere Zirkulation des Virus ab dem Moment, wo alle die Impfwilligen oder ziemlich guten Teil der Bevölkerung auch geimpft ist",de
seg_00206,train,CH,2021-05-12,citizens,shifting responsibility,"Et puis je vous rappelle que ces modifications qui devraient entrer en vigueur au mois de juin, en fait, à partir du 31 mai, interviennent à un moment où la population a vraiment un accès large à la vaccination.",fr
seg_00207,train,CH,2021-05-12,subnational level,praising,"Presque tous les cantons, je l'ai dit, ont ouvert la vaccination à partir de 16 ans.",fr
seg_00208,train,CH,2021-05-12,citizens,shifting responsibility,"certainement à partir de la phase 3 de toute façon, parce que là on est dans une phase où après on aura toutes celles et ceux qui ont souhaité être vaccinés, qui auront pu l'être. On part de l'idée qu'on aura une circulation du virus beaucoup plus faible. On sera en été, on aura certainement des personnes qui vont continuer aussi à se faire vacciner durant le reste de l'année, on aura les plus jeunes plus tard aussi, les enfants, enfin, pour celles et ceux qui le qui le souhaitent.",fr
seg_00209,test,CH,2021-05-12,,credit claiming,"ce n’est pas une expérimentation, mais je dois vous rappeler que nous serons certainement les premiers assez loin à la ronde à faire ce pas comme on a été les premiers d'ailleurs assez loin à la ronde à ouvrir les terrasses au mois d'avril.",fr
seg_00210,train,CH,2021-05-12,citizens,praising,"Et on voit que ça peut fonctionner parce que la population, parce que les gens font très attention.",fr
seg_00211,train,CH,2021-05-12,citizens,explaining/sharing responsibility,"Et donc cet équilibre que nous avons, bah il y a ce triangle avec les tests, la vaccination et les ouvertures, mais aussi le fait qu’on demande toujours vraiment beaucoup d'efforts à la population. On est très conscient de ça, mais de continuer à faire attention, à être prudent, à savoir un peu comment on s'infecte, puis à essayer de l'éviter.",fr
seg_00212,train,CH,2021-06-11,,credit claiming,"Nous avançons bien sûr pas à pas, mais enfin ça avance bien et on peut redire ici que la situation épidémiologique s'améliore",fr
seg_00213,train,CH,2021-06-11,citizens,praising,"Et cette bonne évolution, cette bonne situation, nous la devons avant tout à la prudence dont fait preuve la population, à la vaccination qui avance à un rythme soutenu",fr
seg_00214,train,CH,2021-06-11,,credit claiming,"Ces vaccins donc, sont disponibles en suffisance. Ils sont gratuits pour toute la population et ils sont efficaces à plus de 95%.",fr
seg_00215,train,CH,2021-06-11,subnational level,explaining/sharing responsibility,"Donc aujourd'hui, on a mis en consultation des mesures qui seront en consultation durant les prochains jours pour une décision un peu plus tard avec un allégement du port du masque, avec des capacités pour les magasins, restaurants, installations sportives et loisirs qui sont augmentés, avec la réouverture sous condition des discothèques, avec les conditions également pour la tenue des grandes manifestations qui vont être simplifiées.",fr
seg_00216,train,CH,2021-06-11,subnational level,blaming,"Donc aujourd'hui ouverture de la consultation et décision le 23 juin, c'est ce qui est prévu pour laisser un peu de temps aussi aux cantons pour la consultation",fr
seg_00217,train,CH,2021-06-11,subnational level,shifting responsibility,avec le rappel que ce sont les cantons là qui peuvent fixer des mesures si c'est nécessaire.,fr
seg_00218,train,CH,2021-06-11,citizens,shifting responsibility,"Il y a pas d'obligation d'être assis, ni obligation de porter le masque, simplement faire attention à ne pas mélanger différents groupes d'invités.",fr
seg_00219,train,CH,2021-06-11,subnational level,shifting responsibility,"Pour les restaurants, il reste important la collecte des coordonnées des clients à l'intérieur et à l'extérieur de manière à pouvoir effectuer, c'est pour les cantons, c'est pour que les cantons puissent effectuer le contact tracing en cas de nécessité.",fr
seg_00220,test,CH,2021-06-11,,credit claiming,"Voila, zum Schluss ja, es sieht gut aus, es sieht gut aus, wir sind in der Situation, wo wir auch zuversichtlich die nächsten Wochen mal schauen können",de
seg_00221,train,CH,2021-06-11,,credit claiming,"ich glaube, man kann schon dazu sagen, die Ziellinie ist in Sichtweite.",de
seg_00222,train,CH,2021-06-11,,credit claiming,"Aber wir machen genau das und ja, ich meine, jeder Schritt, was wir jetzt gemacht haben, hat eine ziemlich grosse Lockerung gemacht, wieder mal das nächste Mal mit dieser Eröffnung der Vernehmlassung heute. Und ja, ich meine die Richtung stimmt.",de
seg_00223,test,CH,2021-06-11,,credit claiming,"Vor 10 Tage oder 12 Tage in etwa wir waren am Ende der Moment wo wir die vulnerablen Personen geimpft haben und es war der wirklich grosse Startbeginn, grosser Beginn für den Zugang zur Impfung für alle, das heisst, wenn man hinter uns schaut, wir sind… Ich meine vor 3-4 Wochen wir waren in eine völlig andere Situation und wir müssen das nicht vergessen und aber dann, ich glaube sehr bald werden wir auch diese Diskussion wieder führen können. Es gibt auch gilt auch die Aufhebung des Maskentragen Pflicht an dem Arbeitsplatze, ich glaube, das ist auch eine ziemlich grosse Erleichterung für die Leute die arbeiten",de
seg_00224,train,CH,2021-06-11,,credit claiming,"wir haben ich glaube dazu ein ziemlich grosser Schritt das letzte Mal gemacht und wir gehen davon aus, dass mit 30 im Innenraum und 50 draussen sind wirklich die überwiegende Mehrheit der Situation schon gedeckt",de
seg_00225,train,CH,2021-06-11,subnational level,shifting responsibility,je sais qu'il n'y a pas de pratique actuellement complètement homogène dans les cantons pour le fait de savoir si on met ces autocollants dans le carnet de vaccination jaune ou pas,fr
seg_00226,train,CH,2021-06-11,subnational level,explaining/sharing responsibility,"Zweiter Punkt, es braucht immer wieder eine Vernehmlassung und das Ziel ist auch mal eine gewisse Zeit zu lassen zur Vernehmlassung. Ich könnte mich auch allenfalls wirklich vorstellen, dass das Projekt jedoch ein bisschen anders sein am Ende der Vernehmlassung als am Anfang, ganz logisch, weil die Kantone und alle diejenigen, die damit machen werden, werden uns schon mal aufmerksam machen auf Punkte, die vielleicht nicht kongruent sind oder die man noch korrigieren kann.",de
seg_00227,train,CH,2021-06-11,,credit claiming,"Und haben wir jetzt wirklich diese Schritte, diese grosse Schritte jetzt immer grösser, immer wieder gemacht, mit einem gewissen Abstand, um mal zu sehen, was ist die ja Wirkung oder Auswirkung der Schritte, die vorher gekommen ist.",de
seg_00228,train,CH,2021-06-11,,credit claiming,"Ja, es ist ein Thema, in dem wir haben schon die Arbeiten lanciert für eine Übergabe an Covax. Wir sind seit dem Anfang an Covax mit beteiligt. Wir sind seit dem Anfang mit Singapur, übrigens auch als sehr starke Unterstützer für Covax dabei und auch wenn Covax einen ziemlich schweren Stand oder?",de
seg_00229,train,CH,2021-09-08,citizens,praising,"Ja, wir sind gemeinsam seit 18 Monate in dieser nicht einfachen Situation. Und kann man schon hier sagen, wir haben zusammen sehr viel erlebt und wir haben auch grosse Fortschritte gemacht. Am Anfang, es war schwierig mit den Schliessungen, mit der Restriktionen und die ab und zu auch brutal waren damit der Maske fast überall, damit der Testung dann mit der Impfung, die gekommen ist seit einige Monate und jetzt mit der Möglichkeit ein Zertifikat zu nutzen und ich glaube wir konnten in dieser schwierigen Situation trotz allem viele Erfolge auch sehen und es hat letztendlich zugunsten unserer öffentlichen Gesundheit, unsere Gesellschaft und auch unsere Wirtschaft gelohnt.",de
seg_00230,test,CH,2021-09-08,,credit claiming,"Ja, wir sind gemeinsam seit 18 Monate in dieser nicht einfachen Situation. Und kann man schon hier sagen, wir haben zusammen sehr viel erlebt und wir haben auch grosse Fortschritte gemacht. Am Anfang, es war schwierig mit den Schliessungen, mit der Restriktionen und die ab und zu auch brutal waren damit der Maske fast überall, damit der Testung dann mit der Impfung, die gekommen ist seit einige Monate und jetzt mit der Möglichkeit ein Zertifikat zu nutzen und ich glaube wir konnten in dieser schwierigen Situation trotz allem viele Erfolge auch sehen und es hat letztendlich zugunsten unserer öffentlichen Gesundheit, unsere Gesellschaft und auch unsere Wirtschaft gelohnt.",de
seg_00231,train,CH,2021-09-08,citizens,blaming,"On a aujourd‘hui presque 300 personnes qui sont aux soins intensives, nous avons une très forte majorité des lits disponibles qui sont complètement occupés, à moitié par des patients covid et ce qui est très frappant et vous le savez déjà, c’est que dans toutes les hospitalisations et en particulier aux soins intensifs on trouve plus de 90%, plus de 90% des personnes qui se retrouvent aux soins intensifs, c’est à dire qui luttent pour leur survie, faut savoir de quoi on parle, les soins intensifs c’est pas pour aller se reposer, plus de 90% qui sont aux soins intensifs et donc qui luttent pour leur survie ne sont pas vaccinées et nous avons, je crois que c’est encore le cas aujourd’hui, une majorité de personnes aux soins intensifs qui sont âgés de 30 à 60 ans.",fr
seg_00232,train,CH,2021-09-08,citizens,blaming,"Nous avons dans cette situation le personnel qui est sous très forte pression depuis 18 mois. Dans certains cas qui est exténué, qui ne peut presque plus continuer à travailler, nous avons beaucoup de personnes qui ont quitté, Il n’y a plus de capacité aujourd’hui du tout dans plusieurs cantons, il y a donc des transferts de patients, des reports d’opérations, on ne parle pas d’opérations inutiles, on parle d’opérations comme la prise en charge pour le cancer, ça peut être des prises en charges pour les AVC, pour des prothèses, et il n’est pas question dans ces conditions de risquer un débordement du système de santé, c’est ce qui nous guide évidemment dans cette situation",fr
seg_00233,train,CH,2021-09-08,citizens,blaming,"pourtant nous voyons bien aujourd’hui que nous là encore un peu un pourcentage élevé, trop élevé en fait de la population qui n’a pas d’immunité. Il y a encore 2 millions et demi qui pourraient se vacciner aujourd’hui qui n’ont pas fait ce pas.",fr
seg_00234,train,CH,2021-09-08,citizens,blaming,"ça fait environ 3 millions et demi de personnes, de population dans laquelle le virus peut circuler assez librement, ce qui nous pose naturellement des problèmes alors que nous savons que la vaccination permet de se protéger soi-même, permet de protéger son entourage mais c’est aussi justement protéger les autres et notamment aussi les enfants.",fr
seg_00235,test,CH,2021-09-08,,credit claiming,"je rappelle ici que les vaccins on en a assez, ils sont sûrs, ils sont gratuits",fr
seg_00236,train,CH,2021-09-08,citizens,blaming,"je rappelle ici que les vaccins on en a assez, ils sont sûrs, ils sont gratuits.",fr
seg_00237,test,CH,2021-09-08,citizens,blaming,mais qu’elle n’avance pas assez vite aujourd’hui pour empêcher des nouvelles vagues d’infection.,fr
seg_00238,test,CH,2021-09-08,subnational level,explaining/sharing responsibility,"Et donc la question une fois encore qui se pose à nous, la responsabilité que nous devons prendre avec l’ensemble du Conseil fédéral, avec les cantons et avec tous les acteurs dans le pays, c’est comment faire pour ne perdre le contrôle du système, pour ne pas perdre le contrôle et ne plus pouvoir, ou prendre le risque de ne plus pouvoir soigner celles et ceux qui en ont besoin dans de bonnes conditions et comment faire pour garder aussi des alternatives dans la gestion de cette situation.",fr
seg_00239,train,CH,2021-09-08,citizens,blaming,"pour ne pas perdre le contrôle et ne plus pouvoir, ou prendre le risque de ne plus pouvoir soigner celles et ceux qui en ont besoin dans de bonnes conditions et comment faire pour garder aussi des alternatives dans la gestion de cette situation.",fr
seg_00240,train,CH,2021-09-08,subnational level,explaining/sharing responsibility,"dans la ligne de ce que le Conseil fédéral a envoyé en consultation le 25 août et qui a été d’ailleurs soutenu en consultation, notamment fortement par les cantons.",fr
seg_00241,test,CH,2021-09-08,citizens,blaming,"Soit d’une part de prendre le risque, et ce risque existe, il est réel on le voit aujourd’hui, d’avoir un système de santé, qui est surchargé, qui ne peut plus soigner tout le monde, plus avoir de places aux soins intensifs pour des personnes qui en ont besoin et qui donc décéderaient par un manque de place,",fr
seg_00242,train,CH,2021-09-08,subnational level,shifting responsibility,"par exemple avec l’introduction d’amendes, c’était une demande des cantons",fr
seg_00243,train,CH,2021-09-08,,credit claiming,"vous avec certainement déjà pu le tester, ça fonctionne en fait très bien et très simplement.",fr
seg_00244,train,CH,2021-09-08,citizens,praising,"aujourd’hui, on doit le dire, son utilisation fonctionne très bien",fr
seg_00245,train,CH,2021-09-08,,credit claiming,"aujourd’hui, on doit le dire, son utilisation fonctionne très bien. Il y avait des craintes pour les matchs de foot, ça marche sans aucun problème, pour les discothèques ça marche également bien, et pour celles et ceux qui ont l’occasion de se déplacer au-delà de nos frontières, où il est demandé à peu près partout.",fr
seg_00246,train,CH,2021-09-08,subnational level,shifting responsibility,"Je vous parlais tout à l’heure des souhaits des cantons d’’avoir la possibilité de mettre, de prévoir des amendes.",fr
seg_00247,train,CH,2021-09-08,subnational level,explaining/sharing responsibility,"y a également pour les cantons de mettre des amendes ou de prévoir la fermeture des établissements qui n’appliqueraient pas le certificat, mais là c’est effectivement une responsabilité ensuite des cantons de faire les contrôles et d’appliquer ces éléments, comme ça a été encore rappelé dans le cadre de la consultation.",fr
seg_00248,train,CH,2021-09-08,subnational level,explaining/sharing responsibility,"Pour les cantons ou les hautes écoles, les cantons restent compétents pour les hautes écoles, pour rendre obligatoire le certificat pour les études de niveau bachelor et master",fr
seg_00249,train,CH,2021-09-08,citizens,explaining/sharing responsibility,"de manière à pouvoir identifier les personnes qui rentreraient infectées de l’étranger et pouvoir les isoler rapidement, avec pour les personnes qui pourraient être concernées, la nécessité d’effectuer des tests après leur retour",fr
seg_00250,train,CH,2021-09-08,citizens,explaining/sharing responsibility,"Pour les personnes vaccinées ou guéries, puisque le vaccin protège très bien et la guérison également, pas besoin de se conforter à ces mesures.",fr
seg_00251,train,CH,2021-09-08,citizens,shifting responsibility,"das Zertifikat für genesene, Geimpfte und Getestete ist ein gutes Mittel, der uns wirklich in den nächsten Zeiten erlaubt, einigermassen eine gute Situation zu haben, Es reduziert das Übertragungsrisiko, weil dann nur noch Personen zusammentreffen, die nicht ansteckend sind oder ein geringes Risiko aufweisen ansteckend zu sein",de
seg_00252,train,CH,2021-09-08,citizens,shifting responsibility,"es schützt auch Freiheiten, weil die Alternative, haben wir es schon mal erlebt, leider die Alternative ist die Schliessung, wenn es nicht gut geht und da sollen wir wirklich alles tun, um das zu verhindern, weil dann die negativen Wirkungen, die sind viel brutaler als was wir mal vielleicht sogar aushalten können.",de
seg_00253,train,CH,2021-09-08,,credit claiming,"Ich glaube, haben wir mit der Impfung eine sehr, ein gutes Mittel. Es ist kein Wundermittel, aber immer wieder gesagt, aber ein sehr gutes Mittel, um uns zu schützen, das ist eine gute Sache",de
seg_00254,train,CH,2021-09-08,citizens,blaming,"Ich glaube, haben wir mit der Impfung eine sehr, ein gutes Mittel. Es ist kein Wundermittel, aber immer wieder gesagt, aber ein sehr gutes Mittel, um uns zu schützen, das ist eine gute Sache und es geht bei uns im Moment zu langsam. Wir müssen da wirklich noch schneller und besser arbeiten können, auch weil wir sind jetzt Mitte September und wir haben es in der Hand. Wir haben es in der Hand. Wir wissen ganz genau, dass, falls es weiter so geht wie wir heute, könnten wir mal Oktober, November Probleme vielleicht nicht mehr verhindern können",de
seg_00255,test,CH,2021-09-08,citizens,shifting responsibility,"falls wir es aber jetzt noch schaffen ein Sprung oder ein guter Fortschritt mit der Impfung zu tun, dann aber haben wir viel besseren, viel besseren Perspektiven. Es braucht aber dafür, dass alle wirklich klar mitmachen. Wir haben es wirklich in der Hand, um es zu korrigieren, um es wirklich, um uns wirklich eine bessere Situation, zu organisieren, zu schaffen als Land wirklich gemeinsam in der nächsten Zeit und wenn ab jetzt, es wäre möglich so schnell und so gut zu verimpfen, wie es im Juni der Fall war.",de
seg_00256,train,CH,2021-09-08,citizens,shifting responsibility,"Dann haben wir fast alle, die noch nicht geimpft sind, die würden damit geimpft, ein erstes Mal dann ein zweiter Peak und dann haben wir eine völlig andere Situation. Ich meine als Gesellschaft vor Weihnachten und vor die kälteren Monate des Jahres, wir haben es in der Hand.",de
seg_00257,train,CH,2021-09-08,,credit claiming,"Alors sur l’action au niveau des écoles, vous frappez à la bonne porte, parce que j’ai vraiment je crois au début du mois de juillet pour qu’on mette tout en œuvre pour garantir un suivi précis dans les écoles avec le test, avec les accompagnements, je crois qu’on voit aujourd’hui que c’est une question extrêmement importante.",fr
seg_00258,train,CH,2021-09-08,citizens,shifting responsibility,"Encore un doublement des cas et on est vraiment dans une mauvaise situation, on a plus beaucoup de temps alors que les mois froids arrivent pour garder cette situation sous contrôle pour précisément ne plus devoir revenir à ce qu’on a pas du tout aimé faire, devoir empêcher les activités d’exister, fermer ces lieux, c’est ça qu’on a essayé d’éviter.",fr
seg_00259,train,CH,2021-09-08,citizens,blaming,alors qu’il reste quand même un potentiel de 3.5 millions de personnes dans notre pays où le virus peut circuler assez librement.,fr
seg_00260,test,CH,2021-09-08,citizens,blaming,"Si on a 30-40% de personnes qui veulent ni le vaccin ni les tests, alors je vous promets une pandémie qui va durer assez longtemps.",fr
seg_00261,test,CH,2021-09-08,,credit claiming,Ils ont été pendant longtemps gratuits d’ailleurs et vous aurez remarqué que nous ne sommes pas seuls à faire ce pas. J’ai constaté un peu par hasard d’ailleurs que tous les pays qui nous entourent ou presque tous je pense font également ce pas.,fr
seg_00262,test,CH,2021-09-08,citizens,blaming,était de se demander jusqu’à quand est-ce qu’on peut faire porter à l’ensemble de la collectivité des choix personnels qui sont de se faire tester régulièrement plutôt que de faire le vaccin.,fr
seg_00263,train,CH,2021-09-08,,credit claiming,"Le vaccin c’est une seule fois, ce n’est pas très cher et on a permis de faire ce pas.",fr
seg_00264,train,CH,2021-09-08,citizens,blaming,"da wir wissen, dass mehr als 90%, wenn wir 90% sagen, es ist noch sehr konservativ, es ist klar mehr als 90% der Leute, die auf die Intensivstation sind, das ist das Hauptproblem, das wir im Moment haben, sind sie nicht geimpft",de
seg_00265,train,CH,2021-09-08,citizens,shifting responsibility,"Das heisst, mit der Weiterführung der der Impfung, es wird wirklich uns helfen eine viel bessere Situation zu haben und allenfalls vielleicht auch früher als gedacht, diese Massnahme jetzt Zertifikat aufzuheben.",de
seg_00266,train,CH,2021-09-08,subnational level,explaining/sharing responsibility,"Et le problème là, nous sommes naturellement en étroit contact, ce n’est pas le Confédération qui gère les hôpitaux, ce n’est pas le rôle non plus de la Confédération. La Versorgung, l’approvisionnement en matière de lits d’hôpitaux et de soins, c’est la responsabilité politique des cantons, ensuite il y a une responsabilité particulière soit d’entreprises privées, soit d’entreprises qui sont gérées par les cantons, d’hôpitaux cantonaux, et ce qui nous préoccupe là évidemment, c’est de garantir que ce volet-là soit aussi bien surveillé, que ça se développe bien. J’ai encore eu l’occasion de m’adresser aux cantons à ce sujet, dans la rencontre que nous avons eue avec la GDK il y a 2 semaines maintenant, c’est un sujet constant",fr
seg_00267,test,CH,2021-09-08,subnational level,shifting responsibility,je crois qu’il appartient vraiment à ceux qui gère cet approvisionnement de garantir que ça fonctionne.,fr
seg_00268,test,CH,2021-09-08,,credit claiming,"On a vécu une situation en Suisse où on a suivi un cours assez libéral, assez ouvert, on a eu beaucoup moins de fermeture, beaucoup plus court, beaucoup moins de complications, de choses difficiles que dans les pays qui nous entourent.",fr
seg_00269,train,CH,2021-09-08,citizens,blaming,"Et maintenant que cette 4ème vague arrive, maintenant qu’on a un élément important de la solution avec la vaccination qui reste malgré tout encore trop peu de personnes qui vont faire ce pas",fr
seg_00270,train,CH,2021-09-08,citizens,praising,"il a remercié toutes celles et ceux qui se sont vaccinés, c’est aussi un acte solidaire pour que nous puissions comme société suisse sortir de cette pandémie",fr
seg_00271,train,CH,2021-09-08,citizens,shifting responsibility,"il faut aussi adresser un mot à celles et ceux qui n’ont pas encore fait ce pas, pour les encourager, que c’est un produit qui est sûr, qui est efficace, qui protège bien et qui va nous permettre de sortir de cette situation.",fr
seg_00272,train,CH,2021-09-08,subnational level,explaining/sharing responsibility,nous soutenons les cantons dans ce cadre en leur rappelant aussi quel est leur rôle.,fr
seg_00273,test,CH,2021-09-08,,credit claiming,"weil ich meine die Impfung und die Genesung innerhalb von einigen Monaten, die schützt gut",de
seg_00274,test,CH,2021-09-08,,credit claiming,"Es ist klar der Vorteil, das sind die Massnahmen wirklich aufgehoben",de
seg_00275,train,CH,2021-09-08,citizens,shifting responsibility,"Dann aber Ungeimpften werden sich vor allem unter Ungeimpften anstecken, mit einer gewissen kleinen Beteiligung von Geimpften oder Genesenen, wo es einfach vielleicht die Möglichkeit trotzdem gibt, dass man sich ansteckt, und das ist das Hauptproblem,",de
seg_00276,train,CH,2021-09-08,citizens,blaming,"das ist jetzt wirklich eine Pandemie, die läuft vor allem unter Ungeimpften und die auch andere betrifft, weil es zirkuliert im Moment sehr stark.",de
seg_00277,train,CH,2021-09-08,subnational level,explaining/sharing responsibility,"ich würde einfach nichts sagen zu die Möglichkeit, die die Kantone haben, einfach Veranstaltungen zu bewilligen oder gerade nicht zu bewilligen,",de
seg_00278,train,CH,2021-09-08,,credit claiming,"Aber ich glaube der 3G System, das wir haben, ist auch ein System, der gut funktionieren kann.",de
seg_00279,train,CH,2021-09-08,citizens,shifting responsibility,"Klar aber, dass je höher der Anteil der Getesteten ist, desto auch riskanter ist es, wenn plötzlich eine Person ansteckend wäre, in der Gruppe aber gerade generell mit 3G, wir müssen auch mit diesem Risiko auch leben können.",de
seg_00280,test,CH,2021-09-08,subnational level,explaining/sharing responsibility,"on a prévu maintenant de reprévoir, de remettre en place la collecte des données suite à la demande justement des cantons qui dans certains cas ont vu apparaître des foyers qu’ils n’ont pas pu retracer.",fr
seg_00281,train,CH,2021-09-08,,credit claiming,"ça c’est exactement le genre d’éléments que nous apportent la consultation, c’est des retours dans le fond avec des expériences précises où on a adapté le projet sur ce point.",fr
seg_00282,train,CH,2021-09-08,subnational level,explaining/sharing responsibility,"ça c’est exactement le genre d’éléments que nous apportent la consultation, c’est des retours dans le fond avec des expériences précises où on a adapté le projet sur ce point.",fr
seg_00283,train,CH,2021-09-08,subnational level,shifting responsibility,Vielleicht kann er dazu Herr Engelberger etwas sagen.,de
seg_00284,train,CH,2021-09-08,,credit claiming,"Ce qui me parait par contre extrêmement important et c’est un échange constant avec les cantons,",fr
seg_00285,test,CH,2021-09-08,subnational level,explaining/sharing responsibility,"Ce qui me parait par contre extrêmement important et c’est un échange constant avec les cantons,",fr
seg_00286,train,CH,2021-09-08,citizens,explaining/sharing responsibility,"c’est qu’on constate aujourd’hui que les possibilités de se vacciner dans des centres, ça ne suffit plus. Et ça on le sait depuis longtemps, il faut développer des alternatives. Je crois que Monsieur Engelberger l’a dit tout à l’heure, qu’il soit beaucoup plus décentralisé et qu’il aille beaucoup plus près des personnes qui seraient intéressées à se vacciner mais qui n’ont pas forcément envie de prendre un rendez-vous, un bus et puis d’aller dans un centre de vaccination",fr
seg_00287,train,CH,2021-09-08,citizens,shifting responsibility,"on doit naturellement pouvoir, chaque vaccination supplémentaire est naturellement un peu plus difficile à faire parce qu’il faut aller convaincre quelqu’un de plus, expliquer pourquoi c’est un pas important qu’il faut aujourd’hui faire.",fr
seg_00288,train,CH,2021-09-08,,credit claiming,"ich werde aber noch etwas sagen über die Benutzung des Zertifikats. Man hat den Eindruck, dass es überall kompliziert sei, überhaupt nicht, ist sehr einfach",de
seg_00289,train,CH,2021-09-08,,credit claiming,Wir haben in die Altersheime eine sehr hohe Durchimpfungsrate für Bewohnerinnen und Bewohner das wissen wir,de
seg_00290,train,CH,2021-09-08,subnational level,shifting responsibility,"zweitens, ich meine, es ist wie bei anderen Einrichtungen oder Institutionen wirklich eine Pflicht der Kantone, das vorzusehen.",de
seg_00291,train,CH,2021-09-08,citizens,blaming,Celle que nous menons maintenant vise à protéger notre système de santé alors que nous n’avons pas encore assez de personnes vaccinées pour que ce danger soit écarté,fr
seg_00292,train,CH,2021-09-08,citizens,praising,wo dieses Instrument schon mehr als 5 oder 6 Millionen Mal produziert worden ist.,de
seg_00293,test,CH,2021-09-08,,credit claiming,"die Entwicklung des Zertifikats ist wirklich eine Erfolgsgeschichte. Ich meine, wir waren in der Lage, das sehr rasch mit der notwendigen Stabilität, Qualität zu bringen.",de
seg_00294,train,CH,2021-11-03,,credit claiming,", je crois qu’on peut dire ici que c’est une bonne chose, parce que nous avons global de vaccination dans notre pays qui est haut si on considère ce qu’on attendait il y a encore une année",fr
seg_00295,train,CH,2021-11-03,citizens,shifting responsibility,"mais qui n’est malheureusent pas encore suffisant pour espérer sortir rapidement de la crise, pour espérer éviter une nouvelle vague, grosse vague d’infections et pour espérer pouvoir vraiment lever toutes les mesures sans mettre en danger le système de santé.",fr
seg_00296,train,CH,2021-11-03,citizens,blaming,"Actuellement, 75% des plus de 18 ans sont complètement vaccinés, alors c’est beaucoup mais ca n’est pas encore assez, d’autant plus que le nombre de vaccinations effectué chaque jour diminue et nous avons aussi un trend épidémiologique qui n’est pas très bon actuellement",fr
seg_00297,train,CH,2021-11-03,subnational level,explaining/sharing responsibility,"nous sommes donc convaincus avec les cantons, Confédération et cantons, quûn effort supplémentaire est nécessaire, un effort avant l’hiver, avant les mois qui nous attendent, froids d’hiver, passés plutôt en intérieur, et nous voyons aussi qu^’il faut faire ce pas",fr
seg_00298,train,CH,2021-11-03,subnational level,explaining/sharing responsibility,"pour financer différentes opérations avec des cantons, des communes, des associations, les partenaires sociaux, qui sont responsables de l’organisation,",fr
seg_00299,train,CH,2021-11-03,subnational level,explaining/sharing responsibility,les cantons ont jusqu’à ce soir pour soumettre leurs propositions et leurs offres,fr
seg_00300,train,CH,2021-11-03,subnational level,praising,"nous avons de très bons programmes qui ont déjà été reçus, bientôt d’une majorité de cantons,",fr
seg_00301,train,CH,2021-11-03,citizens,explaining/sharing responsibility,"pour permettre à celles et ceux qui hésiteraient encore de poser des questions, de se renseigner, de vraiment aborder toutes les questions qui seraient encore ouvertes sur les vaccins, sur les effets secondaires, sur les durées de protection, tout ce qu’on peut avoir encore comme question à ce sujet. Deuxième objectif, concerne vraiment le fait de faciliter l’accès à la vaccination pour les personnes qui par manque d’informations ou de temps ne sont pas encore vaccinées.",fr
seg_00302,train,CH,2021-11-03,citizens,shifting responsibility,"es lohnt sich, weil jede Impfung zählt je mehr Menschen geimpft sind desto mehr können wir die Intensivstationen in der Infektionswellen entlasten und nur diese eindrückliche Zahl mit 150 Impfungen kann eine Hospitalisierung auf der Intensivstation vermieden werden.",de
seg_00303,train,CH,2021-11-03,,credit claiming,"diese Impfwoche ist ein sehr gutes Angebot an alle, sich mit der Impfung auseinanderzusetzen",de
seg_00304,train,CH,2021-11-03,citizens,shifting responsibility,Chaque vaccination supplémentaire est un succès dans la situation actuelle. Chaque vaccination supplémentaire est un succès.,fr
seg_00305,train,CH,2021-11-03,citizens,shifting responsibility,"On a encore un peu de potentiel, nous en sommes convaincus, et on souhaite l’utiliser au mieux possible.",fr
seg_00306,train,CH,2021-11-03,subnational level,explaining/sharing responsibility,"wir sind daher mit der Kantone da sehr stark, wie sagt man das, engagiert, um das noch wirklich noch zu tun im November",de
seg_00307,test,CH,2021-11-03,citizens,shifting responsibility,"es ist jetzt wirklich mit dieser Impfoffensive ein Art Last Call für diejenigen, die bereit sind, die sich damit auch befassen und die bereit sind sich impfen zu lassen",de
seg_00308,train,CH,2021-11-03,citizens,shifting responsibility,"Aber für Leute, die nicht genesen sind und keine Antikörper haben, ja das nicht beweisen können mit Serologie, dann die Impfung, die bleibt eine sehr gute Lösung und es gibt noch sehr viele Leute die in dieser Situation sind",de
seg_00309,train,CH,2021-11-03,,credit claiming,Wie waren immer sehr verhältnismässig in dieser Krise. Ich kann das doch nur einmal betonen.,de
seg_00310,train,CH,2021-11-03,subnational level,explaining/sharing responsibility,"Es bleibt so und jetzt wirklich mit dieser Impfoffensive, mit der Kantone, mit allen Beteiligten, wir versuchen noch wirklich einen Schritt vorwärts zu machen. Das gesagt, die Kantone, der Bund, wir haben gerade gemeinsam die Lösung gebracht",de
seg_00311,train,CH,2021-11-03,citizens,shifting responsibility,"aber die Situation liegt auf dem Tisch, die ist da. Es braucht nur einfach mehr Leute die davon profitieren und Gebrauch machen",de
seg_00312,train,CH,2021-11-03,citizens,shifting responsibility,Jede zusätzliche Impfung hilft uns ausser der Krise.,de
seg_00313,train,CH,2021-11-03,citizens,shifting responsibility,"jede zusätzliche Impfung hilft uns und bitte hilft uns in diese Richtung zu arbeiten, gemeinsam aus der Krise gilt für alle, wir werden das gemeinsam tun oder es nicht tun",de
seg_00314,train,CH,2021-11-03,,credit claiming,"das Engagement des Bundes ist da, der Kantone ist da, und ich glaube, das ist ein sehr gutes Signal.",de
seg_00315,test,CH,2021-11-03,subnational level,praising,der Kantone ist da,de
seg_00316,train,CH,2021-11-30,,credit claiming,nous avons pris vendredi déjà des mesures importantes pour freiner l’apparition de ce variant dans notre pays,fr
seg_00317,train,CH,2021-11-30,citizens,shifting responsibility,"Cette tendance négative avec des cas qui continuent d’augmenter fortement, un tiers de cas de plus par rapport à la semaine passée, on a eu le dépassement du seuil du million d’infections dépassé, avec maintenant 230 patients covid aux soins intensifs et nous devons naturellement maitriser cette situation",fr
seg_00318,train,CH,2021-11-30,subnational level,shifting responsibility,"Mercredi dernier on avait fait, en lançant un appel, à ce que les cantons en fassent plus, s’engagent sur ce plan là",fr
seg_00319,test,CH,2021-11-30,subnational level,explaining/sharing responsibility,nous préparer avec une consultation qui est lancée aujourd’hui avec la proposition d’envisager la réintroduction de certaines mesures sur tout le territoire.,fr
seg_00320,train,CH,2021-11-30,subnational level,explaining/sharing responsibility,Nous mettons également en consultation la réduction des manifestations en extérieur sans certificat à 300 personnes.,fr
seg_00321,test,CH,2021-11-30,subnational level,explaining/sharing responsibility,"c’est naturellement des éléments sur lesquels nous souhaitons avoir l’avis des cantons,",fr
seg_00322,test,CH,2021-11-30,subnational level,explaining/sharing responsibility,"Encore une fois c’est une consultation, on va voir aussi quelle est la réaction des cantons par rapport à ça.",fr
seg_00323,train,CH,2021-11-30,subnational level,explaining/sharing responsibility,"Cette consultation elle a lieu jusqu’à demain soir, donc j’ai mentionné, il s’agit des cantons, des partenaires sociaux et des commissions parlementaires, et ces mesures sont proposées pour une validité jusqu’au 24 janvier prochain",fr
seg_00324,train,CH,2021-11-30,subnational level,explaining/sharing responsibility,"pour laquelle nous levons ces restrictions de 2/3, qui donc n’existeraient plus suite à la consultation et aux décisions qui pourraient faire suite",fr
seg_00325,train,CH,2021-11-30,citizens,shifting responsibility,"Voilà, les appels lancés évidemment jusqu’ici restent valables, faites-vous vacciner, pour celles et ceux qui ont déjà fait le vaccin, si vous l’avez fait depuis 6 mois, prenez une troisième dose, respectez les gestes barrières, les mesures d’hygiène, et puis rappeler ici que porter un masque en intérieur, éviter les grands rassemblements, aide évidemment à maitriser cette situation au mieux.",fr
seg_00326,train,CH,2021-11-30,subnational level,explaining/sharing responsibility,"Es ist eine vorsorgliche Konsultation, also sagen kann werden wir mal sehen wie die Aktionen sind und wir versuchen da mit bestehenden Basismassnahmen, die einfach zu verstärken mit Massnahmen, die wir schon kennen.",de
seg_00327,train,CH,2021-11-30,,credit claiming,"das Ziel des Bundesrats war immer in der Situation mit der Realität, mit der Realität der Pandemie zu arbeiten, zu schauen, was passiert, was komm",de
seg_00328,train,CH,2021-11-30,,credit claiming,"Wir haben immer den Weg gesucht, dass uns angezeigt scheint um die Menschen zu schützen, Leid zu verhindern und auch gleichzeitig das gesellschaftliche und wirtschaftliche Leben möglichst wenig einzuschränken.",de
seg_00329,train,CH,2021-11-30,subnational level,shifting responsibility,mais nous avions clairement demandé que les cantons prennent des mesures complémentaires.,fr
seg_00330,train,CH,2021-11-30,citizens,explaining/sharing responsibility,Le fait qu’on ait maintenant avec le booster la possibilité de compléter au bout de 6 mois pour celles,fr
seg_00331,train,CH,2021-11-30,,credit claiming,Donc je crois que c’est simplement d’être une forme de loyauté envers le texte et des discussions qui ont eu lieu au parlement en juin,fr
seg_00332,train,CH,2021-11-30,subnational level,explaining/sharing responsibility,Die Kantone könnten das.,de
seg_00333,train,CH,2021-11-30,,credit claiming,bei uns ist wirklich die Impfung ein freiwilliger Akt. Es ist auch so gewollt und fixiert.,de
seg_00334,train,CH,2021-11-30,citizens,shifting responsibility,". Daher für diejenigen, die sich nicht impfen lassen wollen, die werden so oder so in Kontakt mit diesem Virus kommen, auch noch vielleicht schneller als wir denken, weil die Variante ist immer ansteckender,",de
seg_00335,train,CH,2021-11-30,citizens,blaming,"schon heute haben wir 230 covid Patienten auf die IPS Stationen, haben wir heute, ist ein spezieller Fall aber trotzdem 150 Hospitalisierungen nur heute, Mittelwert wir sind bald bei 100 pro Tagen, dann ist schon weniger im Moment, es ist ziemlich stark gestiegen, wir können viel absorbieren, ist das System ganz viel absorbieren, aber auch nicht unendlich",de
seg_00336,test,CH,2021-11-30,citizens,blaming,"On voit ces cas monter, on est à 230 personnes dans les soins intensifs aujourd’hui, c’est bientôt 1/3 des capacités, on est bientôt dans une situation où il va commencer à falloir faire des choix des opérations qu’on peut faire ou pas",fr
seg_00337,train,CH,2021-11-30,citizens,blaming,"je rappelle ici que nous avons aux soins intensifs une immense majorité, une claire majorité au moins, de personnes qui ne sont pas vaccinées, donc on a aussi ce problème-là",fr
seg_00338,train,CH,2021-11-30,,credit claiming,"à naturellement avec ces caractéristiques qu’il semble avoir jusqu’ici, nous appelle à beaucoup de prudence. C’est pour ça qu’on prend aujourd’hui, on met en consultation des mesures qui devraient valoir pour quelques semaines.",fr
seg_00339,train,CH,2021-11-30,subnational level,explaining/sharing responsibility,on met en consultation des mesures qui devraient valoir pour quelques semaines,fr
seg_00340,train,CH,2021-11-30,subnational level,explaining/sharing responsibility,"Das ist noch unklar. Ich meine, es gibt eine Vernehmlassung, die jetzt startet bis morgen.",de
seg_00341,train,CH,2021-11-30,,credit claiming,"Und dieses Testen an der Schule, es scheint uns seit langem eine sehr gute Sache, um eine gute Begleitung zu haben von der Pandemie.",de
seg_00342,train,CH,2021-11-30,subnational level,explaining/sharing responsibility,"Die Kantone haben klar gewünscht, dass der Bundesrat mehr macht und wir bringen auch diese Idee im Paket mit, aber wenn wir sehen nach der Vernehmlassung, was noch von dieser Idee bleibt.",de
seg_00343,train,CH,2021-11-30,,credit claiming,"Aujourd’hui on a avec des tests en suffisance, avec de plus en plus de personnes qui ont une immunité soit par la guérison, soit par la vaccination",fr
seg_00344,train,CH,2021-11-30,citizens,shifting responsibility,"si vous vous réunissez dans le cadre privé à plus que 10, faites attention que les personnes qui ne sont pas vaccinées ou pas guéries qu’elles aient fait un test.",fr
seg_00345,train,CH,2021-11-30,citizens,shifting responsibility,"et c0est un élément aussi qui incite à cette prudence, à dire écoutez si vous faites une fête de Noël à 15 ou à 20, essayez de veiller à ce que les gens qui sont pas vaccinées ou pas guéries, qu’ils aient fait un test.",fr
seg_00346,train,CH,2021-11-30,citizens,shifting responsibility,"es ist eher so ein Appell, eine gewisse Vorsicht, wenn man sich zu 15 oder 20 trifft, das wäre gut, mal eine gewisse Sicherheit haben, dass niemand hier hochansteckend sein kann, das wäre so etwas",de
seg_00347,train,CH,2021-11-30,,credit claiming,"hier die Massnahmen, die wir in die Konsultation schicken sind Massnahmen die scheinen uns wirklich zumutbar.",de
seg_00348,test,CH,2021-11-30,subnational level,explaining/sharing responsibility,"hier die Massnahmen, die wir in die Konsultation schicken sind Massnahmen die scheinen uns wirklich zumutbar.",de
seg_00349,train,CH,2021-11-30,,credit claiming,"Es scheint uns wirklich noch ziemlich begrenzt und absolut zumutbar und wir haben damit auch keine Diskussion über 2G oder Schliessungen gemacht und wir hoffen schwer, dass es nicht notwendig sein wird.",de
seg_00350,train,CH,2021-11-30,subnational level,explaining/sharing responsibility,"Encore une fois, c’est une consultation, aussi pour le télétravail, on va voir ce qu’en pensent les organisations, les cantons, les commissions parlementaires concernées.",fr
seg_00351,train,CH,2021-11-30,citizens,praising,J’ai remarqué qu’on constate aussi dans les rues qu’il y a beaucoup plus de gens qui se déplacent avec le masque. On a quand même une société qui est assez résiliente et qui s’adapte en fonction de la situation.,fr
seg_00352,train,CH,2021-11-30,,credit claiming,"wir denken, dass es muss möglich sein, mit dieser Entwicklung der Massnahmen, die heute in die Konsultation gehen, und die sind nicht so schwierig, oder? Wir kennen das und es ist einfach auch eine viel bessere Situation, als wir noch letztes Jahr hatten",de
seg_00353,train,CH,2021-11-30,subnational level,explaining/sharing responsibility,"mit dieser Entwicklung der Massnahmen, die heute in die Konsultation gehen",de
seg_00354,train,CH,2021-12-10,,credit claiming,"Je peux redire dans ce cadre que nous avons toujours essayer avec le Conseil fédéral d’adopter des mesures en étant au plus près des besoins de notre pays, en étant le plus précis possible et ça veut dire qu’il y a un chemin que nous avons écarté dès le départ, c’tait soit de ne rien faire, soit de prendre les mesures les plus dures, de tout fermer, ou d’être le plus dur à tout moment. Ça aurait été plus simple mais ce sont deux options qui font beaucoup de dégâts et donc nous avons cherché une sorte de juste milieu en nous adaptant, en étant autrement dit prévoyant mais sans aversion au risque, c’est ça que nous avons essayer de faire, de continuer à travailler dans cette voie-là. Ça n’est pas la voie la plus simple que nous avons choisi, il faut être clair avec ça mais c’est celle qui de l’avis du Conseil fédéral tient le mieux compte des intérêts du pays, de la population et de cet équilibre qu’il y a à trouver entre la santé publique, les besoins d’un pays ouvert, traditionnellement très ouvert avec beaucoup de contacts ce circulation et également bien sûr les besoins de la vi sociale et de la vie économique.",fr
seg_00355,train,CH,2021-12-10,subnational level,explaining/sharing responsibility,"de manière à pouvoir avoir la discussion avec les cantons,",fr
seg_00356,train,CH,2021-12-10,citizens,shifting responsibility,"avec une situation dans les hôpitaux qui s’est aggravée, des soins intensifs qui sont sous pression de plus en plus forte, un personnel qui est aujourd’hui fatigué, des transferts de patients de plus en plus fréquents, des réductions d’autres types d’activités, notamment pour les opérations non urgentes qui auront commencé, et le risque, ce que nous ne souhaitons pas, de mise en danger des prises en charge ordinaires,",fr
seg_00357,train,CH,2021-12-10,subnational level,explaining/sharing responsibility,La situation n’est pas simple et la consultation doit nous permettre avec l’ensemble des acteurs concernés de mener la discussion sur quels sont les possibilités qui s’offrent à nous.,fr
seg_00358,train,CH,2021-12-10,,credit claiming,Il s’agit en fait d’un acte de très grande transparence je crois à l’égard des options qui peuvent exister et de manière aussi à pouvoir prévoir ce qui pourrait se produire ou quels sont les scénarios qui pourraient se présenter,fr
seg_00359,test,CH,2021-12-10,citizens,blaming,"on parle surtout de ce que ces cas représentent ensuite en hospitalisations et en transferts en soins intensifs,",fr
seg_00360,train,CH,2021-12-10,,credit claiming,"On veut donc être transparents, on met pour ça en consultation jusqu’au 14 décembre deux variantes.",fr
seg_00361,test,CH,2021-12-10,subnational level,explaining/sharing responsibility,"On veut donc être transparents, on met pour ça en consultation jusqu’au 14 décembre deux variantes.",fr
seg_00362,train,CH,2021-12-10,subnational level,explaining/sharing responsibility,"Et puis on met aussi en consultation pour avoir une discussion avec les milieux concernés, l’idée de 2G",fr
seg_00363,train,CH,2021-12-10,citizens,shifting responsibility,"Donc on revient à des mesures qu’on n’a pas envie de prendre, qu’on n’a pas envie de voir. Et le seul moyen de nous éviter ça, c’est qu’on soit prudents, qu’on fasse attention, on sait comment faire avec la distance, avec le port du masque, avec l’hygiène des mains, d’être attentif dans le fond pour éviter de nous conduire dans une situation où des mesures extrêmement désagréables seraient nécessaires.",fr
seg_00364,train,CH,2021-12-10,subnational level,explaining/sharing responsibility,"En parallèle, il faut renforcer toute une série, aussi pour des raisons de cohérence épidémiologiques si je peux le dire ainsi, renforcer toute une série de mesures de base qui concernent les écoles, le monde du travail, les réunions privées. C’est clair pour les écoles ou pour les universités, ça n’a pas vraiment de grandes conséquences, bon d’abord c’est une consultation donc il n’y a rien qui change aujourd’hui",fr
seg_00365,test,CH,2021-12-10,subnational level,explaining/sharing responsibility,", naturellement la compétence qui est laissée aux cantons",fr
seg_00366,train,CH,2021-12-10,subnational level,explaining/sharing responsibility,"Pour les réunions privées, nous mettons également en consultation une limitation à 5 personnes si une des personnes n’est pas immunisée, pas de limitation si tout le monde est vacciné ou guéri.",fr
seg_00367,train,CH,2021-12-10,,credit claiming,"Là aussi c’est quelque chose qui est assez difficile mais nous devons, nous souhaitons ne pas perdre le contrôle de la situation parce qu’alors les conséquences seraient beaucoup plus importantes sur la fermeture des activités, sur le risque que cela représente pour les activités sur le plan économique et social. Le Président de la Confédération l’a rappelé, il y a à nouveau la discussion de l’obligation du télétravail. Il semblerait particulier de ne pas envisager cette possibilité, notamment en cas d’escalade avec la deuxième variante, si on ferme des activités, c’est naturellement difficile de ne pas avoir la discussion sur le télétravail en parallèle. Pour le commerce de détail et les domaines skiables, vous aurez remarqué que, et c’est un élément qui beaucoup évolué durant les dernières semaines, les milieux économiques souhaitent éviter aussi toute fermeture. Ça ne nous surprend pas mais ça signifie que pour éviter ces fermetures, ils ont été prêts à faire des propositions spontanément pour introduire des limitations de capacités et donc de notre point de vue, il n’y a pas de mesure supplémentaire qui soit nécessaire. Tout cela doit nous permettre de mener la discussion sur la meilleure voie pour sortir ou pour maitriser cette situation ensemble durant l’hiver qui arrive.",fr
seg_00368,train,CH,2021-12-10,citizens,shifting responsibility,"le vaccin et la 3ème dose pour celles et ceux qui sont vaccinés depuis plus de 6 mois, ce qui doit naturellement nous aider dans cette situation.",fr
seg_00369,train,CH,2021-12-10,subnational level,explaining/sharing responsibility,"En parallèle, nous avons également mis en consultation ce matin deux autres points.",fr
seg_00370,train,CH,2021-12-10,subnational level,explaining/sharing responsibility,dass derBundesrat eröffnet heute vorsorglich eine Konsultation über weitergehende Massnahmen.,de
seg_00371,train,CH,2021-12-10,,credit claiming,"wir versuchen alles zu tun, um einfach so fein wie möglich in der Massnahme zu sein und womöglich wirklich Schliessungen zu verhindern.",de
seg_00372,train,CH,2021-12-10,citizens,shifting responsibility,"Die Trends sind deutlich in die falsche Richtung im Moment, das sieht man mit der Ansteckung, das ist nicht so wichtig, aber vor allem bei Hospitalisierungen und auch diesen Druck über die Intensivstationen",de
seg_00373,test,CH,2021-12-10,,credit claiming,"Es ist kein einfacher Weg, ehrlich gesagt, weil wir versuchen immer wieder, uns an diese Realität anzupassen, mit dieser Suche, eine Ausgewogenheit, ein Optimum zwischen öffentlicher Gesundheit, soziale Leben, wirtschaftliche Leben und auch in einem Land, der traditionellerweise sehr offen ist. Wir sind einfach und wir leben auch so, und Ziel ist es, dass es auch so bleibt.",de
seg_00374,train,CH,2021-12-10,citizens,shifting responsibility,"Die Massnahmen allein werden nicht sehr viel bringen können, es braucht wirklich alle, wir müssen da wirklich vorsichtig sein in den nächsten Zeiten und auch für diejenigen, die das noch nicht gemacht haben, es gibt nach wie vor die Möglichkeit, sich impfen zu lassen, das ist wirklich eine grosse Unterstützung, eine grosse Hilfe, nicht nur für sich selbst, für die Angehörige, aber auch, um uns zu helfen, diese Situation zu bewältigen.",de
seg_00375,train,CH,2021-12-10,subnational level,explaining/sharing responsibility,"Oui c’est ça, il y a d’autres mesures qui sont mises en consultation",fr
seg_00376,test,CH,2021-12-10,subnational level,shifting responsibility,Recommandation du port du masque pour les plus jeunes mais ça c’est aux cantons d’agir.,fr
seg_00377,train,CH,2021-12-10,subnational level,explaining/sharing responsibility,"C’est une consultation qui est là pour être prêts s’il faut agir très rapidement. Si ce n’est pas nécessaire, tant mieux. On souhaite avoir eu la discussion avec les acteurs.",fr
seg_00378,train,CH,2021-12-10,,credit claiming,En fait on fait vraiment ici preuve d'une certaine prévoyance.,fr
seg_00379,train,CH,2021-12-10,subnational level,explaining/sharing responsibility,"on doit naturellement, on souhaite naturellement mener la discussion avec l'ensemble des acteurs, les cantons, les partenaires sociaux, les commissions parlementaires pour discuter ensemble de la situation actuelle et de réfléchir au régime, aux mesures qui pourraient nous aider à maîtriser cette situation, notamment sur les périodes de fêtes.",fr
seg_00380,train,CH,2021-12-10,,credit claiming,"Il ne s’agit pas de menaces. Vous voyez la situation que nous avons ? Vous voyez ce que d'autres pays ont fait face à cette situation ? Il s'agit pas du tout de menaces. On essaie juste de garder une situation dans laquelle tout peut rester ouvert. C'est ce qu'on essaie de faire, rien d'autre. Mais on voit bien que, avec les mesures qu'on a pris jusqu'à aujourd'hui, on a essayé d'être toujours très très précis et d'être au plus juste en fait.",fr
seg_00381,train,CH,2021-12-10,,credit claiming,On a beaucoup appris depuis 2 ans.,fr
seg_00382,train,CH,2021-12-10,,credit claiming,"Pour l'instant, moi je dois vous dire, je considère encore et toujours qu'elle est sous contrôle",fr
seg_00383,train,CH,2021-12-10,,credit claiming,"Vor einem Jahr wir haben dann alles schliessen müssen für Monate oder? Restaurant vor Weihnachten dann sogar die Läden nach Weihnachten, das war eine völlig andere Situation. Heute Ziel ist es genau umgekehrt alles offen zu haben, aber mit einer gewissen Stabilität, weil wir brauchen diese Stabilität, um wirklich diese Öffnungen wieder einfach auf die lange Zeit zu haben. Was hätten wir früher machen können? Ich meine, haben wir auch eine gute Zusammenarbeit zwischen Bund und Kantone, wir versuchen sehr präzise zu arbeiten mit den Massnahmen.",de
seg_00384,train,CH,2021-12-10,subnational level,praising,"haben wir auch eine gute Zusammenarbeit zwischen Bund und Kantone,",de
seg_00385,test,CH,2021-12-10,subnational level,explaining/sharing responsibility,"Genau deswegen kommen wir heute mit einer Vernehmlassung, es ist noch keinen Entscheid über diese Massnahmen, die ja in Kraft kommen könnten aber eine Diskussion mit den Kantonen,",de
seg_00386,train,CH,2021-12-10,subnational level,explaining/sharing responsibility,"es ist einfach der Vorschlag, mit dieser Vernehmlassung, es sind noch keine Entscheide",de
seg_00387,train,CH,2021-12-10,citizens,shifting responsibility,"die Frage ist einfach so, wenn wir sehen, dass die Massnahmen, die wir bis jetzt genommen haben, nicht ausreichen und wenn wir zu einer Überlastung der Spitäler kommt, das heisst, man hat einfach keinen guten Zugang mehr, irgendwie, wenn man COVID Patient ist oder für irgendwelche andere Grund, dann die Frage ist, was sollten wir, was könnten wir noch tun?",de
seg_00388,train,CH,2021-12-10,citizens,shifting responsibility,"Je crois qu'effectivement le choix de se vacciner ou de ne pas se vacciner est un choix libre et volontaire pour chaque personne, mais chaque choix à quelques conséquences. Et dans la situation que nous avons, jusqu'à maintenant ce n’était pas le cas, mais malheureusement ça pourrait avoir comme conséquence si on devait aller plus loin, ça n'est pas encore le cas, ça pourrait avoir comme conséquence de limiter l'accès à certains lieux publics intérieurs pour les personnes qui n'ont pas fait le choix de se faire vacciner.",fr
seg_00389,train,CH,2021-12-10,subnational level,explaining/sharing responsibility,"Nein, es wäre Maske und Sitzpflicht überall auch dort wo 2G gilt, das wäre die Vernehmlassung.",de
seg_00390,train,CH,2021-12-10,citizens,blaming,"weil wir viel zu viele Personen haben, die sich anstecken können und auch im Spital landen können",de
seg_00391,test,CH,2021-12-10,citizens,blaming,"aber das ist wirklich eine Geschichte dieser Epidemie, das haben wir bei jeder Welle gesehen, es beginnt bei der jüngeren und dann es steigt der Generationen. Das ist genau das Problem, dass wir haben, die Leute, die sich die sind, nicht nur in Clubs 24 Stunden und 7 Tage der Woche, dann sie treffen andere Leute, zu Hause, vielleicht bei Weihnachtsfeier oder so und das Risiko müssen wir einfach jetzt in dieser Situation die ziemlich Besorgnisse erregend ist, einfach versuchen die Zirkulation ein bisschen zu bremsen",de
seg_00392,test,CH,2021-12-10,subnational level,explaining/sharing responsibility,"aber noch einmal, es ist vorsorglich eine Vernehmlassung",de
seg_00393,train,CH,2021-12-10,,credit claiming,"was wir versuchen zu tun, ist jetzt einfach eine Überlastung des Spitalsystem und vor allem der Intensivstation zu verhindern",de
seg_00394,train,CH,2021-12-10,subnational level,shifting responsibility,"wir haben das auch thematisiert in der Schweiz, wir haben auch mit der Kantone, und ich erinnere noch einmal, die Kantone sind zuständig dafür oder die Versorgung, das ist wirklich eine Sache der Kantone. Die sind ständig in Kontakt dafür, und die Kantone haben auch versucht, überall wo es möglich war, noch Personal zu rekrutieren",de
seg_00395,train,CH,2021-12-10,subnational level,explaining/sharing responsibility,"Es ist schwierig zu sagen, diese Vernehmlassung ist wirklich da, damit wir bereit sind, um zu handeln, wenn es notwendig sein sollte.",de
seg_00396,test,CH,2021-12-10,citizens,shifting responsibility,"wir wissen aber auch von Contact Racing, dass die Privattreffen wirklich ein besonderes Risiko darstellen können",de
seg_00397,test,CH,2021-12-10,subnational level,praising,"Haben wir auch bemerkt, dass gewisse Kantone das schon eingeführt haben, gewisse Kantone das schon eingeführt haben.",de
seg_00398,train,CH,2021-12-10,subnational level,explaining/sharing responsibility,"Und deswegen, es scheint uns auch angebracht, diese Diskussion in der Vernehmlassung mit den Kantonen zu führen. Es bedeutet noch nicht, dass es kommt in Kraft, werden wir sehen, aber die Diskussion dazu scheint uns möglich und auch keine schlechte Idee in der heutigen Situation.",de
seg_00399,train,CH,2021-12-10,,credit claiming,"Ich glaube, vor einem Monat, die Situation war eine ganz andere. Ich meine, alle haben das schon gemerkt. Das war eine völlig andere Situation, oder? Es ist einfach leider so in solche Situationen wo die Ungewissheit, Unsicherheit, so hoch, immer wieder werden kann, müssen wir uns anpassen. Ich meine, ich hätte auch nie gedacht, dass wir diesen Schritt in der Vernehmlassung jetzt schicken müssen, aber ich hätte auch nie gedacht, dass wir so hoch oder mit einem so hohen Druck uns finden, jetzt Mitte Dezember, und wir werden jetzt in der 2-4 nächsten Wochen sehr viele Kontakte aussehen auf privatebene und so und vorsorglich eine Konsultation zuschicken in dieser Situation scheint uns einfach diese richtige Situation zwischen vorsichtig zu sein, aber einfach nicht risikoavers zu sein, das ist einfach immer wieder ein Weg, das wir suchen.",de
seg_00400,train,CH,2021-12-10,subnational level,explaining/sharing responsibility,dass wir diesen Schritt in der Vernehmlassung jetzt schicken müssen,de
seg_00401,train,CH,2021-12-10,,credit claiming,"Oui, je ne sais pas si le Président veut dire un mot à ce sujet, mais je pense qu’on essaie de tout faire pour éviter ce scénario",fr
seg_00402,train,CH,2021-12-10,,credit claiming,"Non, nous ne sommes pas perdus, nous essayons simplement d'anticiper.",fr
seg_00403,train,CH,2021-12-10,,credit claiming,"je crois que la situation aujourd'hui, si on le regarde aujourd'hui, si on prend la Momentaufnahme, une photographie de la situation, les hospitalisations, ça va, on est à moyenne de 120 hospitalisations par jour, sur une moyenne de 7 jours.",fr
seg_00404,train,CH,2021-12-10,citizens,shifting responsibility,"avec aussi 289 personnes aux soins intensifs. En fait c'est beaucoup hein, c'est vraiment beaucoup mais ça va. Par contre si on a une direction d'un doublement pour les 24 prochains jours, ça ça va plus du tout.",fr
seg_00405,train,CH,2021-12-10,subnational level,praising,"wir sind, glaube ich, sehr froh mit dem Bundesrat, dass die Kantone auch Massnahmen treffen, etwas tun. Ich meine, sehr viele Kantone etwas gemacht, nicht alle gleich, und das ist aber ganz normal.",de
seg_00406,train,CH,2021-12-10,subnational level,explaining/sharing responsibility,"Das erlaubt auch einfach Massnahmen zu nehmen, die angepasst sind in eine Situation, und die Kantone sind nicht alle vergleichbar mit dieser Situation, und ich werde das nicht weiter kommentieren",de
seg_00407,train,CH,2021-12-10,subnational level,praising,"ich habe wirklich volles Vertrauen, wenn die Kantone Massnahmen treffen.",de
seg_00408,train,CH,2021-12-10,subnational level,explaining/sharing responsibility,"aber ich glaube, die Kantone, die die, die sagen uns ziemlich regelmässig, wie schwierig die Situation ist.",de
seg_00409,train,CH,2021-12-10,subnational level,explaining/sharing responsibility,"in der letzten Vernehmlassung ich habe auch gemerkt, dass es gibt immer Beispiele ein Kanton sagt, der Bund muss unbedingt etwas tun, dann wir machen einen Vorschlag und dann das gleich Kantone sagt viel zu früh, ich meine das kann immer wieder passieren,",de
seg_00410,train,CH,2021-12-10,subnational level,blaming,und dann das gleich Kantone sagt viel zu früh,de
seg_00411,train,CH,2021-12-10,subnational level,explaining/sharing responsibility,"ich hoffe, dass wir das in der sehr guten Zusammenarbeit mit der Kantone tun können und diese Vernehmlassung wird uns ja helfen zu verstehen, wie die Kantone das sehen.",de
seg_00412,test,CH,2021-12-10,citizens,shifting responsibility,"Es geht um den Booster oder es geht um die dritte Impfung vor allem, und wir sind wirklich Lanterne Rouge, auch in dieser Hinsicht in Europa bald oder vielleicht nicht ganz Europa. Aber wenn man sich vergleicht mit anderen umliegenden Ländern. Und das ist keine gute Sache für die Situation in unserem Land.",de
seg_00413,test,CH,2021-12-10,subnational level,explaining/sharing responsibility,"wenn die Kantone kommen und sie verlangen einen subsidiärer Ansatz und sie können das erklären, wenn diese Bedingungen erfüllt sind, das können wir tun",de
seg_00414,train,CH,2021-12-10,subnational level,explaining/sharing responsibility,"wir müssen auch flexibel bleiben, um einfach immer reagieren zu können mit was wir sehen und was wir brauchen, wenn die Kantone auch dieser Einsatz mal verlangen",de
seg_00415,train,CH,2021-12-10,,credit claiming,"Bei der Einreisequarantäne, wir haben sehr rasch Quarantäne vorgesehen, als wir erfahren haben von Omikron, diese neue Variante mit sehr viele Sorgen, dass es uns gemacht hat",de
seg_00416,train,CH,2021-12-10,,credit claiming,"Das Ziel ist sicher nicht, dass das Leben der Leute zu erschweren, Ziel ist es einfach unsere Situation zu schützen, wo es geht, um zu versuchen die Kontrolle über der Situation nicht zu verlieren und wir glauben, dass wenn wir geimpfte, genesene oder ungeimpfte Personen die kommen und die einfach einen Test verweisen können, ich glaube, dass ist die Entwicklung, die wir jetzt sehen, es schützt auch genug die Situation bei uns",de
seg_00417,train,CH,2021-12-10,subnational level,explaining/sharing responsibility,"die Führung der Spitäler und auch Versorgungssystem ist, wirklich eine Sache der Kantone.",de
seg_00418,train,CH,2021-12-10,subnational level,explaining/sharing responsibility,"Il y a des mesures, hein, qui ont déjà été prises par les cantons qui sont responsables pour ce domaine-là.",fr
seg_00419,train,CH,2021-12-10,,credit claiming,"Et vous aurez remarqué que le Conseil fédéral a essayé, dans la mesure du possible, partout où c'était possible, d'avoir une certaine attention pour les plus jeunes qui ont besoin aussi de faire du sport, de de faire toute une série d'activités comme tout le monde d'ailleurs. Et on n'a pas jugé nécessaire, ni d'ailleurs même discuté de modifier cette limite ce matin.",fr
seg_00420,test,CH,2021-12-10,,credit claiming,"aber wir brauchen heute überhaupt nicht alles zu blockieren auf dem heutigen Stand, sonst hätten wir das schon vor 10 Tage gemacht, was nicht notwendig war.",de
seg_00421,train,DE,2021-01-29,,credit claiming,Wir verzeichnen gerade einen positiven Trend.,de
seg_00422,train,DE,2021-01-29,subnational level,explaining/sharing responsibility,"Bis Mitte Februar wollen die Länder und der Bund, das ist ja ein gemeinsamer Beschluss aus der Ministerpräsidentenkonferenz, allen Pflegeheimbewohnerinnen und Pflegeheimbewohnern ein Impfangebot gemacht haben",de
seg_00423,train,DE,2021-01-29,,credit claiming,"Und das zeigt eben, wir sind bei diesem Ziel Mitte Februar auf dem richtigen Weg, auf einem guten Weg",de
seg_00424,train,DE,2021-01-29,subnational level,praising,"Die Länder leisten unter diesen schwierigen Bedingungen eine gute Arbeit. Es gibt unterschiedliche Strategien und unterschiedliche Begebenheiten, aber alle Länder machen bei den Impfungen der Verwundbarsten große Fortschritte.",de
seg_00425,test,DE,2021-01-29,subnational level,explaining/sharing responsibility,"Es ist wichtig, dass Bund und Länder an einem Strang ziehen",de
seg_00426,train,DE,2021-01-29,subnational level,explaining/sharing responsibility,"Und deswegen finde ich es gut, dass wir auf einem Impfgipfel auf einem, in einer Gesprächsrunde von Bund, Ländern dann eben auch gemeinsam mit Vertretern der Pharmaindustrie, der Hersteller und der Europäischen Union die Lage erörtern.",de
seg_00427,train,DE,2021-01-29,subnational level,praising,"Es gibt auch gute Nachrichten. Der Produktionsstandort in Marburg hat gestern eine Genehmigung bekommen, es hat sich ausgezahlt, dass die Bundesregierung, dass das Land Hessen das Regierungspräsidium vor Ort dafür seit Mitte vergangenen Jahres gemeinsam mit dem Unternehmen stark gearbeitet haben.",de
seg_00428,test,DE,2021-01-29,,credit claiming,"Es gibt auch gute Nachrichten. Der Produktionsstandort in Marburg hat gestern eine Genehmigung bekommen, es hat sich ausgezahlt, dass die Bundesregierung, dass das Land Hessen das Regierungspräsidium vor Ort dafür seit Mitte vergangenen Jahres gemeinsam mit dem Unternehmen stark gearbeitet haben.",de
seg_00429,train,DE,2021-01-29,experts,praising,"der Weg heraus aus dieser Jahrhundertpandemie ist begonnen und dass es nur 12 Monate nach dem Ausbruch der Pandemie 3 wirkungsvolle Impfstoffe bereits gibt und weitere vor der Zulassung stehen, ist eine Erfolgsgeschichte, eine einmalige Erfolgsgeschichte in der Medizin, das sollte uns unter alldem Stress auch Zuversicht geben.",de
seg_00430,train,DE,2021-01-29,experts,explaining/sharing responsibility,"Nach vorherigem intensivem Austausch auch über Leitlinien und Empfehlungen mit den Fachgesellschaften, dem Robert Koch Institut, dem Paul Ehrlich Institut, insbesondere auch als zuständige Zulassungsbehörde.",de
seg_00431,train,DE,2021-01-29,experts,shifting responsibility,"Und es ist ja nicht so, dass die Unikliniken sie ausschließlich zur Verfügung haben, sie werden verteilt über die Unikliniken auch in andere Kliniken und in andere Bereiche hinein.",de
seg_00432,train,DE,2021-01-29,experts,explaining/sharing responsibility,"Ich fang einfach mal an. Und wenn Sie einverstanden sind, würde Herr Professor Cichuteck noch ergänzen.",de
seg_00433,test,DE,2021-01-29,experts,explaining/sharing responsibility,"Wenn diese Entscheidung heute getroffen ist, wird die ständige Impfkommission anschließend eine Empfehlung aussprechen.",de
seg_00434,train,DE,2021-01-29,experts,explaining/sharing responsibility,"zeitnah, werden wir die Impfverordnung auf der Basis gegebenenfalls anpassen und dann eben möglicherweise was Beschränkungen angeht oder nicht daraus Schlussfolgerungen ziehen",de
seg_00435,train,DE,2021-01-29,experts,explaining/sharing responsibility,"Aber ich kann ja nicht die Impfverordnung anpassen, bevor die EMA überhaupt zugelassen hat. Also ich finde es schon sehr wichtig, dass wir einfach auch fachlich, sachlich und prozessual die Reihenfolge einhalten, weil alles andere eben auch",de
seg_00436,train,DE,2021-01-29,experts,shifting responsibility,"Ich will mal sagen, zu der fachlichen Frage sagt Herr Professor Wieler was, weil wir ja eine solche Verordnung in engster Abstimmung mit dem Robert Koch Institut erarbeiten, uns auf die fachliche Expertise dort verlassen. Das denke ich mir ja nicht in meinem Büro aus, sondern das wird ja nach der Stellungnahme aus der Wissenschaft und den Beteiligten erarbeitet und deswegen, Herr Professor Wieler, bitte.",de
seg_00437,train,DE,2021-01-29,experts,shifting responsibility,Am Ende ist es doch eine ärztliche Entscheidung.,de
seg_00438,train,DE,2021-01-29,experts,shifting responsibility,"Also ich frag mich halt nur den Vorwurf an wen? Das ist am Ende eine ärztliche Entscheidung im Einzelfall. Und sonst nichts. Das ist auch richtig so, wer soll es sonst entscheiden, wenn nicht die behandelnden Ärzte wie in einer Akutsituation die Behandlung erfolgen?",de
seg_00439,train,DE,2021-01-29,,credit claiming,"Ich kann nur sagen, dass wir ja die rechtliche und die finanzielle Grundlage schon vor Monaten geschaffen haben für deutlich mehr Tests in den Pflegeeinrichtungen, ambulant wie stationär.",de
seg_00440,train,DE,2021-01-29,,credit claiming,"Wir jedenfalls haben rechtlich und finanziell seit Oktober die Grundlage geschaffen und jetzt gibt es ja eben auch darüber hinaus noch zusätzlich das ausgebildete Personal im Angebot und ich kann nur alle Pflegeeinrichtungen dazu ermuntern, es auch zu nutzen.",de
seg_00441,test,DE,2021-02-19,,credit claiming,"Einerseits sehen wir zuletzt, wenn wir die letzten 2-3 Wochen nehmen, sinkende Fallzahlen und eine stetig steigende Zahl an Impfungen",de
seg_00442,train,DE,2021-02-19,subnational level,praising,"Umso mehr ist es richtig, dass Bund und Länder in einem besonders betroffenen Regionen Maßnahmen ergreifen und ergriffen haben",de
seg_00443,train,DE,2021-02-19,subnational level,explaining/sharing responsibility,"Dazu gehört es, die Einreise zu reglementieren und Grenzkontrollen einzuführen",de
seg_00444,train,DE,2021-02-19,subnational level,praising,"Gerade die gute Zusammenarbeit von Kommunen und Landkreisen mit Bund und Ländern hat sich in dieser Pandemie bewährt und ich darf auch stellvertretend sagen, Klaus Holetschek ist gerade auch Vorsitzender der Gesundheitsministerinnen und Minister der Bundesländer. In diesem Jahr, ich darf stellvertretend eben auch danken für die gute Zusammenarbeit zwischen Bund und Ländern in dieser Pandemie, seit nunmehr auch über 12 Monaten. Ich hab öfter mal diesen Satz gebraucht: was wichtig ist in dieser Pandemie, und das tun wir alle in sehr herausfordernden Situationen in Bund und Ländern in den letzten Monaten, und das ist mit ein Anteil, auch wenn es manchmal was zu diskutieren gibt, aber wir führen ja auch die Diskussion stellvertretend sozusagen oder abbildend, die es in der Gesellschaft gibt, natürlich auch zwischen Bund und Ländern, dass wir am Ende dann, wenn wir gemeinsam agieren, auch stärker sind. Bund und Länder agieren gemeinsam auch beim Thema Impfungen, und deswegen gehören zu dieser komplexen Lage, in der wir sind, auch die guten Nachrichten.",de
seg_00445,test,DE,2021-02-19,subnational level,explaining/sharing responsibility,Bund und Länder agieren gemeinsam auch beim Thema Impfungen,de
seg_00446,train,DE,2021-02-19,,credit claiming,"und deswegen gehören zu dieser komplexen Lage, in der wir sind, auch die guten Nachrichten. Die Impfkampagne wird immer schneller, es gibt immer mehr Impfungen und auch mehr verfügbare Impfdosen",de
seg_00447,train,DE,2021-02-19,,credit claiming,"Und das gerade einmal ein Jahr nach Beginn der Pandemie. Inzwischen sind in Deutschland fast 5 Millionen Impfdosen verabreicht worden, davon über 3 Millionen Erstimpfungen und auch ein sehr hoher Anteil an Zweitimpfung. Und übrigens bei den internationalen Vergleichen ist zu sehen, dass mit über 2% Zweitimpfung, also 2% der Bevölkerung, die den vollen Schutz hat, mit der Zweitimpfung wir durchaus weit vorne liegen",de
seg_00448,test,DE,2021-02-19,subnational level,explaining/sharing responsibility,"Auch die von der Europäischen Union über die Verträge bereitgestellten Impfdosen, die Zahl der Lieferungen steigt stetig, bis Ende nächster Woche werden 10 Millionen Dosen ausgeliefert sein, an Deutschland, an die Bundesländer.",de
seg_00449,train,DE,2021-02-19,,credit claiming,"Wenn wir jetzt knapp 5 Millionen verimpfte Dosen haben bis Ende nächster Woche insgesamt 10 Millionen gelieferte, zeigt sich, dass dort deutlich mehr Geschwindigkeit reinkommt",de
seg_00450,test,DE,2021-02-19,subnational level,explaining/sharing responsibility,"Deswegen müssen wir auch klar vorbereitet sein darauf, dass der Impfstoff, wenn er da ist auch möglichst schnell verimpft wird, und daran arbeiten wir mit den Ländern intensiv",de
seg_00451,train,DE,2021-02-19,subnational level,explaining/sharing responsibility,"Wir werden das in den nächsten wenigen Wochen verdoppeln müssen, mindestens im ersten Schritt in den Ländern",de
seg_00452,train,DE,2021-02-19,subnational level,explaining/sharing responsibility,"Ich bitte, ich will das einfach mal ausdrücklich sagen, damit sich nicht wieder ein Datum festsetzt und anschließend fragen alle, warum ist das jetzt nicht passiert, wir haben gesagt, wir werden einen Zeitpunkt mit den Ländern und den Ärzten finden.",de
seg_00453,train,DE,2021-02-19,experts,explaining/sharing responsibility,"Ich bitte, ich will das einfach mal ausdrücklich sagen, damit sich nicht wieder ein Datum festsetzt und anschließend fragen alle, warum ist das jetzt nicht passiert, wir haben gesagt, wir werden einen Zeitpunkt mit den Ländern und den Ärzten finden.",de
seg_00454,train,DE,2021-02-19,,credit claiming,"Schnelltests sind jetzt ausreichend zur Verfügung, wir haben begonnen, mit den Pflegeeinrichtungen, mit dem Gesundheitswesen, Schule, Kitas, und jetzt ist eben aufgrund der höheren Verfügbarkeit der nächste Schritt möglich, deswegen eben unser Vorschlag, ab März kostenlos für die Bürgerinnen und Bürger einen Schnelltest möglich zu machen.",de
seg_00455,test,DE,2021-02-19,citizens,explaining/sharing responsibility,"Und ja, das will ich auch jetzt schon sagen, wie immer, wenn etwas als kostenloses Angebot für alle startet, wird es am Anfang wahrscheinlich auch Schlangen geben. Auch lokal mal Engpässe geben können.",de
seg_00456,train,DE,2021-02-19,citizens,praising,"Ich will uns alle gemeinsam schon darauf vorbereiten, das ist erstmal ein gutes Zeichen, denn es zeigt ja, dass das Angebot angenommen wird,",de
seg_00457,train,DE,2021-02-19,citizens,explaining/sharing responsibility,"aber immer dann, wenn wir etwas beginnen, ob es die Verteilung von Schutzmasken ist, ob es das Bereitstellen der Grippeschutzimpfung ist, ob es eben jetzt die Frage der Tests ist, ist es am Anfang, wenn die Nachfrage besonders hoch ist, an 1-2 Tagen zu Beginn, dann eben auch knapp",de
seg_00458,train,DE,2021-02-19,subnational level,explaining/sharing responsibility,"Das eine ist, die Versorgung, sicherzustellen, dass, was wir gerade zwischen Bund und Ländern bei den Gesundheitsministern natürlich im Fokus haben, wie kriegen wir denn Impfstoff für Deutschland, für die Bürger und vor allem, wie wird er dann verimpft, das ist klassisch Aufgabe der Gesundheitspolitik und der Ministerien für Gesundheit",de
seg_00459,test,DE,2021-02-19,,credit claiming,"Das kostet dann Geld, reservierungsgebühren, solche Konzepte einfach zu erarbeiten mit der Industrie, das unter anderem soll dort geschehen und ich finde es gut, dass wir das jetzt eben miteinander bündeln.",de
seg_00460,train,DE,2021-02-19,,credit claiming,"wir haben zwischen Finanzminister, Wirtschaftsminister, Frau Bundeskanzlerin und ich verschiedentlich in den letzten(?), überhaupt Mitte Februar, 6 Wochen über diese Frage der Impfstoffproduktion geredet und ich habe immer wieder das Thema aufgebracht, andere auch, dass uns eben die Produzenten ansprechen und sagen, sie würden gerne in Deutschland investieren.",de
seg_00461,train,DE,2021-02-19,subnational level,explaining/sharing responsibility,"Dann auch definiert werden und deswegen find ich es gut, dass es zwischen Bund und Ländern ja auch die Vereinbarung gibt in einer Arbeitsgruppe diesen Stufenplan, wie es genannt wird, oder diese Abstufung, dieser Abfolge zu diskutieren, die natürlich einfach auch abhängt von der Entwicklung.",de
seg_00462,test,DE,2021-02-19,experts,shifting responsibility,"Herr Professor Wieler hat es ja gerade gesagt, es ist im Moment schwierig, mit dem Anteil der Mutationen, der wächst und der Vermutung der evidenzbasierten Vermutung, dass diese Brite jetzt war ich schon selbst britische war die die Variante, die zuerst in Großbritannien entdeckt worden ist.",de
seg_00463,train,DE,2021-02-19,citizens,explaining/sharing responsibility,"Dass die tatsächlich ansteckungsfähiger ist, was das bedeutet fürs Infektionsgeschehen, und das ist ja im Moment für uns schwierig politisch, aber auch für uns als Gesellschaft und für jeden Einzelnen in dem Erwartungsmanagement.",de
seg_00464,train,DE,2021-02-19,subnational level,explaining/sharing responsibility,"Das ist ja auch in der Diskussion anschließend deutlich geworden, auch auf regionaler Ebene, und das ist ja die Situation, die wir seit 12 Monaten auch in unserer Strategie sozusagen beschreiben.",de
seg_00465,test,DE,2021-02-19,citizens,explaining/sharing responsibility,Aber natürlich wird sich in der Debatte jetzt das auch immer weiter ausdifferenzieren und aus meiner Sicht für die Akzeptanz auch ausdifferenzieren müssen.,de
seg_00466,train,DE,2021-02-19,subnational level,explaining/sharing responsibility,"Aber auch da muss man es dann regional klug machen, wenn der eine Landkreis im Lockdown ist und der andere bei einer geringen Inzidenz und alle fahren dann drüben einkaufen, das ist nicht Sinn der Sache und deswegen müssen wir eben miteinander auch dann regional die Dinge klug abgestimmt machen.",de
seg_00467,train,DE,2021-02-19,citizens,shifting responsibility,"Aber auch da muss man es dann regional klug machen, wenn der eine Landkreis im Lockdown ist und der andere bei einer geringen Inzidenz und alle fahren dann drüben einkaufen, das ist nicht Sinn der Sache und deswegen müssen wir eben miteinander auch dann regional die Dinge klug abgestimmt machen.",de
seg_00468,train,DE,2021-02-19,experts,explaining/sharing responsibility,"es gibt es ja auch Empfehlungen des Robert Koch Instituts und mittlerweile auch entwickelt, ja auch eine Leitlinie zur Frage, wie in Schulen das richtige Konzept ist, um wieder auch zu beginnen, was Wechselunterricht angeht, was Abstand, Räume, Fragen und anderes angeht, und das ist dann eben wichtig, dass das so in solchen Konzepten, die dann auch bis hin ergänzt um Testkonzepte, die auch alle Bundesländer entwickelt haben und weiterentwickeln",de
seg_00469,train,DE,2021-02-19,subnational level,explaining/sharing responsibility,"das ist dann eben wichtig, dass das so in solchen Konzepten, die dann auch bis hin ergänzt um Testkonzepte, die auch alle Bundesländer entwickelt haben und weiterentwickeln. Dass das dann geschieht und dass wir zeitnah… ich meine, Sie müssen sehen, dass der Beginn von Schule und Kita löst in jedem Bundesland Bewegung in, also in meinem Bundesland Nordrhein-Westfalen in Millionengröße aus. Kleineren Bundesländern relativ jedenfalls immer groß. Es sind viele, viele Millionen Kinder jeden Tag dann auf dem Weg zur Schule, zur Kita. Lehrer, Erzieher, Eltern, die sie bringen, abholen. Das löst Mobilität aus, Schule und Kita in sehr großem Umfang und deswegen ist es eben wichtig, dann auch miteinander zu schauen, wo stehen wir da nach einer Woche oder 10 Tagen? Was macht das mit dem Infektionsgeschehen?",de
seg_00470,train,DE,2021-02-19,subnational level,shifting responsibility,"Unter den richtigen Bedingungen ist das eine Entscheidung. Ich meine am Ende verantworten es die die es entscheiden. Ist das eine Entscheidung, die man dann treffen kann, wenn das Infektionsgeschehen entsprechend ist.",de
seg_00471,train,DE,2021-02-19,citizens,blaming,damals waren 50% der Infektionen aus dem Ausland reingetragen durch Reiserückkehrende,de
seg_00472,train,DE,2021-02-19,,credit claiming,"Wir haben dann Schnelltests, Antigen Schnelltests vor allem möglich gemacht in der Finanzierung, zugelassen waren übrigens viele schon vorher, brauchen ja eine europäische Zulassung, CE zertifiziert, aber wir haben sie in die Testverordnung übernommen, als wir auch sicher waren, dass sie gut genug sind, dass vor allem die, die gut genug sind, auch ausreichend verfügbar sind für das Gesundheitswesen, Pflegeeinrichtungen, Krankenhäuser. Nächster Schritt waren Schulen, Kitas, aber immer parallel zur Verfügbarkeit.",de
seg_00473,train,DE,2021-02-19,subnational level,explaining/sharing responsibility,"Also ich weiß noch, wie im Dezember mich Ministerpräsidenten angerufen haben und gesagt haben, wir kriegen für unsere Pflegeeinrichtungen nicht genug Tests. Können Sie uns helfen? und wir haben zweimal helfen können am Ende, indem wir eben unterstützt haben bei der Beschaffung, aber es war im Dezember echt schwierig, ausreichend Tests überhaupt für die ersten Schritte zu haben.",de
seg_00474,train,DE,2021-02-19,,credit claiming,"Also ich weiß noch, wie im Dezember mich Ministerpräsidenten angerufen haben und gesagt haben, wir kriegen für unsere Pflegeeinrichtungen nicht genug Tests. Können Sie uns helfen? und wir haben zweimal helfen können am Ende, indem wir eben unterstützt haben bei der Beschaffung, aber es war im Dezember echt schwierig, ausreichend Tests überhaupt für die ersten Schritte zu haben. So die Situation hat sich jetzt bis Mitte Februar so verbessert, auch bei den Produktionskapazitäten und der Verfügbarkeit, dass mittlerweile deutlich mehr Tests angeboten werden als nachgefragt werden bei den Schnelltests, und das gibt uns eben die Möglichkeit, den nächsten Schritt zu gehen.",de
seg_00475,train,DE,2021-02-19,,credit claiming,Sind wir nicht schlecht durch diese schwierige Phase gekommen,de
seg_00476,train,DE,2021-02-19,subnational level,shifting responsibility,"Aber vielleicht kann Herr Holetschek einfach aus der bayerischen Erfahrung, was die Pflegeeinrichtungen, die Bewohnerinnen und Bewohner angeht.",de
seg_00477,train,DE,2021-02-19,subnational level,explaining/sharing responsibility,"Die allermeisten Bundesländer berichten uns, dass sie zumindest bei der Angebot der Erstimpfung tatsächlich auch haben alle Pflegeeinrichtungen erreichen können.",de
seg_00478,train,DE,2021-02-19,citizens,shifting responsibility,"Sie müssen eines immer sehen, es nehmen ja nicht 100% sozusagen das Angebot aus unterschiedlichen Gründen, es mag medizinische Gründe geben, es mag andere Gründe geben, das Angebot an und wenn ich da die Zahl schaue, Zahl der Pflegeheimbewohner zur Zahl der Impfungen sind wir sehr gut an diesem Ziel dran.",de
seg_00479,train,DE,2021-02-19,,credit claiming,"wenn ich da die Zahl schaue, Zahl der Pflegeheimbewohner zur Zahl der Impfungen sind wir sehr gut an diesem Ziel dran.",de
seg_00480,train,DE,2021-02-19,experts,shifting responsibility,"Das Paul Ehrlich Institut hat ja auch noch mal gestern sehr klar gemacht in einer Stellungnahme, dass alle 3 Impfstoffe, auch der AstraZeneca Impfstoff eben auch, ja, das halten, was Sie halten sollen, nämlich dass sie wirksam schützen vor der Covid-19 Erkrankung und dass niemand, der in den Studien, der die erste und Zweitimpfung mit AstraZeneca hatte, anschließend behandlungsbedürftig in einem Krankenhaus in der Klinik aufgenommen werden musste, im Vergleich auch zu denen, die nicht geimpft worden sind",de
seg_00481,train,DE,2021-02-19,citizens,shifting responsibility,"Also es bietet Schutz, und deswegen ist es aus meiner Sicht sehr wichtig, dass, wenn eine Impfung angeboten wird, sie auch wahrgenommen wird, man schützt sich und man schützt andere.",de
seg_00482,test,DE,2021-02-19,citizens,explaining/sharing responsibility,"Ich meine bekommen jeden Tag viele Nachfrage, viele Briefe, viele Situationen, wo Menschen beschreiben, warum sie jetzt eigentlich auch gerne geimpft werden sollten. Und da müssten auch wegen Vorerkrankungen, wegen ihrer beruflichen Situation das Impfangebot zu bekommen ist ein Privileg.",de
seg_00483,train,DE,2021-02-19,subnational level,explaining/sharing responsibility,"Der Impfstoff ist empfohlen. AstraZeneca für die 18 bis 64 jährigen, deswegen gehen alle Länder können jetzt übergehen in diesen Tagen denke ich wird das bei allen Ländern der Fall sein von prio Gruppe 1, 18 bis 64 jährige, auch in die Priorisierungsgruppe 2, das sind weiterhin Beschäftigte im Gesundheitswesen. E",de
seg_00484,train,DE,2021-02-19,citizens,praising,"Mein Eindruck ist, dass es hinreichend viele in Deutschland gibt, die dieses Angebot auch gerne sich zu schützen wahrnehmen werden",de
seg_00485,train,DE,2021-02-19,experts,explaining/sharing responsibility,"tzte Frage war ja die Frage, ob man wechseln soll zwischen erst und Zweitimpfung den Impfstoff. Das empfiehlt die Ständige Impfkommission ausdrücklich nicht, vor allem, weil es dazu keine Studiendaten bisher gibt. Deswegen werden wir erste und Zweitimpfung eben mit demselben Impfstoff mit dem gleichen Impfstoff auch weiterempfehlen und unbedingt vorsehen.",de
seg_00486,train,DE,2021-02-19,subnational level,explaining/sharing responsibility,"wissen Sie, es gibt jetzt so eine Zeitverzögerung am Anfang, weil die Länder natürlich erstmal die Infrastruktur aufbauen mussten, um jetzt auch AstraZeneca und anderes in die Verimpfung zu bringen",de
seg_00487,train,DE,2021-02-19,subnational level,explaining/sharing responsibility,"Wenn ich nur hinzufügen darf, den ersten Teil der Frage, es wird ja regional gesteuert, natürlich, wenn in einer Region alle Ärztinnen und Ärzte geimpft sind oder alle Pflegekräfte, dann wird regional natürlich die nächste Priorisierungsgruppe angegangen, nämlich Polizistinnen, Polizisten oder andere Bereiche des Gesundheitswesens, das können wir ja nicht zentral bundeseinheitlich machen, weil dafür ist die Demografie, die Situation, die Lage zu unterschiedlich, sondern die Länder machen das auch so. Lage angepasst regional. Wenn man in einer Region allen der Priorisierungsgruppe 1 das Angebot gemacht hat, dann kommt natürlich sozusagen fließender Übergang, auch die nächste Gruppe dran. Da wartet man jetzt nicht bis in jeder Region in Deutschland sozusagen die Situation erreichen, das passiert ja faktisch auch jeden Tag.",de
seg_00488,train,DE,2021-02-19,subnational level,explaining/sharing responsibility,"Also zu der Frage, dass es nicht auch vor allem in den ersten Tagen lokal und situationsbedingt auch zu Engpässen kommen kann, weil wenn alle gleichzeitig an einem bestimmten Ort möglicherweise das in Anspruch nehmen wollen, kann ich das nicht ausschließen. Das will ich gleich fürs Erwartungsmanagement vorneweg sagen.",de
seg_00489,test,DE,2021-02-19,citizens,explaining/sharing responsibility,"so zu der Frage, dass es nicht auch vor allem in den ersten Tagen lokal und situationsbedingt auch zu Engpässen kommen kann, weil wenn alle gleichzeitig an einem bestimmten Ort möglicherweise das in Anspruch nehmen wollen, kann ich das nicht ausschließen.",de
seg_00490,train,DE,2021-02-19,citizens,shifting responsibility,"ch weiß auch nicht, das ist ja eine Frage der Bereitschaft, ist ja keine Verpflichtung, sich testen zu lassen, es ist ein Angebot. Die Erfahrungen, die wir sehen in anderen Bereichen ist auch in anderen oder bei den Lehrerinnen und Lehrern haben die oder Bayern hat ja im Übrigen fällt mir gerade ein auch die Erfahrung durchaus mit einem Testangebot für alle ja schon in den letzten Wochen schon gemacht. Vielleicht doch 2 Sätze noch zu sagen, wie das angenommen wird, weil 100% nehmens Erfahrungsgemäß nicht an. Es nehmen eine große Zahl an. Es nehmen einige auch sehr regelmäßig an, aber Sie müssen ja sehen, die Testprozedur an sich ist ja keine Angenehme bei den Schnelltests, so dass das eben unterschiedliche Bereitschaft geben wird also, wenn jeder jeden Tag das Macht. Dann wird es ohne Zweifel Engpässe geben, das kann ich sicher sagen, aber das ist, denke ich, nicht das, was zu erwarten ist.",de
seg_00491,test,DE,2021-02-19,subnational level,explaining/sharing responsibility,"Die Erfahrungen, die wir sehen in anderen Bereichen ist auch in anderen oder bei den Lehrerinnen und Lehrern haben die oder Bayern hat ja im Übrigen fällt mir gerade ein auch die Erfahrung durchaus mit einem Testangebot für alle ja schon in den letzten Wochen schon gemacht",de
seg_00492,train,DE,2021-02-19,subnational level,praising,"aber die Länder sie müssen sehen die Teststrategien für Kitas und Schulen werden ja von den Ländern gemacht und umgesetzt und dort sind ja viele Länder tatsächlich jetzt schon dabei, sofort nach Zulassung solche Selbsttests dann auch in ihre Kita und Schulteststrategien einzubauen.",de
seg_00493,train,DE,2021-02-19,subnational level,explaining/sharing responsibility,"aber die Länder sie müssen sehen die Teststrategien für Kitas und Schulen werden ja von den Ländern gemacht und umgesetzt und dort sind ja viele Länder tatsächlich jetzt schon dabei, sofort nach Zulassung solche Selbsttests dann auch in ihre Kita und Schulteststrategien einzubauen.",de
seg_00494,test,DE,2021-02-19,subnational level,explaining/sharing responsibility,"Also wenn wir das jetzt mit den Kolleginnen und Kollegen in den Ländern besprechen, jetzt sehr zeitnah und dort, was sich ja abzeichnet, ein relativ großer Konsens ist, dann werden wir die Verordnung zügig ändern können, und dann müssen die Länder, da sind wir wieder bei der Frage von gerade, also der Abfolge.",de
seg_00495,train,DE,2021-02-19,subnational level,shifting responsibility,"dann müssen die Länder nach ihrem Impffortschritt im Land entscheiden wann sie eben in den nächsten Wochen jeweils damit beginnen und beginnen können, weil die vorherige prioritäre Gruppe schon geimpft ist oder ein Impfangebot bekommen hat.",de
seg_00496,train,DE,2021-02-19,citizens,shifting responsibility,"Also grundsätzlich ist vorgesehen, dass, wer sein Angebot nicht, also man kann ja entscheiden, ob man sich impfen lassen will oder nicht, aber wer jetzt zu diesem Zeitpunkt nicht will, mit dem angebotenen Impfstoff, der ist dann halt jetzt zu diesem Zeitpunkt auch kann nicht geimpft werden. Zu diesem Zeitpunkt, das heißt nicht zu einem späteren Zeitpunkt, wenn man natürlich in einer nach einer Woche sagt, man ist jetzt doch bereit, diesen Impfstoff zu nehmen, dann denke ich, wird das problemlos möglich sein, sich dann wieder auch anzumelden und einen Termin geben zu lassen",de
seg_00497,train,DE,2021-02-19,experts,explaining/sharing responsibility,"Und wir haben damals schon immer darauf hingewiesen, auch Herr Professor Wieler und ich, dass man immer den Gesamtkontext sehen muss und nicht nur eine Zahl.",de
seg_00498,train,DE,2021-02-19,,credit claiming,"Und wir haben damals schon immer darauf hingewiesen, auch Herr Professor Wieler und ich, dass man immer den Gesamtkontext sehen muss und nicht nur eine Zahl.",de
seg_00499,train,DE,2021-02-19,subnational level,explaining/sharing responsibility,Also wir haben ja in den ersten Bundesländern bereits seit dieser Woche beginnend Kita und Schule unter bestimmten Hygienebedingungen.,de
seg_00500,train,DE,2021-02-26,,credit claiming,2 Monate nach Beginn der Impfkampagne können wir erste Erfolge verzeichnen.,de
seg_00501,test,DE,2021-02-26,citizens,praising,"Fast alle Bewohnerinnen und Bewohner von Alten und Pflegeheimen haben inzwischen ein erstes Impfangebot bekommen, viele sind auch schon zweitgeimpft und die allermeisten, und das ist das besonders ermutigende, haben dieses Angebot auch angenommen. Mehr als 40% der eingesetzten Impfdosen bisher wurden über 80 jährigen verabreicht, in einigen Bundesländern sind schon die Mehrheit der über 80 jährigen geimpft. Das zeigt Wirkung. Das Risiko, an Corona zu erkranken, hat sich für unsere höchstbetagten Bürgerinnen und Bürger deutlich reduziert.",de
seg_00502,train,DE,2021-02-26,,credit claiming,"Auch sonst gewinnt die Impfkampagne Anfahrt. Wir haben stand heute, also bis gestern Abend, 5,7 Millionen Impfungen in Deutschland, 4.5 Prozent der Bevölkerung sind geimpft mit einer Erstimpfung. Über 2% mit einer Zweitimpfung bereits, 160‘000 Impfungen am Tag in den letzten 2 Tagen, das waren die 2 Höchststände die wir bisher hatten. Bis Ende kommender Woche werden wir voraussichtlich insgesamt bis an die und über 11‘000‘000 Impfdosen an die Länder ausgeliefert haben.",de
seg_00503,train,DE,2021-02-26,subnational level,explaining/sharing responsibility,"Wir sehen absehbar, dass einige der Länder auch an Kapazitätsgrenzen kommen, es ist auch jetzt auf notwendig ist, zusätzliche Kapazitäten aufzubauen. Noch liegt zu viel Impfstoff im Kühlschrank, auch das muss Anfahrt weiter gewinnen. Einige Länder haben uns, haben mich daher gebeten, dass wir in der Impfverordnung ausdrücklich regeln, dass sie auch Arztpraxen beauftragen können. Das werden wir zeitnah ausdrücklich regeln und auch Vergütungen für die Ärzte vorsehen, das ist der erste Schritt, jetzt richtig auseinanderzuhalten. Der erste Schritt ist, die Länder können, wie es einige ja auch schon begonnen haben, in ihren Konzepten Arztpraxen beauftragen. Etwa bei Personen mit Vorerkrankungen Impfungen vorzunehmen. Das sind dann ausgewählte Praxen, onkologische Praxen zum Beispiel in einigen Bundesländern für Krebspatienten, der nächste Schritt, und auch der wird absehbar notwendig werden angesichts der steigenden Mengen ist es dann beides möglich, die Arztpraxen insgesamt regelhaft in die Impfkampagne mit einzubeziehen, wir sehen mit den steigenden Mengen, die wir erwarten dürfen, wenn wir jetzt auch die ersten, hoffentlich bald ersten Lieferdaten aller Hersteller haben auch für den April, können wir dann gut und besser abschätzen, wann der richtige Moment ist. Zusätzlich zu den impf Zentren der Länder dann auch die Arztpraxen mit einzubeziehen. Wir sind dafür konzeptionell natürlich schon im Gespräch in der Vorbereitung, das braucht ja dann auch eine Verordnung. Ergänzung als Grundlage dazu im Gespräch mit den Ländern, mit den Ärzten, mit den Apotheken und den Großhändlern",de
seg_00504,train,DE,2021-02-26,experts,praising,"ls Bürgertest sowie in Tübingen Frau Doktor Federlein und das Team in Tübingen, das hier machen und wo ja gezeigt wird, gelebt wird, was Organisationskraft, Pragmatismus, Kreativität vor Ort eben dann für einen Unterschied auch machen können mit diesem Instrument der Schnelltest.",de
seg_00505,train,DE,2021-02-26,citizens,explaining/sharing responsibility,"Wichtig für beide Tests ist der Hinweis, sie geben Sicherheit, zusätzliche Sicherheit, aber keine hundertprozentige Sicherheit. Ein negativer Test bedeutet nicht, dass man dann nicht mehr vorsichtig sein muss und ein positiver Test ist nichts anderes als die Aufforderung, das Ergebnis noch einmal ärztlich zu überprüfen.",de
seg_00506,train,DE,2021-02-26,,credit claiming,"Wir haben dafür ein Verfahren aufgesetzt. Alles, was auch mich, was die, weil ich natürlich durch den Bundestag und durch die Kolleginnen und Kollegen auch viel dann direkt erhalten. Habe immer weitergeleitet an die Kolleginnen und Kollegen. Wir haben einen Beschaffungsstab eingerichtet, federführend durch unser Ministerium in der Bundesregierung und an unseren Betriebsführern, und es gab dann relativ bald ein sehr eingespieltes Verfahren wieder mit umzugehen ist.",de
seg_00507,train,DE,2021-02-26,experts,shifting responsibility,Zu dem Teil kann sich Herr Professor Wieler was sagen.,de
seg_00508,train,DE,2021-02-26,subnational level,blaming,"auch wenn ich die Zahlen heute morgen nehme, mein Eindruck, dass das vor allem auch was zu tun hat, sozusagen mit der Organisation, mit der Terminvergabe, bis das alles auch stärker angelaufen ist in vielen Bundesländern",de
seg_00509,train,DE,2021-02-26,citizens,blaming,"es mag den einen oder anderen geben, der das Angebot nicht annimmt, wo wir unbedingt dazu raten. Dieser Impfstoff ist sicher und wirksam, er schützt, man schützt sich und andere.",de
seg_00510,train,DE,2021-02-26,citizens,shifting responsibility,"also es gibt ausreichend Bürgerinnen und Bürger, da bin ich sehr sicher, die das Angebot auch in der Prio Gruppe 2 annehmen werden",de
seg_00511,train,DE,2021-02-26,subnational level,explaining/sharing responsibility,"Es muss jetzt nur, und das scheint mir im Moment eher das Thema zu sein, ankommen, das Angebot, und da sind wir auch im engen Austausch mit den Ländern,",de
seg_00512,train,DE,2021-02-26,experts,explaining/sharing responsibility,"die Zweitimpfung Astrazeneka ist empfohlen von der Ständigen Impfkommission zwischen 9 und 12 Wochen zu machen, es gibt Daten, ich glaube auch aus Schottland, aber auch aus anderen Bereichen, wo wir sehen, wo auch die STIKO ich gebeten habe, sich das noch mal anzuschauen, dass 12 Wochen zu einer höheren Wirksamkeit führt als 9.",de
seg_00513,test,DE,2021-02-26,subnational level,explaining/sharing responsibility,"Nicht wenige Länder bitten darum, und das werden wir auch möglich machen, dass wir ihnen ermöglichen, mit den Krankenkassen zu kooperieren.",de
seg_00514,train,DE,2021-02-26,subnational level,praising,"Und natürlich ist der Weg dann in die Arztpraxen einer, wie gesagt, es gibt Bundesländer, die arbeiten schon zum Beispiel mit onkologischen Praxen zusammen, um in den Praxen Krebspatienten dann auch zu impfen, so dass es dort verschiedene Ansätze gibt.",de
seg_00515,train,DE,2021-02-26,,credit claiming,"Wir haben, ich hab ja auch am Mittwoch im Deutschen Bundestag noch mal deutlich gemacht, dass aus meiner, aus unserer Sicht diese Pandemie in ihrer ganzen Komplexität sich nicht auf eine Zahl reduzieren lässt. Ich erinnere noch sehr gut, wie wir vor einem Jahr etwa alle ja nicht einem Jahr, 10 Monaten über den R wert sehr intensiv diskutiert haben, und es macht zum Beispiel den Unterschied, ob sie 35 von unten erreichen oder von oben",de
seg_00516,train,DE,2021-02-26,experts,explaining/sharing responsibility,"das ist ja genau das was die Lageberichte des RKIs jeden Tag tun, sehr umfassend das Bild schildern im Gesundheitswesen über das Infektionsgeschehen und anderes mehr, aber die Inzidenzen sind immer ein guter Indikator hinzuschauen, also wann ist ein Moment, wo man sozusagen auch spätestens hingeschaut haben sollte.",de
seg_00517,train,DE,2021-02-26,experts,explaining/sharing responsibility,"Also es sind wichtige Indikatoren, wichtige Bezugspunkte, auch durchaus für die Frage von Maßnahmen, aber eben genauso wichtig ist es, das hat das Robert Koch Institut gesagt, das haben wir immer gesagt, das ganze Bild zu sehen und einzuordnen.",de
seg_00518,test,DE,2021-02-26,,credit claiming,"Wie gesagt, wir wähnten uns auf einem wirklich guten Weg. Wir waren ja auch auf einem wirklich guten Weg. Über 3-4 Wochen, die gesehen haben, wie die Inzidenz sinkt, das Infektionsgeschehen sinkt, die Belastung fürs Gesundheitswesen geringer wird, weniger aktive Fälle auf den Intensivstationen, wir Entspannung gesehen haben, die Positivrate bei den Tests runtergeht, also alle Indikatoren waren sehr sehr, sehr ermutigend dafür, dass das jetzt wahrscheinlich hätte so weitergehen können.",de
seg_00519,train,DE,2021-02-26,subnational level,explaining/sharing responsibility,"aber wenn wir mal auf das aktuelle Infektionsgeschehen sehen, sehe ich, dass die 35 in sehr naher Nähe, bundesweit und für viele Bundesländer erreichbar sind.",de
seg_00520,train,DE,2021-02-26,subnational level,explaining/sharing responsibility,"Wenn ich das nur ergänzen darf, wenn ich jetzt nicht der Eindruck entsteht, dass der Bund jetzt flächendeckend schafft und organisiert, sondern im Gegenteil, ich finde gerade das Beispiel Tübingen vorneweg, aber wir haben ja mittlerweile Böblingen, Schmalkalden, viele andere wo sich zeigt, dass wenn wir den Rahmen setzen. Die Übernahme der Kosten, den rechtlichen Rahmen für die Nutzung der Tests, übrigens ja auch den Rahmen dann gesetzt haben, dass Lehrerinnen und Lehrer sich selbst sozusagen nach Schulungen testen können und anderes mehr, dass da wahnsinnig viel entsteht vor Ort. Wir müssen die Möglichkeiten geben, wir müssen die Finanzierung sicherstellen, an Tests zu kommen, ist auch nicht, ich habe heute schon wieder gelesen, wir müssen einen Test bestellen, weil also ein Schnelltest zu kommen ist im Moment ?",de
seg_00521,test,DE,2021-02-26,subnational level,explaining/sharing responsibility,"der Bund müsse jetzt im ganzen Land alles organisieren die Beschaffung das testen die sonst wie was, das wird nicht gut gehen können sondern wir Leben doch gerade als föderaler, subsidiärer Staat genau von der Kreativität wir müssen sie freihalten von möglichst erstens finanziellen Themen dabei",de
seg_00522,test,DE,2021-02-26,subnational level,shifting responsibility,"da hab ich schon auch noch Vertrauen in die Marktwirtschaft, wird da sehr viel Angebot entstehen. Das muss nicht immer alles zentral passieren, wir müssen einen Rahmen setzen, zentral, das ist wichtig.",de
seg_00523,train,DE,2021-02-26,,credit claiming,Im Übrigen haben wir ja auch mit dem Masernvirus Leben gelernt und mit vielen anderen uns ganz gut.,de
seg_00524,train,DE,2021-03-12,,credit claiming,"Wir konnten, Bürgerinnen und Bürger, Bewohnerinnen und Bewohner in den Pflegeheimen impfen. Viele der über 80 Jährigen konnten bereits geimpft werden oder haben zeitnah einen Impftermin, in einigen Ländern bereits die ersten über 70 jährigen. Die Zahl der Infektionen, der Krankenhausbehandlung und der zu beklagenden Todesfälle gerade bei den Höchstbetagten und Älteren gehen deutlich zurück.",de
seg_00525,train,DE,2021-03-12,subnational level,explaining/sharing responsibility,"Pflegeheime können auch Zug um Zug, ihre strikten Isolations- und Besuchsregeln lockern wie es Nordrhein-Westfalen beispielsweise gerade macht.",de
seg_00526,train,DE,2021-03-12,,credit claiming,"Und im Übrigen, auch das finde ich, sollten wir gelegentlich wahrnehmen, wenn wir schauen über die letzten 5-6 Monate im europäischen Vergleich gibt es wenige Länder unserer Größe und geographischen Lage, die während der ganzen zweiten Welle im unteren Drittel beim Infektionsgeschehen und bei der Dynamik gewesen sind, bei allem, was besser geht und bei allem, was wir auch betrachten müssen, wo wir Infektionsgeschehen noch besser in den Griff bekommen müssen. Wir haben im europäischen Vergleich bis hierhin auch in der zweiten Welle viele, viele Bürger vor Erkrankung und schwersten Verläufen schützen können.",de
seg_00527,train,DE,2021-03-12,subnational level,explaining/sharing responsibility,"Auch deshalb und weil wir nicht länger im absoluten Lockdown erstarren können, haben sich Bund und Länder zu vorsichtigen Öffnungsschritten entschieden.",de
seg_00528,train,DE,2021-03-12,subnational level,praising,"Zum Testen, diese Woche haben bereits viele Länder und viele Landkreise und Städte in Deutschland mit den Schnelltests für alle mit den Bürgertests begonnen, gemessen auch an der kritischen öffentlichen Debatte ist das ein Erfolg",de
seg_00529,test,DE,2021-03-12,,credit claiming,der Bund zahlt den Test mindestens einmal pro Woche,de
seg_00530,train,DE,2021-03-12,subnational level,praising,"die Länder und Kommunen die Testzentren vor Ort besorgen, die Schnelltests und bauen Schritt für Schritt die Infrastruktur auf. Das funktioniert noch unterschiedlich gut, aber es funktioniert und das funktioniert an ganz vielen Stellen im Land auch schon sehr gut.",de
seg_00531,train,DE,2021-03-12,subnational level,praising,"Und in zumindest sehr vielen Teilen des Landes klappt es schon mit dem umfassenden Schnelltest Angebot, mit dem Bürgertest und in den Landkreisen und Städten, wo es noch im Aufbau ist, ist es insbesondere auch für nächste Woche schon angekündigt und von letzten Mittwoch bis heute, finde ich, ist das schon ein enormer Erfolg",de
seg_00532,train,DE,2021-03-12,,credit claiming,"Und in zumindest sehr vielen Teilen des Landes klappt es schon mit dem umfassenden Schnelltest Angebot, mit dem Bürgertest und in den Landkreisen und Städten, wo es noch im Aufbau ist, ist es insbesondere auch für nächste Woche schon angekündigt und von letzten Mittwoch bis heute, finde ich, ist das schon ein enormer Erfolg",de
seg_00533,train,DE,2021-03-12,citizens,shifting responsibility,"Es ist weiterhin wichtig, auch die anderen Regeln Abstand, Hygiene, medizinische Schutzmasken einzuhalten",de
seg_00534,train,DE,2021-03-12,,credit claiming,"Ich habe hier letzte Woche Freitag angeboten mitzuhelfen dafür zu sorgen, dass die Länder tatsächlich für Kitas und Schulen auch Tests bestellen können. Die ersten sind am Mittwoch vorgestern ausgeliefert worden aus dieser Ankündigung aus den Verträgen, die wir als Rahmenverträge geschlossen haben, als Bund, und es werden weitere folgen können.",de
seg_00535,train,DE,2021-03-12,subnational level,explaining/sharing responsibility,"Wir haben ein weiteres Angebot an die Länder geschickt, bis zu 62 Millionen Selbsttests sind März und April, jetzt kurzfristig auch mit ersten Lieferungen abgesichert, sodass die Brücke, bis die Ausschreibung der Länder selbst, die ja für Kitas und Schulen in Ausschreibungen sind, dass wir diese Brücke bauen können, das eben sehr zügig, wie gesagt vor 2 Tagen die erste Auslieferung, dann eben auch Tests verfügbar sind.",de
seg_00536,test,DE,2021-03-12,citizens,praising,"Zum Impfen, über 7% der Deutschen sind einmal mindestens geimpft, sind über oder um die 6 Millionen. Wir haben übrigens erstmalig jetzt Tageshöchstwerte bei den täglichen Impfungen erreicht. In den letzten 2 Tagen jeweils über zweihundertsiebzigtausend Impfungen pro Tag jeweils zweihunderttausend Erstimpfungen pro Tag etwa. Wir sehen also, es gewinnt deutlich an Dynamik",de
seg_00537,train,DE,2021-03-12,,credit claiming,"Zum Impfen, über 7% der Deutschen sind einmal mindestens geimpft, sind über oder um die 6 Millionen. Wir haben übrigens erstmalig jetzt Tageshöchstwerte bei den täglichen Impfungen erreicht. In den letzten 2 Tagen jeweils über zweihundertsiebzigtausend Impfungen pro Tag jeweils zweihunderttausend Erstimpfungen pro Tag etwa. Wir sehen also, es gewinnt deutlich an Dynamik",de
seg_00538,train,DE,2021-03-12,subnational level,explaining/sharing responsibility,"Die Gesundheitsministerinnen und Minister von Bund und Länder haben dafür einen Beschluss erarbeitet, so früh wie möglich, spätestens aber Mitte April sollen auch niedergelassene Ärzte routinemäßig in die Corona Impfkampagne einbezogen werden immer mit dem wichtigen Hinweis, wenn die Lieferungen wie zugesagt erfolgen. Warum nicht früher, fragen viele. Weil die Länder und die Kommunen vor Ort auch die Impfzentren weiter laufen lassen wollen und weil es noch nicht genug Impfstoff gibt, um alle Impfzentren und parallel alle Arztpraxen zu versorgen.",de
seg_00539,test,DE,2021-03-12,,credit claiming,"Gerade die Zahlen bei den über 80 Jährigen zeigen, wie wichtig es war und ist zu priorisieren. Hätten wir nicht zuerst die Pflegeheimbewohnerinnen und Bewohner und die besonders gefährdeten, nämlich die Hochbetagten, geimpft, hätten wir weniger Menschen geschützt vor schwersten und tödlichen Verläufen in den letzten Wochen.",de
seg_00540,train,DE,2021-03-12,subnational level,explaining/sharing responsibility,"deswegen finde ich es sehr wichtig, dass wir auch gemeinsam das Saarland dabei unterstützen, das zu vermeiden.",de
seg_00541,train,DE,2021-03-12,citizens,shifting responsibility,"Es machen die Menschen ja im Zweifel zu Hause in ihrer Privatwohnung diesen Selbsttest in Selbstverantwortung, und darüber haben wir natürlich keinen abschließenden Überblick wer sich wie Selbsttest leistet an der Stelle. Was dann passiert und unsere ausdrückliche Empfehlung ist, bei den Schnelltests wird es regelhaft passieren in den Testzentren und den Arztpraxen und bei den Selbsttests ist die ausdrückliche Empfehlung sich zu wenden bei einem positiven Testergebnis an den Arzt an 11 611 7 um eine PCR Bestätigungstestung zu veranlassen",de
seg_00542,train,DE,2021-03-12,experts,explaining/sharing responsibility,"Deswegen ist die Gesamteinordnung wichtig und deswegen ist ja das wichtig, was der Professor Wieler gesagt hat, dass wir die anderen Werkzeuge, die wir haben, die Sentinel Praxen, wie entwickeln sich Atemwegserkrankungen und das ist ne gleichbleibende Größe jetzt über Monate, die wir da haben.",de
seg_00543,train,DE,2021-03-12,citizens,shifting responsibility,"Und wir müssen eben deswegen das immer ergänzen mit weiteren Instrumenten und den Bürgerinnen und Bürgern genauso sagen, umso mehr es Schnell- und Selbsttest gibt, desto mehr ist die Verantwortung auch beim Einzelnen.",de
seg_00544,train,DE,2021-03-12,citizens,blaming,Gerade Selbsttest heißt immer auch Selbstverantwortung.,de
seg_00545,train,DE,2021-03-12,experts,shifting responsibility,Vielleicht kann sogar Frau Richter Scheer auch noch mal aus dem Alltag mit AstraZeneca berichten dazu.,de
seg_00546,train,DE,2021-03-12,,credit claiming,"wir nehmen die Meldung sehr, sehr ernst. Und bewerten sie natürlich sofort",de
seg_00547,test,DE,2021-03-12,experts,shifting responsibility,"Und bewerten sie natürlich sofort und bitten sowohl die europäischen Arzneimittelbehörden wie das Paul Ehrlich Institut ne Bewertung vorzunehmen. Die findet auch, hat stattgefunden und findet natürlich weiter statt. Die Europäische Arzneimittelagentur hat nach Beratung der Experten gestern erklärt, dass es keine auffällige Häufung von Thrombosen im zeitlichen Zusammenhang mit der Impfung gebe, das Paul Ehrlich Institut analysiert die Lage parallel und kommt auch für Deutschland zu derselben Einschätzung",de
seg_00548,train,DE,2021-03-12,experts,shifting responsibility,"Das Paul Ehrlich Institut begleitet das intensiv mit den Behörden vor Ort, um zu erkennen, ob, das ist ja die Frage, gibt es einen kausalen Zusammenhang oder ist es nur in Anführungszeichen ein zeitlicher Zusammenhang, der statistisch natürlich sich ergeben kann, wenn sie 3, 5, 10 Millionen Menschen impfen? Mit einem Impfstoff wird statistisch bestimmte Erkrankungen, die auch sonst 3, 5 oder 10 Millionen Menschen ohne Impfung hätten, dann auch im zeitlichen Zusammenhang auftauchen. Die Frage ist, gibt es einen ursächlichen Zusammenhang? und dafür, das sagen uns das Paul Ehrlich Institut,",de
seg_00549,train,DE,2021-03-12,,credit claiming,"Wir sind aufmerksam. Wir klären auf, Transparenz, das Paul Ehrlich Institut veröffentlicht jede Woche die Meldung, die es auch gibt im Zusammenhang mit der mit den Impfungen, und zwar nicht nur Impfreaktionen, sondern eben auch Folgewirkungen, die erstmal im zeitlichen Zusammenhang stehen und geht dem intensiv nach, wie andere Behörden auch. Also wir machen das sehr transparent, sehr sehr offen",de
seg_00550,train,DE,2021-03-12,experts,explaining/sharing responsibility,"das Paul Ehrlich Institut veröffentlicht jede Woche die Meldung, die es auch gibt im Zusammenhang mit der mit den Impfungen, und zwar nicht nur Impfreaktionen, sondern eben auch Folgewirkungen",de
seg_00551,train,DE,2021-03-12,citizens,explaining/sharing responsibility,"ich finde wir haben auch ne gemeinsame Verantwortung, wenn ich das sagen darf, entsprechend einzuordnen, weil die Transparenz Voraussetzung ist für Akzeptanz und gleichzeitig aber eben aus der Transparenz finde ich dann auch nichts entstehen darf, was dann fälschlicherweise Akzeptanz reduzieren würde und mit dem, was wir bisher wissen ist der Nutzen auch nach allen Vorfällen, die bisher berichtet und untersucht wurden, bei weitem höher als das Risiko und das gilt auch weiterhin.",de
seg_00552,train,DE,2021-03-12,,credit claiming,"wenn ich die Wahl habe, dafür zu sorgen, dass nächste Woche Ärztinnen und Ärzte und Pflegekräfte Masken haben, oder eben ein Verfahren von 6 Monaten einzuhalten, entscheide ich mich in einer Pandemie und in der Not dafür, schnell zu handeln.",de
seg_00553,train,DE,2021-03-12,subnational level,praising,"die aller aller allermeisten Kolleginnen und Kollegen haben schlicht und ergreifend das getan, was viele andere Bürger, Landräte, Abgeordnete aus anderen Parlamenten auch gemacht haben Hinweise, die sie erreicht haben, was helfen könnte, in der Not weiterzuleiten,",de
seg_00554,train,DE,2021-03-12,citizens,praising,"die aller aller allermeisten Kolleginnen und Kollegen haben schlicht und ergreifend das getan, was viele andere Bürger, Landräte, Abgeordnete aus anderen Parlamenten auch gemacht haben Hinweise, die sie erreicht haben, was helfen könnte, in der Not weiterzuleiten,",de
seg_00555,train,DE,2021-03-12,experts,shifting responsibility,wie Herr Professor Wieler gesagt hat,de
seg_00556,train,DE,2021-03-12,subnational level,praising,"das ist in vielen Ländern schon passiert, ob in Vorpommern, ob in Hamburg, ob im Saarland oder eben hier in Berlin.",de
seg_00557,train,DE,2021-03-12,subnational level,shifting responsibility,"Wir haben ausdrücklich gesagt, die Länder sollen jetzt in einem ersten Schritt, Arztpraxen mit einbinden, etwa um zum Beispiel onkologische Praxen und Krebspatienten auch von dem eigenen behandelnden Arzt impfen lassen zu können, der weiß am besten Bescheid.",de
seg_00558,train,DE,2021-03-12,subnational level,shifting responsibility,"Und wenn die Länder gleichzeitig sagen, und das war die Diskussion am Mittwoch, die Grundlast in den Impfzentren im April soll 2,25 Millionen Impfungen pro Woche sein. Wir haben einen niedrigeren Wert vorgeschlagen, aber die Einigung war am Ende 2,25 Millionen in den Impfzentren pro Woche",de
seg_00559,test,DE,2021-03-12,experts,shifting responsibility,"wenn der Arzt in seiner Praxis impft, dann ist die Frage, wie er dokumentiert, für mögliche Haftungsfragen die Aufklärung, seine Verantwortung. Wenn der Arzt für sich entscheidet, das geht ohne schriftliche Bestätigung, dann ist das ja OK, seine Verantwortung.",de
seg_00560,train,DE,2021-03-12,subnational level,shifting responsibility,"In den Impfzentren haben das eben die Kommunen, zumal das ja auch andere Situationen sind.",de
seg_00561,train,DE,2021-04-29,,credit claiming,"aber insgesamt ja in den letzten Tagen gesehen eine deutliche Steigerung bei den Impfungen. Vor 4 Monaten, am 27. Dezember, wurde zum ersten Mal jemand in Deutschland geimpft. Mittlerweile sind es über 20 Millionen Menschen, die eine erste Impfung haben in Deutschland erhalten können, gegen COVID-19, und die Zahl steigt weiter ständig und seitdem wir die Arztpraxen einbezogen haben und die Voraussetzungen mehr Impfstoff zur Verfügung haben, sehen wir jetzt auch, und ich gehe davon aus, auch in dieser Woche immer mal wieder auch neue Tagesrekorde. Das sind gute Nachrichten auch bei aller Kritik an dem erwarteten langsamen Start im ersten Quartal. Wir schaffen nämlich mit diesen Impfungen die Voraussetzungen dafür, dass wir mehr Alltag wieder möglich machen können, Schritt für Schritt.",de
seg_00562,train,DE,2021-04-29,citizens,blaming,"Das reicht aber leider noch nicht, denn die Zahlen insgesamt sind noch zu hoch, das zeigt auch der Blick auf die Intensivstation, die sind weiterhin in zu vielen Städten, in zu vielen Regionen zu voll. COVID-19 Patienten müssen teilweise verlegt werden, Ärzte und Pflegekräfte arbeiten seit Monaten, spätestens seit Beginn der zweiten Welle am Anschlag in vielen Intensivstationen.",de
seg_00563,train,DE,2021-04-29,,credit claiming,". Ich will aber noch mal ausdrücklich sagen, sie hat sehr viel Sinn gemacht und macht es bis heute, wir haben Menschenleben geschützt, das ist keine Bürokratie, das ist Schutz von Menschenleben.",de
seg_00564,train,DE,2021-04-29,,credit claiming,"Und ich finde es weiterhin jeden Tag beeindruckend zu sehen, auch bei den Infektionen, bei den über 80 jährigen, wie sehr das Impfen dort einen positiven Unterschied macht",de
seg_00565,train,DE,2021-04-29,experts,explaining/sharing responsibility,"Schon nach Ostern haben wir auch auf Basis von einer Einschätzung des Robert Koch Instituts gesagt, das Getestete und Geimpfte, Geimpfte und aktuell Getestete gleichgestellt werden können bei vielen Bereichen",de
seg_00566,train,DE,2021-04-29,subnational level,praising,"viele Länder haben das richtigerweise schon in ihren Landesverordnungen umgesetzt,",de
seg_00567,train,DE,2021-04-29,experts,explaining/sharing responsibility,Das Robert Koch Institut hat im Übrigen auch schon vor 2 Wochen etwa die Regelungen und Empfehlungen zu Kontaktpersonen angepasst.,de
seg_00568,train,DE,2021-04-29,subnational level,explaining/sharing responsibility,"Einschränken von Freiheitsrechten, wie es durch Landesregelung, aber jetzt eben auch durch die Bundesnotbremse erfolgt ist, kann, soll, muss man dort einen Unterschied machen zwischen vollständig Geimpften und noch nicht vollständig Geimpften.",de
seg_00569,train,DE,2021-04-29,,credit claiming,"Und ja, wir haben ein anderes Gesundheitssystem und ja, wir haben auch ne Chance auf bessere Grundgesundheit bei uns hier in Deutschland",de
seg_00570,train,DE,2021-04-29,,credit claiming,"Und deswegen haben wir Schlüsse daraus gezogen, um uns selbst zu schützen,",de
seg_00571,train,DE,2021-04-29,,credit claiming,"wir gleichzeitig aber auch helfen und helfen wollen als Bundesregierung zum Hilfspaket der Bundesregierung trägt das Bundesministerium für Gesundheit waren im Wert von etwa 50 Millionen € bei, das sind 120 Beatmungsgeräte, das sind Medikamente, Remdisivier insbesondere und Schutzmasken, die wir auf Vorrat haben und die helfen sollen, die Not in Indien zu lindern",de
seg_00572,train,DE,2021-04-29,experts,praising,"Also eine bessere Einschätzung als diejenigen, die da jeden Tag dran forschen und entwickeln, kann ich tatsächlich nicht geben",de
seg_00573,train,DE,2021-04-29,experts,praising,"Aber ne bessere Zeitschiene vorher zu sagen als die Forscher selbst, traue ich mir nicht zu.",de
seg_00574,test,DE,2021-04-29,subnational level,explaining/sharing responsibility,"Aber das ist n Thema, dass wir natürlich auch mit den Ländern besprechen, wie auch das Impfen etwa Stadtteilbezogen die Diskussion der letzten Tage ist ja am Ende ne Organisation vor Ort, ich hab gestern auch ne Schalte gehabt mit dem Städtetag, dem Städte und Gemeindebund und dem Landkreistag, wo wir auch über diese Fragen gesprochen haben. Am Ende können die das am besten pragmatisch vor Ort entscheiden",de
seg_00575,train,DE,2021-04-29,,credit claiming,"Aber wir haben inklusive der Kinder und Jugendlichen ausreichend Mengen gesichert,",de
seg_00576,train,DE,2021-04-29,,credit claiming,"Ganz wichtig ist, was wir gerade sehr aktiv auch unterstützend begleiten.",de
seg_00577,train,DE,2021-04-29,subnational level,explaining/sharing responsibility,"darüber hab ich wie gesagt gestern noch mit den kommunalen Spitzenverbänden gesprochen, werde ich heute, heute ist es noch mal ne schalte mit den Landeskollegen, auch mit den Landeskollegen sprechen, das können wir nicht vom Bund",de
seg_00578,train,DE,2021-04-29,subnational level,shifting responsibility,"das können wir nicht vom Bund. Also ich kann nicht aus dem Bund die richtige Impfkampagne für Essen, Leipzig oder Offenbach planen.",de
seg_00579,train,DE,2021-04-29,,credit claiming,"Es ist schon eigentlich alles ziemlich flexibel. Auch das zu machen und eben die Informationskampagnen, die machen wir schon seit Beginn der ziemlich seit Beginn der Pandemie mehrsprachig, mittlerweile in über 20 Sprachen. Die Telefonhotlines sind zum Teil auch mittlerweile mehrsprachig. Wir machen bei Social Media mehr, als wir hier alle im Raum wahrnehmen, weil es natürlich zielgruppenspezifische Ansprache auch dort dann gibt.",de
seg_00580,train,DE,2021-04-29,citizens,explaining/sharing responsibility,"Gesundheitsbewusstes Verhalten muss man auch lernen, ist ne Frage, tatsächlich ja auch von Bildung und Erziehung.",de
seg_00581,test,DE,2021-04-29,experts,shifting responsibility,"Im Moment ist sie ja noch zurückhaltend bei der entsprechenden Empfehlung, weil sie eben sagt, dafür ist die Datenlage noch nicht da,",de
seg_00582,train,DE,2021-04-29,,credit claiming,"Was gelungen ist,",de
seg_00583,train,DE,2021-04-29,,credit claiming,"Wir haben es aber bisher jedenfalls geschafft, die anderen Varianten eben nicht, sich hier in Deutschland ausbreiten zu lassen",de
seg_00584,train,DE,2021-04-29,,credit claiming,"wir engagieren uns übrigens auch sehr, sehr stark, indem wir die Hersteller in Deutschland unterstützen, ihre Produktionskapazität aufzubauen.",de
seg_00585,train,DE,2021-04-29,subnational level,explaining/sharing responsibility,"das sind Landesverordnungen, es sind zum Teil kommunale Verordnungen, meinetwegen Click and Meet mit Testerfordernis, das gleichzustellen geht schnell",de
seg_00586,train,DE,2021-04-29,,credit claiming,"Einreiseverordnung gleichzustellen geht auch vergleichsweise schnell, sind wir gerade in der Erarbeitung, gehe ich davon aus, dass nächste Woche der Entwurf da ist.",de
seg_00587,test,DE,2021-04-29,subnational level,explaining/sharing responsibility,"Die Empfehlung zum Quarantäne des Robert Koch Instituts anzupassen, ging auch vergleichsweise schnell, ist seit 2 Wochen in Kraft, wird von den Gesundheitsämtern vor Ort umgesetzt.",de
seg_00588,train,DE,2021-04-29,experts,explaining/sharing responsibility,"Die Empfehlung zum Quarantäne des Robert Koch Instituts anzupassen, ging auch vergleichsweise schnell",de
seg_00589,train,DE,2021-04-29,citizens,explaining/sharing responsibility,die wir natürlich in unserer freiheitlichen Grundordnung zuerst auch immer vom Freiheitsaspekt her denken müssen.,de
seg_00590,test,DE,2021-04-29,subnational level,explaining/sharing responsibility,Dort haben wir ja seitens der Gesundheitsminister von Bund und Ländern Empfehlungen schon gemacht.,de
seg_00591,train,DE,2021-04-29,subnational level,praising,viele Länder haben es übrigens auch schon umgesetzt,de
seg_00592,train,DE,2021-04-29,experts,praising,Und das Robert Koch Institut untersucht ja auch jeden Fall eines Impfdurchbruches in einer Pflegeeinrichtung auch gleichzeitig sehr intensiv.,de
seg_00593,train,DE,2021-04-29,experts,shifting responsibility,auf Empfehlung der Ständigen Impfkommission,de
seg_00594,train,DE,2021-04-29,subnational level,praising,"dann finde ich, macht es Sinn, jetzt im Mai vor allem eben diese Priorisierung auch noch umzusetzen sowie die Länder es ja auch tun",de
seg_00595,train,DE,2021-04-29,,credit claiming,"aber jedenfalls über 25% werden wir erreicht haben, jedem vierten ein Angebot gemacht haben können, es werden jeden Tag mehr",de
seg_00596,test,DE,2021-04-29,,credit claiming,"die Ausgrenzung der Pflegekosten aus den Budgets, aus den Fallpauschalen, die größte Veränderung seit über 20 Jahren, haben wir vor dieser Pandemie bereits gemacht um das klare Signal an die Krankenpflege in den Krankenhäusern zu senden. Es kann nicht mehr zu Lasten der Pflege gespart werden, haben wir geregelt. Alles, was für Pflege ausgegeben wird, wird 1 zu 1 refinanziert, Tariferhöhungen werden 1 zu 1 refinanziert für die Pflege in den Krankenhäusern, Personalbemessung, Personaluntergrenzen auf Intensivstationen, aber auch in anderen Stationen habe ich eingeführt durch Ministerverordnung, weil die Selbstverwaltung zwischen Krankenkassen und Krankenhäusern nicht in der Lage war, sie zu verhandeln.",de
seg_00597,train,DE,2021-04-29,,credit claiming,"Das Zusammenführen der Ausbildung in den Pflegeberufen, des Abschaffung der Schulgelder, das Einführen einer Ausbildungsvergütung haben wir alles vor der Pandemie bereits begonnen, die Stärkung der unterschiedlichen Fachrichtungen vor der Pandemie begonnen",de
seg_00598,train,DE,2021-04-29,,credit claiming,"Aber ich lege auch da großen Wert darauf, dass in der Pflege in den letzten 3 Jahren in den Krankenhäusern mehr verändert worden ist als in vielen vielen Jahren zuvor, um den Beruf insgesamt attraktiver zu machen,",de
seg_00599,train,DE,2021-04-29,citizens,praising,"Deswegen bin ich übrigens den islamischen Glaubensgemeinschaften sehr dankbar, dass sie beim Thema jetzt Fastenbrechen sehr darum gebeten und dafür geworben haben, so schwer das fällt, dass eben weitestgehend in Kleinstgruppen, wenn überhaupt oder wenn es geht, digital zu machen.",de
seg_00600,train,DE,2021-04-29,,credit claiming,"Deswegen muss man natürlich darüber reden, man kann Probleme nur adressieren, wenn man sie bespricht, da war ich schon immer von überzeugt,",de
seg_00601,test,DE,2021-04-29,subnational level,explaining/sharing responsibility,"Ich meine das Land, das im Supermarkt impfen will, kann im Supermarkt impfen, da muss man da Ärzte hinstellen, muss man ne Station aufbauen, kann man im Supermarkt impfen, kann jedes Bundesland morgen machen, muss man nicht fordern, kann man machen, das gleiche gilt für Impfen in Stadtteilen. Kann man machen, ist alles möglich. Einige machen es auch schon, Köln soweit ich weiß.",de
seg_00602,test,DE,2021-04-29,subnational level,praising,"Einige machen es auch schon, Köln soweit ich weiß.",de
seg_00603,train,DE,2021-04-29,subnational level,explaining/sharing responsibility,"also wir schicken doch jede Woche Kontingente in die Länder, 2,25 Millionen Dosen gehen jede Woche in die Länder zu den Impfzentren",de
seg_00604,train,DE,2021-04-29,subnational level,explaining/sharing responsibility,"Ich habe gerade gesagt, ich werde noch auch mal Gespräche suchen mit einigen gesellschaftlichen Gruppen, aber im Städte- und Gemeindetag und an den Verbänden, kommunalen Spitzenverbänden darüber gesprochen, wo wir Rahmenbedingungen des Bundes verändern können und die Dinge leichter zu machen oder zu informieren, machen wir das auch. Aber die konkrete Entscheidung in einer Stadt, in einem Landkreis in einen Stadtteil zu gehen, die kann tatsächlich, und das finde ich übrigens auch vernünftig, in der föderalen Ordnung nicht aus Berlin heraus getroffen werden, sondern vor Ort.",de
seg_00605,train,DE,2021-04-29,,credit claiming,"Ich habe gerade gesagt, ich werde noch auch mal Gespräche suchen mit einigen gesellschaftlichen Gruppen, aber im Städte- und Gemeindetag und an den Verbänden, kommunalen Spitzenverbänden darüber gesprochen, wo wir Rahmenbedingungen des Bundes verändern können und die Dinge leichter zu machen oder zu informieren, machen wir das auch.",de
seg_00606,train,DE,2021-04-29,subnational level,praising,"Und so wie ich das wahrnehme, wird diese Entscheidung jeden Tag getroffen. Wir sollten jetzt echt nicht so tun, als wird das alles nicht stattfinden.",de
seg_00607,train,DE,2021-04-29,,credit claiming,"wir werben übrigens international sehr stark dafür, auch das Papier, den Impfausweis aus Papier weiterhin zu akzeptieren, weil es einfach auch Länder geben wird, die gar keine Chance haben, digitale Impfausweise gleich schon auszustellen.",de
seg_00608,train,DE,2021-04-29,,credit claiming,"Wir haben gestern zum ersten Mal mehr als ein Prozent der Bevölkerung an einem Tag geimpft und zweiter Rekord zum ersten Mal über 1 Million Impfungen. Wir hatten gestern 1,1 Millionen Impfungen knapp. Damit sind 25,9% der Deutschen mindestens einmal geimpft und 7,5% haben eine Zweitimpfung. Die Ärzte haben gestern 730‘000 Impfungen durchgeführt, die Impfzentren 360‘000 aber zum ersten Mal über ein Prozent der Bevölkerung, und zwar deutlich über ein Prozent, ein Prozent wären 830‘000 Impfungen, knapp 1,1 Millionen Impfungen zeigt, wie stark wir an Geschwindigkeit gewonnen haben",de
seg_00609,train,DE,2021-04-29,citizens,shifting responsibility,Aber jede Impfung ist Schutz für jemanden,de
seg_00610,train,DE,2021-04-29,experts,shifting responsibility,"wir können ja mal schauen, ob wir mal einen Long COVID Forscher oder Versorger mitbringen hier.",de
seg_00611,test,DE,2021-05-12,citizens,shifting responsibility,Eigentlich haben wir genau eine Wahl entweder man wird geimpft oder man wird infiziert im Laufe seines Lebens jeder wird dieses Virus sozusagen erleben im wahrsten Sinne des Wortes und ich würde im Zweifel immer empfehlen die Immunität durch Impfung erreichen zu wollen und nicht durch das Durchmachen der Infektionen möglicherweise der Erkrankung.,de
seg_00612,test,DE,2021-05-12,citizens,shifting responsibility,Das Impfen nimmt der Pandemie und der Infektion den Schrecken,de
seg_00613,train,DE,2021-05-12,,credit claiming,mit dem vierten Bevölkerungsschutzgesetz hat die Bundesregierung erstmals die Möglichkeit auch einheitlich für Deutschland Quarantänevorgaben bei der Einreise zu machen und nicht 16 verschiedene.,de
seg_00614,train,DE,2021-05-12,citizens,shifting responsibility,"Aber wir müssen jetzt sehr aufpassen, dass die Zuversicht nicht zu Übermut wird und dass wir nicht ein zu viel dann jetzt haben an Kontakten und an Lockerungen, weil die Frage wie Juli und August werden die entscheidet sich nicht heute, die inzidenzzahlen von letzter Woche sind nicht entscheidend für die Frage wie der Sommer wird sondern das entscheidet sich in den nächsten 4-5-6 Wochen ob wir im Sommer tatsächlich insgesamt eine bessere Lage haben werden können.",de
seg_00615,train,DE,2021-05-12,,credit claiming,"Die Infektionszahlen sinken, die Intensivstationen sehen im Moment eine Entlastung. Die Positivrate bei den Testungen geht zurück. Also alles geht in die richtige Richtung",de
seg_00616,test,DE,2021-05-12,citizens,shifting responsibility,"Und dann eben auch möglicherweise, wenn es um auch Sport oder anderes geht, vor allem die Dinge auf draußen zu konzentrieren, weil drinnen noch zurückhaltender zu sein und es vor allem auch zu verknüpfen mit Testerfordernissen.",de
seg_00617,test,DE,2021-05-12,citizens,shifting responsibility,und da kann jeder einzelne weiteren Beitrag zu leisten,de
seg_00618,train,DE,2021-05-12,citizens,praising,"Wir haben die Zahlen runtergebracht, weil so viele bereit sind und waren im Alltag für sich einmal mehr auch in dieser dritten Welle einen Unterschied zu machen, Kontakte zu reduzieren, sich impfen zu lassen, auch das macht eben einen entscheidenden Unterschied, wie wir sehen oder sich testen zu lassen",de
seg_00619,train,DE,2021-05-12,subnational level,explaining/sharing responsibility,"zu dieser Balance von Zuversicht und Vorsicht gehört übrigens auch, das ist ne Bereitschaft, braucht auf allen politischen Ebenen vor Ort, in den Ländern und im Bund dann, wenn die Inzidenzen wieder steigen sollten in einem bestimmten Bereich, in einem Landkreis, in einer Stadt, in einer Region, dann auch sehr schnell wieder ne Beschränkung einzuführen und nicht zu warten, bis es dann wieder richtig hochgestiegen ist.",de
seg_00620,train,DE,2021-05-12,,credit claiming,"Ziel war es immer, in dieser Pandemie das Gesundheitswesen vor Überlastung zu schützen, das ist uns auch gelungen,",de
seg_00621,train,DE,2021-05-12,citizens,shifting responsibility,"wichtig, sich zu erinnern, aufeinander aufzupassen, das machen wir für uns, das machen wir für unsere Leben, das machen wir aber auch, um gerade die Pflegenden zu entlasten und weitere Belastungen zu vermeiden",de
seg_00622,train,DE,2021-05-12,,credit claiming,"Und nach der Äusserung der letzten Tage auch der Kolleginnen und Kollegen aus dem Kabinett bin ich sehr zuversichtlich, dass wir etwa für die Frage der besseren Bezahlung von Altenpflegekräften auch noch vor dem Sommer in den parlamentarischen Wochen, die uns noch verbleiben, ein Kompromiss finden der sicherstellt, dass es regelhaft eine Tarifbezahlung oder tarifähnliche Bezahlung zumindest auch in allen Bereichen der Altenpflege gibt sowie das in der Krankenpflege auch der Fall ist, so dass aus dem Tag der Pflegenden tatsächlich nicht nur Worte, sondern auch Taten folgen.",de
seg_00623,train,DE,2021-05-12,,credit claiming,"dann würden wir damit im Zweifel ein Weltmaßstab setzen, weil wir die erste Region auf der Welt sind, der das überhaupt gelingt. Nicht nur eine nationale Lösung zu haben, sondern eine, die international anschlussfähig ist.",de
seg_00624,train,DE,2021-05-12,,credit claiming,"Die Corona warn App, ja, die hat auch 2-3 Wochen länger gedauert als in anderen Ländern. Sie hat bis heute nicht ein Datenschutz und nicht ein Datensicherheitsthema von wirklicher Relevanz gehabt.",de
seg_00625,test,DE,2021-05-12,citizens,shifting responsibility,"die gesellschaftliche Debatte jedenfalls noch nicht so weit war, dass schon alle einen Regelungsbedarf gesehen haben. Aus diesem Grund haben wir es ja dann damals wieder rausgenommen.",de
seg_00626,train,DE,2021-05-12,experts,explaining/sharing responsibility,"Die Frage, ob auch andere nicht in der EU zugelassene Impfstoffe gleich qualifiziert sind oder nicht, muss aus meiner Sicht geprüft werden idealerweise, das müssen wir europäisch tatsächlich noch vereinbaren, ansonsten wäre das für uns Paul Ehrlich Institut und Robert Koch Institut.",de
seg_00627,test,DE,2021-05-12,,credit claiming,Weil er drittens auch den Standort Deutschland stärkt.,de
seg_00628,train,DE,2021-05-12,citizens,shifting responsibility,"Am Ende ist es ja eine freiwillige Entscheidung. Eine freiwillige Entscheidung der Eltern oder ab einem bestimmten Alter auch der Jugendlichen selbst, ob sie sich impfen lassen wollen oder nicht.",de
seg_00629,train,DE,2021-05-12,experts,explaining/sharing responsibility,"Und dann auch eine Entscheidung, die man ja gemeinsam mit dem impfenden Arzt trifft. Das gilt aber für jede Impfung, egal ob ich 60 bin oder 16. Ist eine individuelle Entscheidung ob und ist ne Entscheidung mit dem Arzt wann und wie. Hinzu kann kommen eine Empfehlung der Ständigen Impfkommission zum Beispiel.",de
seg_00630,train,DE,2021-05-12,citizens,blaming,"Es geht übrigens hier nicht um Urlaub, wie ich heute Morgen gelesen habe, es geht darum, dass wir in einer Pandemie sind.",de
seg_00631,train,DE,2021-05-12,citizens,shifting responsibility,"Und in einer Pandemie ist um die Frage geht ja, wie ist der individuelle Schutz, aber natürlich auch wie ist der Gruppenschutz.",de
seg_00632,test,DE,2021-05-12,citizens,shifting responsibility,"Es bleibt natürlich unbedingt bei einer freiwilligen Impfung seine Entscheidung der Eltern mit den Kindern und den Ärzten, wenn es eine entsprechende Zulassung gibt und entsprechende Empfehlungen zum Impfen fließen, dann damit ein. Aber die Entscheidung bleibt trotzdem bei den Eltern und den Kindern.",de
seg_00633,train,DE,2021-05-12,citizens,shifting responsibility,"Also zuerst einmal ist es immer eine individuelle Entscheidung des zu Impfenden und bei jemand, der minderjährig oder nicht Entscheidungsfähig ist, dann eben in diesem Fall der Eltern auch ob geimpft wird oder nicht.",de
seg_00634,train,DE,2021-05-12,subnational level,explaining/sharing responsibility,"deswegen haben wir ja mit den Ländern bereits letzte Woche vereinbart, dass sich in den Ländern jetzt schon Gedanken gemacht werden soll für den Fall einer Zulassung wie man ein solches Impfangebot tatsächlich eben bis zum Ende der Sommerferien Ende August, in manche Bundesländer sind ein wenig früher.",de
seg_00635,train,DE,2021-05-12,subnational level,praising,"das passiert in den Reha Einrichtungen mit der Wissenschaft und das tut es in Mecklenburg-Vorpommern,",de
seg_00636,train,DE,2021-05-12,,credit claiming,"ich möchte, dass wir Kapazitäten in Deutschland und Europa aufbauen aus dieser Pandemie heraus, die auch bei Viruserkrankungen, ganz anderen Teilen der Welt, die für diese Region ein Riesenproblem sind, einfach helfen kann, weil wir hier Kapazitäten haben zu helfen.",de
seg_00637,train,DE,2021-05-12,citizens,explaining/sharing responsibility,"Und wenn sie, wenn wir alle gemeinsam weiterhin diese beiden Parameter halten, Inzidenzen sinken, impfen steigt dann ist gut.",de
seg_00638,train,DE,2021-06-10,,credit claiming,"Der Trend, den wir in den letzten Wochen auch schon hier haben beschreiben können, den wir gesehen haben, der ist ein guter und er setzt sich fort, das mache ich an 3 I fest. Die Infektionszahlen gehen runter, deutlich runter, die Intensivstationen leeren sich von COVID-19 Patienten, die behandelt werden müssen und die Impfzahlen steigen weiter, auch mit guter Geschwindigkeit. Wir hatten gestern den zweithöchsten Wert bei den täglichen Impfungen seit Beginn der Impfkampagne, damit sind mehr Lockerungen möglich, wir können wieder mehr Freiheit, mehr Normalität wagen und wer hätte vor 3-4 Wochen gedacht, dass wir Inzidenz unter 20 so deutlich und umfassend in einigen Bundesländern schon einstellig sehen würden? Das ist eine sehr, sehr gute, eine sehr, sehr ermutigende Entwicklung",de
seg_00639,train,DE,2021-06-10,citizens,praising,"Wir hatten gestern den zweithöchsten Wert bei den täglichen Impfungen seit Beginn der Impfkampagne,",de
seg_00640,test,DE,2021-06-10,,credit claiming,"in Deutschland haben wir inzwischen eine einzigartige Testinfrastruktur aufgebaut, in jeder Ecke, vom Münsterland bis in die Hauptstadt, vom Bodensee bis zur Ostsee, leicht zugänglich und kostenlos für jeden einen Bürgertest dieses Angebot wird jeden Tag hunderttausendfach millionenfach genutzt, um für sich selbst Sicherheit zu bekommen, aber auch um an Möglichkeiten des Alltages wieder teilnehmen zu können, ob es der Einzelhandel ist, die Gastronomie oder der Sport. Um diese Teststruktur schnell aufzubauen, haben wir wirtschaftliche Anreize gesetzt und die bürokratischen Hürden sehr niedrig gehalten.",de
seg_00641,train,DE,2021-06-10,subnational level,explaining/sharing responsibility,"das muss mit aller Härte des Gesetzes geahndet werden und deswegen finde ich es richtig und unterstütze ausdrücklich, dass die Länder, dass die Staatsanwaltschaften auch mit der entsprechenden Härte vorgehen, bis hin, dass es ja Haftbefehle gegeben hat. Das Signal muss sein: Betrug lohnt sich nicht. Wer betrügt, wird hart bestraft. Auch in diesem Bereich und wir haben auf die Betrugsfälle reagiert indem wir eine neue Testverordnung vorgelegt haben, gestern in die Abstimmung gegeben haben mit den Ländern und den Bundesressorts,",de
seg_00642,train,DE,2021-06-10,citizens,praising,"Die Dynamik, die das gewonnen hat bei allen, die jetzt zum Teil auch noch warten auf einen Impftermin, aber doch eine gute Entwicklung, fast jeder Vierte ist vollständig geimpft, hat einen vollen Impfsschutz",de
seg_00643,train,DE,2021-06-10,citizens,shifting responsibility,"mit Impfen schützt man sich und schützt man andere. Aber impfen erlaubt eben auch wieder mehr Freiheiten, gibt mehr Möglichkeiten.",de
seg_00644,train,DE,2021-06-10,subnational level,explaining/sharing responsibility,"viele Bundesländer werden in diesen Tagen beginnen, postalisch den QR Code zu versenden",de
seg_00645,train,DE,2021-06-10,,credit claiming,"Sie sehen, wir hatten angekündigt, dass es dieses Werkzeug bis zum Ende des zweiten Quartals geben können soll, wir halten hier Wort, vor den Sommerferien gibt es eine europäische Lösung Impfung digital nachzuweisen einfach auf dem Handy Europaweit gültig. Der CovPass wird dann in Rostock, Castrop-Rauxel und Tirschenreuth gleichermaßen verfügbar sein und akzeptiert werden",de
seg_00646,test,DE,2021-06-10,,credit claiming,"Ich kann nur sagen, bis jetzt ist es uns gelungen, die Dinge immer relativ zügig, die wir aufbauen wollten in der Pandemie, in der Notsituation dann auch aufzubauen, Intensivbetten sind schnell entstanden, es gab Beschlüsse der Länder, die Zahl verdoppeln zu wollen, der Intensivbetten und des Corona Kabinetts.",de
seg_00647,train,DE,2021-06-10,subnational level,explaining/sharing responsibility,"Es ist nicht nur Anlass, es wird ja natürlich in Diskussion mit den Ländern von uns schon seit Monaten adressiert.",de
seg_00648,train,DE,2021-06-10,subnational level,shifting responsibility,Und die Länder müssen natürlich auch einen Nachweis erbringen über die geschaffenen Betten,de
seg_00649,train,DE,2021-06-10,subnational level,explaining/sharing responsibility,"Es gab den Beschluss von Bund und Ländern, die Intensivkapazitäten in Deutschland verdoppeln zu wollen",de
seg_00650,train,DE,2021-06-10,subnational level,shifting responsibility,"Und dann haben wir ins Gesetz den Ländern den Auftrag gegeben, diese Mittel zu verwalten und zu zuweisen. Und ich müsste auch im föderalen Miteinander von Bund und Ländern davon ausgehen können und dürfen dass, wenn Länder Investitionszuschüsse ausreichen, die ja gebunden sind an bestimmte Bedingungen.",de
seg_00651,test,DE,2021-06-10,subnational level,explaining/sharing responsibility,"So ist das in der föderalen Struktur übrigens nicht nur in der Pandemie, sondern grundsätzlich, dass nicht wenige Förderprogramme dann eben auch über die Länder in der Verwaltung umgesetzt werden, und deswegen kann und soll das alles natürlich auch nachgehalten und mit Transparenz versehen werden.",de
seg_00652,train,DE,2021-06-10,,credit claiming,"Das ist jedenfalls sehe ich als Bundesminister für Gesundheit als oberste Aufgabe an, in einer solchen Situation zu helfen, dass Kliniken nicht ihren Betrieb einstellen",de
seg_00653,train,DE,2021-06-10,,credit claiming,"Hätte man manches anders gemacht? Das ist so, das kann ich konstatieren, das kann ich zugestehen, ohne Zweifel nur wenn die Ansage ist, vor Weihnachten sollen Schutzmasken ankommen, dann hab ich halt nicht 6 Wochen Zeit, sondern dann müssen wir sehen wie vor Weihnachten Schutzmasken ankommen.",de
seg_00654,test,DE,2021-06-10,,credit claiming,"kann ich jetzt nicht berücksichtigt, aber vor 10 Tagen war es so, dass eine von 5 Impfdosen, die über Covax weltweit finanziert werden, aus Deutschland finanziert werden, eine von 5. Wir sind der zweitgrößte Geldgeber. Und übernehmen damit wie wenige andere Länder eine Verantwortung für die Welt, aus humanitären Gründen, aber auch aus eigenem nationalem Interesse, weil wir n Interesse daran haben, dass die Welt schnell geimpft ist, etwa mit Blick auf Mutationen und anderes mehr.",de
seg_00655,train,DE,2021-06-10,,credit claiming,wir engagieren uns finanziell und wir engagieren uns und werden uns auch noch stärker engagieren in der Zahl der Dosen die wir direkt zur Verfügung stellen,de
seg_00656,train,DE,2021-06-10,,credit claiming,"wir werden unterstützen das Entstehen von Produktionsstätten und Kapazitäten auch in anderen Teilen der Welt, insbesondere Afrika",de
seg_00657,train,DE,2021-06-10,experts,explaining/sharing responsibility,"Wir haben echt gerade eine gute Entwicklung, aber Professor Wieler hat darauf hingewiesen, das ist jetzt hier noch nicht vorbei alles.",de
seg_00658,train,DE,2021-06-10,citizens,shifting responsibility,"Und insofern ist entscheidend am Ende das, was insgesamt entscheidend ist, draußen, Abstand, vielleicht idealerweise geimpft oder getestet. Alle Beteiligten. Und auch wenn es vielleicht schwer fällt, insbesondere, wenn es Freude oder weniger Freude gibt, Alkohol macht per se nachlässiger, was Schutz angeht, vielleicht etwas weniger Alkohol ist auch gesünder.",de
seg_00659,test,DE,2021-06-10,citizens,praising,von Millionen Deutschen jeden Tag genutzt worden ist und noch wird und dass ihnen Sicherheit gegeben hat und gibt für den Alltag,de
seg_00660,test,DE,2021-06-10,subnational level,explaining/sharing responsibility,"zum Beispiel wäre ich nie auf die Idee gekommen, sag ich ganz ehrlich, dass in dem Umfang per Allgemeinverfügung Beauftragungen stattfinden, also das ganze Bundesländer sagen: wir beauftragen nicht, in denen der Einzelne sozusagen, es kann ja niemand sich zu der Stelle erklären. Sondern man muss ja beauftragt sein, durch die zuständige Behörde. Und der weitere Anbieter, so steht es in der Verordnung, soll eine ordnungsgemäße Durchführung garantieren. Und das bedeutet doch für mich, dass die zuständige Behörde sich anschaut, ob denen derjenige, der sie beauftragt, das kann von den Räumlichkeiten her, von den Hygiene, von den Abläufen her, wenn man das natürlich per Allgemeinverfügung macht. Allgemeinverfügung heißt ja für ein Bundesland zu sagen, der folgende Parameter erfüllt, kann los legen. Ohne sich irgendwas konkret im Einzelnen anzuschauen.",de
seg_00661,train,DE,2021-06-10,,credit claiming,"Das eigentliche Ziel, eine schnelle, erreichbare, erstmal schnell, aber auch eine gut erreichbare, flächendeckende Testinfrastruktur aufzubauen, ist aber eben tatsächlich auch erreicht worden.",de
seg_00662,test,DE,2021-06-10,subnational level,explaining/sharing responsibility,"Ich mich hat Ministerpräsidenten persönlich angerufen und gesagt, Herr Spahn, wir hatten vorher nicht so umfassend in der Testverordnung vor dem 8. März in der Fassung, wenn Sie da mal reinschauen, die die vorher gültig war, waren die weiteren Anbieter deutlich eingeschränkt in der Frage, wer das überhaupt sein kann und haben wir viele Rückmeldungen aus den Bundesländern gekriegt, bis hinzu Ministerpräsidenten, die gesagt haben, Herr Spahn, wenn Sie das nicht deutlich weiten, dass wir deutlich andere auch beauftragen können, dann werden wir die Testinfrastruktur nicht zügig aufbauen können.",de
seg_00663,train,DE,2021-06-10,subnational level,shifting responsibility,"Aber das Interesse daran, das ist mir einfach noch mal wichtig gewesen, dass es weitere Anbieter gibt und einen schnellen Aufbau einer Testinfrastruktur, ist sehr nachdrücklich, auch und gerade aus den Ländern vorgebracht worden.",de
seg_00664,train,DE,2021-06-10,experts,explaining/sharing responsibility,"o wir gerade im Gespräch sind im RKI mit den intensiv medizinischen Verbänden, wie wir so was dauerhaft jetzt installieren und immer besser machen",de
seg_00665,test,DE,2021-06-10,,credit claiming,"wir haben die Leute gut versorgt und wir haben sogar noch 5 Millionen mehr versorgt, als eigentlich geplant war. Hätte man im Nachhinein früher die Preise reduzieren können? im Nachhinein ja. Damals aber mit dem hohen Risiko, dass dann die Masken nicht vollumfänglich verfügbar sind und das Risiko wollte ich nicht eingehen.",de
seg_00666,train,DE,2021-06-10,experts,shifting responsibility,"das Register wird ja betrieben maßgeblich von den Intensivmedizinern selbst, dem Verband der Intensivmediziner zusammen mit dem Robert Koch Institut, ich weiß nicht, ob Herr Professor Wieler noch was sagen kann zu der Frage",de
seg_00667,train,DE,2021-06-10,experts,shifting responsibility,"Also ich unterstelle, dass das schon auch von Intensivmedizinern, Ärztinnen und Ärzten korrekt angegeben wird.",de
seg_00668,train,DE,2021-06-10,,credit claiming,"Kurz, ich hab eine Info jetzt, wir sind der zweitgrößte Geldgeber beim ACTA, also dem Instrument der WHO und eine Milliarde Euro davon gehen in Covax.",de
seg_00669,train,DE,2021-06-10,,credit claiming,"dass wir hier mit 27 Mitgliedstaaten einheitlich eine solche App haben und ein solches Zertifikat schaffen andere noch nicht mehr mit allen Bundesstaaten und insofern ist das schon was drüber immer man sich ja auch mal freuen kann, dass das gelungen ist.",de
seg_00670,train,DE,2021-06-10,,credit claiming,"Ich werd dazu nichts mehr sagen, ich möcht einfach meine Arbeit machen, ich möcht dieses Land gut durch und raus aus dieser Pandemie führen",de
seg_00671,train,DE,2021-06-10,citizens,shifting responsibility,"Und wer es erst in 3-4 Wochen braucht, kann ja vielleicht dem Gesamtsystem noch 2 Wochen Zeit geben, bevor er gleich am Montag sich auf den Weg macht.",de
seg_00672,train,DE,2021-06-10,subnational level,explaining/sharing responsibility,die Länder fangen jetzt an zu verschicken 10-14 Tage maximal,de
seg_00673,train,DE,2021-06-10,,credit claiming,"Eher man will mal positiv überraschen, besser, aber jedenfalls wird es jetzt ne Zeit, kurze Zeit dauern aber wenn dann einmal so ne Infrastruktur da ist, dann werden auch einige Millionen Nachtragungen sogar vergleichsweise schnell gehen können.",de
seg_00674,train,DE,2021-06-25,subnational level,explaining/sharing responsibility,"Aber wir haben eben auch gezeigt, dass das Zusammenspiel aus Parlament, aus Regierung, aus Bund und Bundesländern auch in schweren Zeiten funktioniert. Und wir haben uns vor allem auch unter Stress, auch unter schweren Bedingungen vertrauen und aufeinander verlassen können.",de
seg_00675,train,DE,2021-06-25,,credit claiming,"Und bei aller notwendiger Kritik im Vergleich mit vielen anderen Ländern in Europa und auf der Welt sind wir bis hierhin alles in allem vergleichsweise gut durch diese Pandemie, durch diese Jahrhundertkrise gekommen.",de
seg_00676,test,DE,2021-06-25,subnational level,explaining/sharing responsibility,Zudem beraten die Länder heute im Bundesrat auch unsere Pflegereform,de
seg_00677,train,DE,2021-06-25,,credit claiming,"Damit stellen wir sicher, dass Pflegekräfte in der Altenpflege künftig nach Tarif bezahlt werden.",de
seg_00678,train,DE,2021-06-25,,credit claiming,"Damit haben wir übrigens schon vor der Pandemie begonnen, in der Kranken- wie in der Altenpflege.",de
seg_00679,train,DE,2021-06-25,subnational level,explaining/sharing responsibility,"Aber ich bin sehr froh darüber, dass mit der Entscheidung heute des Bundesrates wir tatsächlich gerade für die Altenpflege haben, noch einen Unterschied machen können.",de
seg_00680,train,DE,2021-06-25,citizens,shifting responsibility,"Es liegt an uns. Wir dürfen zuversichtlich in diesen Sommer gehen. Wir können den Sommer genießen, aber eben mit Vorsicht",de
seg_00681,test,DE,2021-06-25,citizens,shifting responsibility,"Aber ich kann nur alle bitten und ermuntern, die Testangebote auch zu nutzen, die weiterhin kostenlos jedem zur Verfügung stehen. Wer will, dass die Schule nach den Ferien sorgenfreier starten können, der sollte sich und seine Familie nach der Rückkehr aus dem Urlaub einfach 1-2-3 Mal in einigen Tagen Abstand testen",de
seg_00682,test,DE,2021-06-25,citizens,shifting responsibility,"Und das ist eine individuelle Entscheidung von Kindern, Eltern und dem impfenden Arzt. Aber möglicherweise beeinflusst die aktuelle Deltaentwicklung ja auch diese individuelle Entscheidung in der Abwägung.",de
seg_00683,train,DE,2021-06-25,citizens,shifting responsibility,"sich impfen zu lassen im eigenen Interesse, um sich selbst zu schützen. Aber es dient auch dem Gemeinwohl. Es ist im Interesse von uns allen, wenn sich möglichst viele für eine Impfung entscheiden. Denn wer nicht geimpft ist, wird sich unweigerlich früher oder später infizieren. Impfung oder Infektion, das ist die Wahl für jeden Einzelnen. Und das ist die Wahl auch für uns als Gesellschaft.",de
seg_00684,train,DE,2021-06-25,,credit claiming,"Der Abgeordnete Spahn hat, ich weiß gar nicht, vor acht oder zehn Jahren schon mal Vorschläge vorgelegt, wie mit besserer regulatorischer Rahmen für 24 Stunden Kräfte gefunden werden könnte.",de
seg_00685,train,DE,2021-06-25,,credit claiming,"Und ich finde, den gibt es.",de
seg_00686,train,DE,2021-06-25,experts,explaining/sharing responsibility,"Vielleicht könnte Herr Professor Wieler, Professor Sander vor allem auch mit Blick auf Genesene und Auffrischimpfungen oder Zweifachimpfungen noch mal auch ergänzen.",de
seg_00687,train,DE,2021-06-25,subnational level,explaining/sharing responsibility,"Wir sind zum Ersten auch in dieser Woche auf Staatssekretärsebene gab es eine Runde mit den Ländern über die Frage, wie die Infrastruktur nach dem 30. 09. bis dahin ist sie ja im Moment finanziert die Impfzentren auch erhalten werden kann und vor allem, was erhalten werden muss",de
seg_00688,train,DE,2021-06-25,,credit claiming,"Wissen Sie, wir haben von Anfang an eine Impfstrategie gehabt, die vorgesehen hat, die Zweitimpfung innerhalb des vorgesehenen, in der Zulassung vorgesehenen Intervalls.",de
seg_00689,train,DE,2021-06-25,,credit claiming,Also wir werden sie jedenfalls möglich machen können.,de
seg_00690,train,DE,2021-06-25,subnational level,explaining/sharing responsibility,"Und wir haben diese Frage ja mit den Gesundheitsministerinnen und Ministern der Länder beraten, zu einer gemeinsamen Empfehlung geführt.",de
seg_00691,train,DE,2021-06-25,citizens,shifting responsibility,nicht fahren bitte wenn man nicht unbedingt dann auch muss.,de
seg_00692,train,DE,2021-06-25,citizens,explaining/sharing responsibility,"Das Angebot letztes Jahr war: jeder Zurückreisende kann sich testen lassen, egal aus welchem Gebiet und welcher Risikosituation. Und ich kann halt nur ermuntern und dazu auffordern, das auch zu tun",de
seg_00693,train,DE,2021-06-25,citizens,explaining/sharing responsibility,Die Umfragen zeigen ja tatsächlich in Deutschland Die Impfbereitschaft steigt mit dem Alter.,de
seg_00694,test,DE,2021-06-25,citizens,shifting responsibility,"Aus vielen nachvollziehbaren Gründen im Zweifel. Aber ich kann eben nur dafür werben, auch bei Jüngeren das Impfangebot eben auch wahrzunehmen, um sich selbst zu schützen, aber eben auch uns alle zu schützen.",de
seg_00695,test,DE,2021-06-25,citizens,explaining/sharing responsibility,"Also Kurzzusammenfassung Es wäre besser gewesen, wir würden EU einheitlich dort Regeln finden. Wenn nicht, müssen wir weiterhin unsere machen, um uns zu schützen.",de
seg_00696,train,DE,2021-06-25,,credit claiming,"Dass ich immer nur wieder, dafür erst mal immer wieder das Gespräch suche.",de
seg_00697,train,DE,2021-06-25,,credit claiming,"Also es ist und war auf jeden Fall im Blick und trotzdem muss uns ja beschäftigen und beschäftigt auch mich die Frage, wie es dann zu einem solchen Eindruck kommen kann und was wir tun können, um auch ein Angebot zu machen, wo tatsächlich auch klar ist, wir haben das natürlich im Blick und das gilt für mich zum Beispiel auch das Impfangebot",de
seg_00698,train,DE,2021-06-25,citizens,explaining/sharing responsibility,"Also so erlebe ich nicht Familie, sondern es ist doch irgendwie das aufeinander aufpassen. Und mein Eindruck ist aus den Gesprächen, und auch im Übrigen aus Umfragen, dass die Bereitschaft und der Wille auf die Großeltern und Elterngeneration in dieser Pandemie auch besonders Acht zu geben, weil besonders gefährdet.",de
seg_00699,train,DE,2021-06-25,citizens,explaining/sharing responsibility,"Ich finde das Allerwichtigste und das ist jedenfalls meine Art, Politik zu machen, seitdem ich Politik mache, einfach auch miteinander im Gespräch zu sein.",de
seg_00700,train,DE,2021-06-25,,credit claiming,"Ich finde das Allerwichtigste und das ist jedenfalls meine Art, Politik zu machen, seitdem ich Politik mache, einfach auch miteinander im Gespräch zu sein.",de
seg_00701,train,DE,2021-06-25,citizens,shifting responsibility,"Aber es hilft uns ja nichts, wenn wir jetzt so tun, als wäre es weg. Es ist nicht weg. Es ist noch da. Und ich finde, es gehört zur Verantwortung in der Politik dazu, dann die Dinge auch auszusprechen und eben zu sagen miteinander, es liegt an uns Leute, ob wir das Erreichte sichern, ob Herbst und Winter eine Zeit werden, wo wir die Dinge besser unter Kontrolle haben oder eben nicht. Und da finde ich solche Kategorien, wie Sie sie eingangs genannt haben, nicht hilfreich für eine gute Diskussion.",de
seg_00702,train,DE,2021-06-25,citizens,blaming,"Hat dann eigentlich derjenige, der sich nicht impfen lässt, einen Anspruch darauf, dass alle anderen im Raum, die geimpft sind, wegen ihm die Maske tragen oder wegen ihr? Ich finde nein.",de
seg_00703,train,DE,2021-06-25,subnational level,praising,"Ich kann es jedenfalls nur begrüßen, dass die Kolleginnen und Kollegen, Schulministerinnen und -minister aus den Ländern ja gesagt haben.",de
seg_00704,test,DE,2021-06-25,subnational level,explaining/sharing responsibility,"Also ja, und das machen die Länder ja auch werden die Maßnahmen entsprechend angepasst, aber nicht auf Null.",de
seg_00705,train,DE,2021-06-25,subnational level,explaining/sharing responsibility,"Und die Länder weisen zu Recht darauf hin, dass das ihre originäre Zuständigkeit ist",de
seg_00706,train,DE,2021-06-25,citizens,explaining/sharing responsibility,"Es ist eine individuelle Entscheidung von Kindern, Jugendlichen, ihren Eltern und dem impfenden Arzt. Und diese individuelle Entscheidung werden sicherlich jetzt im Lichte der Entwicklungen rund um Delta der Erfahrung Israel in Schulen sicherlich viele dann für sich auch einfach abwägen.",de
seg_00707,train,DE,2021-06-25,experts,explaining/sharing responsibility,"Also mein Eindruck ist, dass wir jetzt langsam in die Phase kommen, die Herr Professor Sander, Herr Professor Wieler angesprochen haben",de
seg_00708,train,DE,2021-06-25,citizens,explaining/sharing responsibility,"Jetzt geht es darum, diejenigen zu erreichen, die vielleicht überlegen, die zögern, die es immer aufschieben, die nie einen Arzttermin nehmen, die man in der Universität gut erreichen kann, im Betrieb, im Stadtteil, in der Moschee, neben der Kirche, auf dem Marktplatz. Und das wird jetzt stärker stattfinden und stattfinden müssen.",de
seg_00709,train,DE,2021-10-06,citizens,shifting responsibility,"wir weiterhin ist eben miteinander in der Hand haben, vor allem durch AHA Regeln, Schutzmasken, gerade auch in den Bereichen öffentlichen Nahverkehr, Einzelhandel, wo man den anderen nicht kennt und Impfstatus durch 3G, geimpft, genesen und getestet.",de
seg_00710,train,DE,2021-10-06,,credit claiming,"das hat offenkundig einen Unterschied gemacht mit der Einführung Ende August und vor allem im Impfen, impfen, impfen einen entscheidenden Unterschied weitermachen können auch für Herbst und Winter.",de
seg_00711,train,DE,2021-10-06,,credit claiming,"Wir haben jetzt 108 Millionen Corona Impfungen in Deutschland fast 4 von 5 Erwachsenen sind geimpft, das ist eine gute Quote",de
seg_00712,train,DE,2021-10-06,citizens,shifting responsibility,"Es reicht noch nicht für einen ganz sicheren Herbst und Winter,",de
seg_00713,train,DE,2021-10-06,citizens,praising,"Ich bin erst mal dankbar für die Bürgerinnen und Bürger, die sich für eine Impfung entschieden haben, und wir haben mittlerweile auch über 40% der 12- bis 17-Jährigen, die mindestens einmal bereits geimpft sind und wir sehen in allen Lebensbereichen, welchen entscheidenden Unterschied hier das Impfen macht.",de
seg_00714,train,DE,2021-10-06,experts,explaining/sharing responsibility,Herr Professor Mertens wird auf die Empfehlungen der Ständigen Impfkommission auch für die Grippe eingehen,de
seg_00715,train,DE,2021-10-06,citizens,shifting responsibility,"bitte lassen Sie sich gegen Grippe impfen, das ist kein harmloses Fieber, sondern es kann insbesondere auch bei Vorerkrankte und bei Älteren einen sehr schweren, teilweise auch tödlichen Verlauf nehmen.",de
seg_00716,train,DE,2021-10-06,,credit claiming,"Wichtig ist, genug Grippeimpfstoff ist vorhanden. Wie im vergangenen Jahr hat der Bund rechtzeitig, diesmal noch frühzeitiger, zusätzlichen Grippeimpfstoff besorgt. Das haben wir ja letztes Jahr erstmalig gemacht, dass der Bund zusätzlich zu den Bestellungen der Ärztinnen und Ärzte und der Apotheke auch Impfstoff bestellt hat, sogar mehr noch mal für diese Grippesaison als für 2020.",de
seg_00717,train,DE,2021-10-06,citizens,praising,Also es haben sich in der vor der letzten Herbst Winter Grippesaison so viele Deutsche gegen Grippe impfen lassen wie noch nie zuvor.,de
seg_00718,train,DE,2021-10-06,citizens,shifting responsibility,"Wichtig ist, zusätzlichen Schutz geben auch bei der Grippe die AHA Regeln. Das haben wir eben wie gesagt im letzten Winter auch schon gesehen und so gilt jetzt für diesen Winter, wenn wir mehr im Innenraum sein werden, sowohl für Corona wie für Grippe, das eben durch AHA Regeln und vor allem das Tragen medizinischer Schutzmaßnahmen etwa im öffentlichen Nahverkehr wir für beide Infektionskrankheiten einen Unterschied machen.",de
seg_00719,train,DE,2021-10-06,experts,explaining/sharing responsibility,"das sagt er, die Ständige Impfkommission, wenn jemand im Publikumsverkehr, wie es da heißt, mit häufigen Kontakt mit anderen tätig ist, etwa beruflich, dann macht eine solche Impfung eben auch Sinn, weil das Risiko, andere anzustecken und auch ein Übertragen der zu sein an andere dann eben auch entsprechend höher.",de
seg_00720,train,DE,2021-10-06,experts,explaining/sharing responsibility,"damit hat sich die Ständige Impfkommission beschäftigt, der Professor Mertens wird sicherlich auch darauf eingehen.",de
seg_00721,train,DE,2021-10-06,citizens,shifting responsibility,"dass auch eine Grippewelle eine sehr starke Belastung des Gesundheitswesens mit sich bringen kann und dass wir das durch einen einfachen Peak, sozusagen durch eine Grippeimpfung, miteinander vermeiden können, finde ich, ist doch Anlass genug, dafür zu werben.",de
seg_00722,test,DE,2021-10-06,experts,explaining/sharing responsibility,das Paul Ehrlich Institut hat die allermeisten Chargen schon freigegeben für die Grippeimpfung in diesem Jahr,de
seg_00723,train,DE,2021-10-06,citizens,blaming,das eigentlich ne höhere Impfquote viel Leben hätte auch schützen können und viel Leid und Tod vermeiden können das gilt jetzt unabhängig von Corona generell würde ich mir eine höhere Grippeimpfquote in Deutschland gerade bei über 60 jährigen und übrigens auch bei medizinischem Personal wünschen.,de
seg_00724,train,DE,2021-10-06,experts,explaining/sharing responsibility,"Das eine ist, ob eine Impfung möglich ist nach Zulassung und rechtlich, und das andere ist, ob sie empfohlen ist.",de
seg_00725,train,DE,2021-10-06,experts,praising,"die Frage, die die Ständige Impfkommission sich Gott sei Dank, eben immer wieder in der Auswertung von Studien anschaut",de
seg_00726,train,DE,2021-10-06,experts,explaining/sharing responsibility,"insofern der Impfstoff dafür ist in Deutschland da, wenn Arzt und Patient miteinander zu der Feststellung kommen, dass sie eine Auffrischimpfung möglich ist und nötig ist und Sinn macht.",de
seg_00727,train,DE,2021-10-06,citizens,explaining/sharing responsibility,"insofern der Impfstoff dafür ist in Deutschland da, wenn Arzt und Patient miteinander zu der Feststellung kommen, dass sie eine Auffrischimpfung möglich ist und nötig ist und Sinn macht.",de
seg_00728,train,DE,2021-10-06,,credit claiming,"insofern der Impfstoff dafür ist in Deutschland da, wenn Arzt und Patient miteinander zu der Feststellung kommen, dass sie eine Auffrischimpfung möglich ist und nötig ist und Sinn macht.",de
seg_00729,train,DE,2021-10-06,subnational level,praising,"als Gesundheitsminister von Bund und Ländern gesagt haben, für über Sechzigjährige machen wir ausdrücklich eine entsprechende Auffrischimpfung möglich.",de
seg_00730,test,DE,2021-10-06,experts,praising,"Im Übrigen gibt es im Wochenbericht des Robert Koch Instituts jeden Donnerstag, wie ich finde, einen guten Überblick über Ausbrüche in Gemeinschaftseinrichtungen, Kitas und Schulen ebenso wie Pflegeeinrichtungen.",de
seg_00731,test,DE,2021-10-06,citizens,praising,"Aber eben diejenigen, die dann sagen, OK, auf Arbeit sind jetzt alle geimpft, deswegen will ich jetzt auch eigentlich gerne, weil ich merk, dass das irgendwie fürs gemeinsame einen Unterschied macht.",de
seg_00732,test,DE,2021-10-06,citizens,blaming,"aber es gibt auch diejenigen, wo wir tatsächlich mit guten Argumenten immer wieder aufs Neue in die Diskussion eingehen müssen",de
seg_00733,train,DE,2021-10-06,citizens,blaming,"Bei jedem Besuch auf der Intensivstation, die ich in den letzten Wochen gemacht habe, sowohl in der Uniklinik Essen oder in Mühldorf am Inn im Kreiskrankenhaus nahezu alle COVID-19 Patienten sind nicht geimpft",de
seg_00734,train,DE,2021-10-06,citizens,blaming,"Also wenn sich so n Elternabend vorstellen, wo es die einen gibt, die die Masken als Körperverletzung sehen, das sind ja auch die, die nicht selten Mörder, Mörder rufen, wenn Veranstaltungen sind, wo ich diskutiere aus der Wahrnehmung, dass das für ihr Kind so ne Zumutung und auch gesundheitlich wäre für eine Maske zu tragen.",de
seg_00735,train,DE,2021-10-06,citizens,shifting responsibility,"Und das ist es auch gesellschaftlich. Und das ist ja keine Wahrheitsfrage, das ist eine Frage des Abwägens, eben der individuellen Freiheit des Kindes, der Eltern gegenüber dem Schutz des Nebensitzenden.",de
seg_00736,test,DE,2021-10-06,subnational level,shifting responsibility,das muss einfach nach den Gegebenheiten vor Ort in den jeweiligen Bundesländern oder teilweise dann auch regional entschieden werden,de
seg_00737,train,DE,2021-10-06,subnational level,explaining/sharing responsibility,"In jedem Fall werbe ich jedenfalls sehr dafür bei den Ländern und so ist es ja auch vereinbart, dass das regelmäßige Testen auch zwei-dreimal die Woche auch weiterhin erhalten bleibt und einen Unterschied dann macht.",de
seg_00738,train,DE,2021-10-06,subnational level,praising,"ich muss einfach jetzt einfach mal für Deutschland feststellen, im Nordosten des Landes, wenn ich mir die Impfquoten anschaue in Bremen, aber auch in anderen Bundesländern im Nordosten, sind da Impfquoten, mit denen wir natürlich schon ganz andere Wege gehen könnten insgesamt als Bund, als die Impfquoten, die wir in anderen Bundesländern haben, was aber im Übrigen zeigt, dass die Impfquoten erreichbar sind.",de
seg_00739,train,DE,2021-10-06,subnational level,blaming,die wir in anderen Bundesländern haben,de
seg_00740,train,DE,2021-10-06,,credit claiming,"hätten wir so viele Todesfälle in Deutschland wie im Vereinigten Königreich, hätten wir über 200’000 statt 90'000 zu beklagen, und deswegen muss man immer die Gesamtschau machen",de
seg_00741,test,DE,2021-10-06,citizens,explaining/sharing responsibility,"Gleichzeitig ist aber so machen, dass wir nicht zu schnell gehen und dabei irgendwann wieder umdrehen müssen, weil Ich glaube das wird sehr viel Akzeptanz zu Recht dann Kosten und im Übrigen auch unnötiges Leid verursachen",de
seg_00742,train,DE,2021-10-06,citizens,praising,"ich sage noch einmal 4 von 5 Erwachsene haben sich bereits für eine Impfung entschieden, das ist schon mal ein wichtiger Unterschied",de
seg_00743,train,DE,2021-10-06,subnational level,explaining/sharing responsibility,"was zwischen Bund und Ländern miteinander vereinbart war, dass nämlich ab dem 11. Oktober die Bürgertests, also es geht nicht um die Tests, das ist mir noch mal wichtig, die Tests an Orten, wo man sein muss, Schule, Arbeit oder besonders sensiblen Bereichen, Pflegeeinrichtungen, Krankenhäuser bleiben kostenlos. Sondern hier geht es ja um die Testung, die kostenlos angeboten sind als Bürgertests und insbesondere eben auch genutzt werden, um die 3G Regeln bei Restaurants, Veranstaltungen in anderen Bereichen, dann auch umzusetzen und da sind eben die gemeinsame Vereinbarung, dass die ab dem 11. Oktober kostenpflichtig werden, nicht mehr kostenlos sind.",de
seg_00744,train,DE,2021-10-06,citizens,blaming,"Aus einer Begründung heraus, dass die kostenlose Impfung jetzt für jeden der gewollt hat auch möglich gewesen ist und dann daraus nicht der Anspruch entstehen kann, dass alle anderen dauerhaft dann in diesen Bereichen und für diese Zwecke den Test mitbezahlen, geht ja nicht um wenig Geld, sondern jeden Monat um viele 100 Millionen €.",de
seg_00745,train,DE,2021-10-06,experts,shifting responsibility,"Ob eine Impfung dann noch mal Sinn macht, das müssten Herr Professor Mertens wahrscheinlich sagen",de
seg_00746,train,DE,2021-10-06,,credit claiming,"Was die Frage angeht, von COVID-19 Medikamenten haben wir etwa monoklonale Antikörper und Remdisivier immer dann auch frühzeitig für die Bundesrepublik Deutschland und die Patientinnen Patienten in Deutschland gesichert",de
seg_00747,train,DE,2021-11-03,citizens,blaming,"das Auslaufen der epidemischen Lage als rechtlicher Zustand ist zu vielen als Zeichen missverstanden worden, die Pandemie wäre vorbei",de
seg_00748,train,DE,2021-11-03,citizens,shifting responsibility,"es braucht eben vor allem auch die Eigenverantwortung, die Vorsicht jedes Einzelnen, denn jeder von uns hat ja die Instrumente, die es braucht, sozusagen für sich auch in der Hand, um den entscheidenden Unterschied zu machen, Impfen, testen, AHA regeln, Schutzmasken tragen, insbesondere im öffentlichen Raum, im öffentlichen Nahverkehr im Einzelhandel, all das sind auch weiterhin die Wege, um den entscheidenden Unterschied jetzt zu machen.",de
seg_00749,train,DE,2021-11-03,citizens,blaming,"Wir erleben gerade vor allem eine Pandemie der Ungeimpften, und die ist massiv, die Infektionszahlen steigen, die Zahl der Corona Toten mit ihnen und auch vor allem die Zahl der intensivpflichtigen Patientinnen und Patienten in einigen Regionen in Deutschland, im übrigen Regionen,",de
seg_00750,train,DE,2021-11-03,subnational level,explaining/sharing responsibility,in einigen Regionen in Deutschland werden die Intensivbetten wieder knapp über Verlegungen in andere Regionen wird nachgedacht. Sie werden konkret geplant.,de
seg_00751,train,DE,2021-11-03,citizens,blaming,"Zur Wahrheit gehört im Übrigen auch, auf den Intensivstationen würden deutlich weniger covid 19 Patienten liegen und behandelt werden müssten, wenn alle, die es könnten, sich auch impfen lassen würden. Ich verstehe daher den Frust vieler Pflegekräfte sehr, sehr gut, die sich eben angesichts dieser Belastung, die sie in ihrem Alltag dadurch haben, schon die Frage stellen, warum denn nicht mehr sich impfen lassen, das weiß ich aus vielen Gesprächen. Die Herausforderung ist, das zeigt ja auch eine von uns veröffentlichte Forsa Umfrage, dass diejenigen, die sich bisher nicht impfen haben lassen, es jedenfalls in der übergroßen Zahl auch nicht tun wollen, kaum zu überzeugen sind.",de
seg_00752,test,DE,2021-11-03,subnational level,explaining/sharing responsibility,"dafür braucht es aus meiner Sicht 3 Punkte. Von denen ich mir auch wünsche, dass Bund und Länder sie gemeinsam mit Nachdruck unterstützen.",de
seg_00753,test,DE,2021-11-03,citizens,shifting responsibility,"Und zum Dritten geht es um viele, viele Auffrischimpfungen.",de
seg_00754,train,DE,2021-11-03,subnational level,shifting responsibility,"Darum möchte ich ausdrücklich werben und dazu gehört zum zweiten auch 2G in Regionen als weitere Stufe, die eben eine besondere Belastung haben bzw wo eine besondere Belastung droht.",de
seg_00755,train,DE,2021-11-03,subnational level,blaming,"Ich will darauf hinweisen, dass wir das seitens des Bundesministeriums für Gesundheit wie auch das Robert Koch Institut bereits im August gefordert haben diese Option 2G in solchen Regionen mit in auch die Beschlüsse aufzunehmen und vorzusehen, das ist damals nicht erfolgt.",de
seg_00756,test,DE,2021-11-03,experts,praising,"Ich will darauf hinweisen, dass wir das seitens des Bundesministeriums für Gesundheit wie auch das Robert Koch Institut bereits im August gefordert haben diese Option 2G in solchen Regionen mit in auch die Beschlüsse aufzunehmen und vorzusehen, das ist damals nicht erfolgt.",de
seg_00757,test,DE,2021-11-03,,credit claiming,"Ich will darauf hinweisen, dass wir das seitens des Bundesministeriums für Gesundheit wie auch das Robert Koch Institut bereits im August gefordert haben diese Option 2G in solchen Regionen mit in auch die Beschlüsse aufzunehmen und vorzusehen, das ist damals nicht erfolgt.",de
seg_00758,train,DE,2021-11-03,subnational level,praising,da bin ich auch dem sächsischen Ministerpräsidenten sehr dankbar für die Klarheit an dieser Stelle,de
seg_00759,test,DE,2021-11-03,subnational level,blaming,"Wir sehen ja, dass das eben dann in bestimmten Regionen auch notwendig ist, um einen Unterschied zu machen. Das hat im Übrigen nichts mit Impfmobbing zu tun, sondern es geht darum und das sehen wir etwa in Sachsen und Thüringen eine Überlastung des Gesundheitswesens zu vermeiden, das ist der entscheidende Punkt.",de
seg_00760,test,DE,2021-11-03,subnational level,shifting responsibility,"Zweitens zu den Testkonzepten, die jüngsten Todesnachrichten aus einer Seniorenresidenz in Brandenburg, aber auch aus anderen, haben uns erneut vor Augen geführt, wie wichtig dort weiterhin verpflichtende Testkonzepte sind.",de
seg_00761,train,DE,2021-11-03,citizens,shifting responsibility,"ist es eben sehr wichtig, dass diejenigen, die ein und ausgehen, das ist das Personal, und das sind die Besucherinnen und Besucher, nicht das Virus selbst, wenn sie geimpft sein sollten, in die Einrichtung hineintragen.",de
seg_00762,train,DE,2021-11-03,subnational level,explaining/sharing responsibility,"Ich werde sehr dafür werben, bei der Gesundheitsministerkonferenz morgen und übermorgen bei den Kolleginnen und Kollegen, dass wir diese verpflichtenden Testungen, die einige Länder schon haben, aber eben und nicht alle auch in ganz Deutschland haben.",de
seg_00763,train,DE,2021-11-03,subnational level,blaming,"Ich werde sehr dafür werben, bei der Gesundheitsministerkonferenz morgen und übermorgen bei den Kolleginnen und Kollegen, dass wir diese verpflichtenden Testungen, die einige Länder schon haben, aber eben und nicht alle auch in ganz Deutschland haben.",de
seg_00764,train,DE,2021-11-03,subnational level,explaining/sharing responsibility,"Die ersten Beschlüsse zur Auffrischimpfung von Bund und Ländern denn der Gesundheitsministerkonferenz gab es Anfang August, es ist 3 Monate her. Wir haben Anfang August miteinander vereinbart, dass in einem ersten Schritt alle Bewohnerinnen und Bewohner in den Pflegeeinrichtungen das Personal ein drittes Mal ein Impfangebot bekommen sollen und wenige Zeit danach miteinander vereinbart, vorsorglich allen über 60 Jährigen in Deutschland ein entsprechendes Impfangebot zu machen",de
seg_00765,train,DE,2021-11-03,subnational level,blaming,"Und in diesen 3 Monaten hat es bis heute nur gut 2 Millionen Auffrischimpfungen in Deutschland gegeben. Das ist zu wenig, das ist deutlich zu wenig, das möchte ich auch klipp und klar sagen. Das Tempo beim Boostern reicht nicht. Und deswegen muss man auch sagen, alle Pflegeheime sollten nach diesen 3 Monaten eigentlich schon ein drittes Mal eben auch aufgesucht worden sein durch mobile Teams, um eine Auffrischimpfung anzubieten.",de
seg_00766,test,DE,2021-11-03,citizens,blaming,"in diesen 3 Monaten hat es bis heute nur gut 2 Millionen Auffrischimpfungen in Deutschland gegeben. Das ist zu wenig, das ist deutlich zu wenig, das möchte ich auch klipp und klar sagen. Das Tempo beim Boostern reicht nicht.",de
seg_00767,train,DE,2021-11-03,subnational level,blaming,"In vielen Ländern ist das passiert, aber noch nicht in allen.",de
seg_00768,train,DE,2021-11-03,subnational level,praising,"Es gibt zudem Länder wie Nordrhein-Westfalen oder Berlin, die schreiben auch alle Älteren an, um sie aktiv wie bei der Erstimpfung einzuladen und zu informieren über die dritte Impfung, dass die Sinn macht, man sie doch bitte in Anspruch nimmt.",de
seg_00769,train,DE,2021-11-03,subnational level,shifting responsibility,"Ich wäre sehr dafür, dass es diese schriftliche Information in allen Bundesländern für diejenigen Altersgruppen gibt, für die es besonderen Sinn macht.",de
seg_00770,train,DE,2021-11-03,experts,explaining/sharing responsibility,"Zudem möchte ich morgen in einer Gesprächsrunde mit Vertreterinnen und Vertretern von allen Ärzteverbänden auch das noch mal miteinander diskutieren, ein gemeinsames Schreiben auch an die Ärzteschaft machen, denn zu viele Impfwillige finden aktuell kein Arzt, der sie impft, das ist das, was uns täglich berichtet wird, auch dort, finde ich, müssen wir gemeinsam mit der Ärzteschaft zu einem Auflösen kommen",de
seg_00771,test,DE,2021-11-03,subnational level,shifting responsibility,"deshalb möchte ich auch gerne, dass die Länder ihre öffentlichen Impfangebote wieder auf und ausbauen, das müssen nicht die zentralen großen Impfzentren sein. Es können auch natürlich dezentralere kleinere Anlaufstellen sein.",de
seg_00772,train,DE,2021-11-03,subnational level,explaining/sharing responsibility,"am 28. Juni haben wir in der Gesundheitsministerkonferenz miteinander vereinbart, Punkt 2a in dem Beschluss, dass eben diese öffentlichen Angebote in den Standby Betrieb gehen und bei Bedarf zügig wieder hochgefahren werden können und diesen Bedarf sehen wir eben aktuell, wenn es um die Auffrischimpfung geht.",de
seg_00773,train,DE,2021-11-03,subnational level,explaining/sharing responsibility,Boostern tatsächlich einen echten Unterschied macht in ganz vielen Aspekten und deswegen möchte ich eben auch mit den Kolleginnen und Kollegen in Ländern darüber reden,de
seg_00774,train,DE,2021-11-03,experts,shifting responsibility,"es gibt eine ausdrückliche Empfehlung durch die Ständige Impfkommission und für alle anderen ist es aber möglich, weil die Zulassung auch da ist",de
seg_00775,train,DE,2021-11-03,subnational level,explaining/sharing responsibility,"ber diesen, wenn sie so wollen, 3 Punkte-Plan, sprechen wir auf der Gesundheitsministerkonferenz morgen und übermorgen. Trotzdem halte ich es für wichtig, dass neben den Gesundheitsministerinnen und Gesundheitsministern wir auch politisch und in der Sache die Ministerpräsidentinnen und Ministerpräsidenten mit ins Boot nehmen.",de
seg_00776,train,DE,2021-11-03,experts,shifting responsibility,also empfohlen ist durch die Ständige Impfkommission auf der Basis von Daten.,de
seg_00777,test,DE,2021-11-03,experts,shifting responsibility,"Ich will Ihnen mal sagen, die Zulassung für die Kinderimpfung für die 12 bis 17 jährigen Kinder, Jugendliche kam am 31. Mai diesen Jahres, die entsprechende Empfehlung der Ständigen Impfkommission kam am 16. August.",de
seg_00778,train,DE,2021-11-03,experts,praising,"Also wir konnten schon deutlich früher Menschen schützen und deswegen ist zum einen natürlich das Auswerten der Daten und dafür bin ich auch dankbar und die Arbeit der Ständigen Impfkommission sehr, sehr wichtig.",de
seg_00779,train,DE,2021-11-03,,credit claiming,"Und so haben wir es bei den Kindern und Jugendlichen gemacht und ich möchte sagen, im Rückblick mit viel Erfolg.",de
seg_00780,train,DE,2021-11-03,experts,shifting responsibility,"Und so sehe ich das jetzt hier auch, wo wir die Empfehlung der Ständigen Impfkommission haben, die auch gut und wichtig ist, wo wir schon im August den Hinweis der Gesundheitsministerkonferenz haben den Beschluss, allen über Sechzigjährigen ein entsprechendes Angebot zu machen und wo wir mittlerweile eine Zulassung sogar ausdrücklich haben für eine entsprechende Boosterimpfung durch die Europäische Arzneimittelbehörde für BioNtech und Moderna.",de
seg_00781,train,DE,2021-11-03,subnational level,explaining/sharing responsibility,"und deswegen werde ich eben auch mit der Ärzteschaft und mit den Ländern darüber noch mal reden, wie wir da, das ist wichtig, möglichst einheitlich, denn das ist natürlich im Moment etwas verwirrend für denjenigen, der gerade die Meldung und Pressekonferenzen sich anschaut, möglichst einheitlich da im Vorgehen sind.",de
seg_00782,train,DE,2021-11-03,experts,explaining/sharing responsibility,"und deswegen werde ich eben auch mit der Ärzteschaft und mit den Ländern darüber noch mal reden, wie wir da, das ist wichtig, möglichst einheitlich, denn das ist natürlich im Moment etwas verwirrend für denjenigen, der gerade die Meldung und Pressekonferenzen sich anschaut, möglichst einheitlich da im Vorgehen sind.",de
seg_00783,train,DE,2021-11-03,subnational level,explaining/sharing responsibility,"Wir haben Anfang August vor 3 Monaten zwischen Bund und Ländern vereinbart, dass in allen Pflegeeinrichtungen es wieder mit mobilen Teams strukturierte Angebote gibt",de
seg_00784,test,DE,2021-11-03,subnational level,praising,"Es gibt einige Bundesländer, in denen ist das vollständig passiert,",de
seg_00785,train,DE,2021-11-03,subnational level,blaming,es gibt einige wo es nach 3 Monaten noch Bedarf gibt.,de
seg_00786,train,DE,2021-11-03,subnational level,blaming,"Gerade mit dem auch, was sich in Diskussionsveranstaltungen in den Regionen selbst erlebt habe, die sehr geringe Impfquoten haben und das sind auch die Regionen, wo auch beim Pflegepersonal die Impfquote geringer ist. Sie",de
seg_00787,train,DE,2021-11-03,subnational level,explaining/sharing responsibility,"Na, eine Ministerpräsidentenkonferenz, ein Bund-, Ländergespräch auf höchster politischer Ebene verleiht erstens einmal auch der Situation, in der wir sind und die besondere Vorsicht, die es erfordert, Nachdruck, Aufmerksamkeit. Ich find das ist für sich schon ein ganz wichtiger Punkt.",de
seg_00788,test,DE,2021-11-03,subnational level,shifting responsibility,"Gibt es schon wieder sehr unterschiedliche Vorgehensweisen und ich bleib dabei, Akzeptanz entsteht, Nachvollziehbarkeit entsteht, wenn wir auch zumindest einen einheitlichen Rahmen haben.",de
seg_00789,train,DE,2021-11-03,subnational level,blaming,Natürlich ist die Lage in Schleswig-Holstein mit einer Inzidenz von gut 70 eine andere als in Sachsen oder Thüringen,de
seg_00790,train,DE,2021-11-03,subnational level,explaining/sharing responsibility,"in einer Zeit des auch politischen Übergangs von einer geschäftsführenden Regierung auf eine Regierung, die sich noch bildet in einer Pandemie, die glaub ich mehr als jede andere Frage zuvor. Auch das Bund Länder Zusammenspiel herausfordert.",de
seg_00791,train,DE,2021-11-03,subnational level,explaining/sharing responsibility,Es geht seit Beginn der Bund Länder Gespräche in dieser Pandemie auch um ein gemeinsames Verständnis zur Lage und zum weiteren Vorgehen,de
seg_00792,train,DE,2021-11-03,subnational level,explaining/sharing responsibility,"Und gerade die Frage von Krankenhausfinanzierung ist auch ein Thema von Bund-, Ländergesprächen.",de
seg_00793,train,DE,2021-11-03,subnational level,explaining/sharing responsibility,es geht doch hier um kohärentes Handeln in der föderalen Republik in der schwersten Krise dieses Landes und vor allem jetzt eben auch um ein gemeinsames Handeln und agieren in dieser vierten Welle.,de
seg_00794,test,DE,2021-11-03,subnational level,explaining/sharing responsibility,"Gleichzeitig wird man eben miteinander schauen müssen, jetzt auch im weiteren Verfahren, auch im Gespräch mit den Ländern, ob die Regelungen so ausreichen für die Maßnahmen, die notwendig sein können.",de
seg_00795,train,DE,2021-11-03,citizens,shifting responsibility,"Und dafür sind eben erst mal unsere individuellen Verhaltensweisen, wie wir jeden Tag jetzt umgehen damit entscheidend, macht den entscheidenden Unterschied. Und das fängt eben an bei AHA Regeln, bei Schutzmasken in bestimmten Bereichen, das geht auch bei Impfen, das macht einen wichtigen Unterschied.",de
seg_00796,train,DE,2021-11-03,,credit claiming,wir haben auch schon bei BioNtech uns Mengen gesichert für den Fall einer Zulassung,de
seg_00797,train,DE,2021-11-03,experts,explaining/sharing responsibility,"Es wird eine Zulassung wahrscheinlich geben und dann wird es wieder eine Zeit dauern, bis es eine Empfehlung der Ständigen Impfkommission gibt. Dieses zeitliche Gap zwischen dem, was wir verfügbar haben als Schutzinstrument in der Pandemie und der Frage, ob es eine entsprechende Empfehlung ist, wird sich auch dort zeigen.",de
seg_00798,train,DE,2021-11-03,experts,shifting responsibility,"was Long Covid in neue Erkenntnisse angeht, weiß ich nicht, ob Sie da ergänzen können?",de
seg_00799,test,DE,2021-11-03,subnational level,praising,"Da will ich nur sagen, wir haben Bundesländer, in denen 60% der 12- bis 17-jährigen geimpft sind.",de
seg_00800,train,DE,2021-11-03,subnational level,blaming,"Da will ich nur sagen, wir haben Bundesländer, in denen 60% der 12- bis 17-jährigen geimpft sind. Wir haben Bundesländer, da sind es 20 bis 30%.",de
seg_00801,train,DE,2021-11-03,experts,explaining/sharing responsibility,"Ich werde morgen mit allen Ärzteverbänden ein Gespräch führen, genau über die Situation, also es geht auch ganz praktische Themen, es gibt Themen, wo die Frage ist, wie weit im Voraus kann man welche Dosen bestellen, es gibt das Thema, was ist wenn ich 3 oder 4 nur zu impfende habe, aber dann eine Sechser while anbrechen muss, bis hinzu der Grundsatzfrage die sie angesprochen haben und dazu werden wir uns morgen austauschen und idealerweise auch verständigen, aber ansonsten bin ich natürlich auch im regelmäßigen informellen Austausch mit Vertreterinnen und Vertretern der Ärzteschaft schon seit 18 Monaten.",de
seg_00802,train,DE,2021-11-03,,credit claiming,ansonsten bin ich natürlich auch im regelmäßigen informellen Austausch mit Vertreterinnen und Vertretern der Ärzteschaft schon seit 18 Monaten.,de
seg_00803,train,DE,2021-11-03,experts,explaining/sharing responsibility,"die Ständige Impfkommission gibt Empfehlungen. Und nach diesen Empfehlungen ist es eben besonders angezeigt, ist empfohlen für bestimmte Gruppen nach medizinischer Datenlage in der Pandemie.",de
seg_00804,test,DE,2021-11-26,citizens,blaming,"Die Lage ist dramatisch ernst, zu ernst wie noch zu keinem Zeitpunkt in dieser Pandemie. Und wir sitzen hier jede Woche und weisen auf den Ernst der Lage hin. Aber zu wenig passiert, zu oft zu spät, vorletzte Woche haben wir gesagt, es ist 5 nach 12. Letzte Woche haben wir gesagt, es ist 10 nach 12. Es ist mittlerweile 12:30 Uhr, aber der Weckruf ist noch immer nicht überall angekommen.",de
seg_00805,train,DE,2021-11-26,subnational level,blaming,"So viele auch in politischer Verantwortung oder in künftiger Verantwortung scheinen zu denken, wird schon irgendwie gut gehen. Wird es aber nicht. Jedenfalls nicht von alleine. Denn es fängt ja erst an, wer glaubt, dass diese Welle nur durch Baden-Württemberg, Bayern, Thüringen und Sachsen geht und den Rest Deutschlands verschont, der irrt.",de
seg_00806,train,DE,2021-11-26,citizens,blaming,"wer glaubt, dass diese Welle nur durch Baden-Württemberg, Bayern, Thüringen und Sachsen geht und den Rest Deutschlands verschont, der irrt",de
seg_00807,train,DE,2021-11-26,citizens,shifting responsibility,"Das haben wir in der Hand, da kann man einen Unterschied machen. Einen entscheidenden Unterschied wird die jeweilige Impfquote auch machen, das Testen macht einen Unterschied. Aber für unsere momentane schwierige, ernste Lage macht ganz kurzfristig nur eines den entscheidenden Unterschied. Die Zahl der Kontakte muss runter, deutlich runter, es nützt alles nichts.",de
seg_00808,train,DE,2021-11-26,subnational level,shifting responsibility,"Das heißt, es braucht deutlich mehr Kontaktbeschränkung, das heißt konsequentes 2G plus, wie wir es übrigens seit über 3 Wochen fordern. Das heißt, mindestens das Absagen von Großveranstaltungen und feiern. Es braucht bundesweit mehr Kontaktbeschränkung.",de
seg_00809,train,DE,2021-11-26,subnational level,blaming,"Das Beste wäre die MPK. Die Ministerpräsidentenkonferenz tagt schon in den nächsten Tagen und entscheidet, was zu entscheiden ist. Die letzte bei 3 Wochen zu spät, das sollte nicht wieder passieren.",de
seg_00810,train,DE,2021-11-26,subnational level,explaining/sharing responsibility,Die Betten werden ja auch im Rest Deutschland knapper werden. Das war übrigens auf Konsens gestern bei der Konferenz mit meinen Kolleginnen und Kollegen aus den Ländern.,de
seg_00811,train,DE,2021-11-26,subnational level,blaming,"Der Tanker, der auf die Kaimauer Zufährt, den Professor Wieler vergangene Woche beschrieben hat, der wurde bisher nicht gebremst. Im Gegenteil, er wird immer schneller. Er fährt mit voller Fahrt. Und je länger wir das jetzt laufen lassen, desto drastischer werden am Ende die notwendigen Maßnahmen sein müssen",de
seg_00812,train,DE,2021-11-26,citizens,praising,"Die Impfkampagne zieht wieder an. Erstmals haben wir wieder über hunderttausend Erstimpfungen sogar in den letzten 2 Tagen, in den letzten 3 Tagen zusammen über Dreihunderttausend Impfungen sind immer in fast 0,4% der Bevölkerung. In dieser Woche gab es auch bereits schon 2 Millionen Auffrischimpfungen alleine gestern wieder über Sechshunderttausend.",de
seg_00813,train,DE,2021-11-26,,credit claiming,"Die Impfkampagne zieht wieder an. Erstmals haben wir wieder über hunderttausend Erstimpfungen sogar in den letzten 2 Tagen, in den letzten 3 Tagen zusammen über Dreihunderttausend Impfungen sind immer in fast 0,4% der Bevölkerung. In dieser Woche gab es auch bereits schon 2 Millionen Auffrischimpfungen alleine gestern wieder über Sechshunderttausend.",de
seg_00814,train,DE,2021-11-26,subnational level,praising,"Vor allem aber möchte ich abschließend allen Ärztinnen und Ärzten, allen Helferinnen und Helfern, allen Verantwortlichen in den Ländern, in den Impfzentren und vor Ort dafür danken, dass sie wieder Schwung in die Impfkampagne gebracht haben.",de
seg_00815,train,DE,2021-11-26,experts,praising,"das haben wir übrigens bis heute durchgängig auf hohem Niveau, auch in Deutschland, seitdem wir angefangen haben, vor über einem Jahr das zu verstärken",de
seg_00816,test,DE,2021-11-26,,credit claiming,"das haben wir übrigens bis heute durchgängig auf hohem Niveau, auch in Deutschland, seitdem wir angefangen haben, vor über einem Jahr das zu verstärken",de
seg_00817,train,DE,2021-11-26,,credit claiming,"wo wir können, werden wir auch wie bisher Südafrika unterstützen.",de
seg_00818,train,DE,2021-11-26,citizens,shifting responsibility,"Ich kann diese Personen, die eingereist sind, noch bevor die Maßnahmen in Kraft treten, nur darum bitten, dazu auffordern zu Hause zu bleiben, einen Test vorzunehmen sich selbst zu beobachten",de
seg_00819,train,DE,2021-11-26,citizens,shifting responsibility,"es ist eben ein aktives darum werben bitten auffordern dass alle nicht nur die die heute morgen gelandet sind auch die die vor 3 Tagen 5 Tagen oder 10 Tagen oder meinetwegen auch 20 Tagen aus Südafrika und der Region in Deutschland angekommen, sind im Zweifel einen Test machen, und zwar ein PCR Test idealerweise.",de
seg_00820,train,DE,2021-11-26,citizens,shifting responsibility,"das eine ist ja ne rechtliche Wirkung, ne binde Wirkung und das andere ist aus unserer Sicht eben eine Aufforderung die auch dringend notwendig ist.",de
seg_00821,train,DE,2021-11-26,subnational level,blaming,"Und ich sehe, dass er hier allein zwischen 2 Bundesländern sozusagen, die hier gerade beieinander sind, Berlin und das Nachbarland, die einen haben Weihnachtsmärkte abgesagt, die anderen nicht",de
seg_00822,test,DE,2021-11-26,subnational level,shifting responsibility,mindestens mal regional ja auch ein Weitestgehendes Zurückfahren des öffentlichen Lebens.,de
seg_00823,test,DE,2021-11-26,citizens,shifting responsibility,"es ist ja immer ne Frage von anderen, dass wir alle anfangen, wenn die Zahlen steigen, wenn die Intensivstationen voller werden, wenn die Berichte kommen über das, was los ist im Land, dass viele Bürgerinnen und Bürger von sich aus Verhalten verändern im Alltag, das haben wir jetzt dreimal gesehen. Und das hat auch dreimal mit dem entscheidenden Unterschied gemacht neben den staatlichen Maßnahmen. Und das ist das, was wir diesmal so nicht sehen bisher,",de
seg_00824,train,DE,2021-11-26,subnational level,explaining/sharing responsibility,"ich bin ja öfter gefragt worden, warum ist die Ministerpräsidentenkonferenz so wichtig, das eine sind die Entscheidungen, die getroffen werden, das andere ist einfach das eindeutig klare Signal aller Verantwortlichen, aller Regierenden in Bund und Ländern, es ist ernst, Leute.",de
seg_00825,train,DE,2021-11-26,citizens,blaming,"Also ich, wir haben alle unseren Teil dabei, aber ich will nur sagen es hat einfach n Grund warum trotz der Impfquote die Dinge dann sich doch etwas anders entwickelt haben, als man hat vorhergesehen, was vor allem eben auch mit Kontaktverhalten zu tun hat.",de
seg_00826,train,DE,2021-11-26,,credit claiming,"all das haben wir nicht nur wie sie sagen auf dem Schirm sondern adressieren wir natürlich auch im Gespräch mit den Behandelnden mit den Verantwortlichen im Gesundheitssystem wo wir haben Budgets vorgenommen, Behandlungen leichter möglich gemacht, digitale Angebote gefördert wo wir eben können um das auch entsprechend zu unterstützen",de
seg_00827,train,DE,2021-11-26,subnational level,explaining/sharing responsibility,"Also zuerst einmal ich äußere mich jetzt nicht zu der Situation, sozusagen zu den Maßnahmen in einzelnen Bundesländern, und wenn, dann bespreche ich es zuerst mit den Verantwortlichen vor Ort. Ich habe da eine etwas andere Herangehensweise, ich finde, in Stresszeiten besprechen wir konkrete Fragen miteinander und nicht übereinander.",de
seg_00828,train,DE,2021-11-26,,credit claiming,"Ich habe seit Juli, wie andere auch über das Thema Auffrischimpfung gesprochen, wir haben im August Beschlüsse gefasst, alle Pflegebedürftigen und Vorerkranken und Höchstbetagten auf frisch zu impfen.",de
seg_00829,train,DE,2021-11-26,experts,shifting responsibility,"Wir haben Anfang September vereinbart, alle über 60 Jährigen auffrisch zu impfen und das jetzt aktuell dieser Druck da ist in den Praxen, in den Impfzentren, hat auch was damit zu tun dass eben damals sozusagen vor 2 Monaten mit den Beschlüssen die über sechzigjährigen auch frisch zu impfen nicht begonnen worden ist, dann gab es die Debatte STIKO Empfehlung ja-nein,",de
seg_00830,test,DE,2021-11-26,subnational level,shifting responsibility,"Nun, es ist seit Beginn der Pandemie, so bis auf den Bund die Zeit der Bundesnotbremse, dass die konkreten Maßnahmen auf Basis des Bundesinfektionsschutzgesetzes von den Behörden in den Ländern und Kommunen zu treffen sind. Ich kann keine kontaktbeschränkenden Maßnahmen anordnen, wenn das Ihre Frage war.",de
seg_00831,test,DE,2021-11-26,subnational level,shifting responsibility,"Ich finde, ich habe gerade schon ziemlich deutlich gesagt, was ich erwarte.",de
seg_00832,train,DE,2021-11-26,,credit claiming,Alles in allem bemühen wir uns um eine bestmögliche Zusammenarbeit,de
seg_00833,train,DE,2021-11-26,subnational level,shifting responsibility,"das, was kurzfristig notwendig ist, weil ich sage noch einmal, ich meine, das sage ich jetzt auch mal an aller Verantwortlichen in Bund und Ländern, wir haben jetzt eine Woche lang jeden Tag hoch und runter eine Impfpflicht diskutiert.",de
seg_00834,train,DE,2021-11-26,subnational level,shifting responsibility,"das ist ja unser Appell, tatsächlich massive Einschränkung von Kontakten und regional erforderlich. Daneben auch ne vollständige.",de
seg_00835,train,DE,2021-11-26,citizens,shifting responsibility,"das ist ja unser Appell, tatsächlich massive Einschränkung von Kontakten und regional erforderlich. Daneben auch ne vollständige.",de
seg_00836,train,DE,2021-11-26,subnational level,shifting responsibility,"Das Entscheidende ist, dass wir dieses gemeinsame Verständnis endlich entwickeln, ich sag noch einmal, es hat das letzte Mal 3 Wochen gedauert, bis miteinander gesprochen wurde, es sollte nicht noch mal länger dauern, es sollte einfach gesprochen und entschieden werden.",de
seg_00837,train,DE,2021-11-26,subnational level,explaining/sharing responsibility,"Wir haben Ministerpräsidentenkonferenzen Gesundheitsministerkonferenzen mindestens einmal die Woche, manchmal fünfmal die Woche nach jeweiliger Lage. Wir haben auf Arbeitsebene zwischen den Gesundheitsministerien und den zuständigen Behörden in Bund und Land mehrfach wöchentlich Austausch, Krisenstäbe, also es gibt ziemlich viele Gremien, die braucht es im föderalen Staat auch, um jeden Tag miteinander die Dinge abzustimmen.",de
seg_00838,train,DE,2021-11-26,experts,praising,"was die wissenschaftliche Beratung und Begleitung und Begleitung angeht, habe ich jetzt aktuell heute morgen an diesem Freitag nicht den Eindruck, dass die Entscheidung, die zu treffen sind, mangels wissenschaftlicher Untermauerung nicht getroffen werden.",de
seg_00839,train,DE,2021-11-26,experts,explaining/sharing responsibility,"Sie können bei uns auf der Homepage alle die vielen Beratungen, die wir im Sommer und Herbst gemacht haben, mit Expertinnen und Experten nachvollziehen, wir haben natürlich zuvörderst institutionnalisiert die wissenschaftliche Beratung durch das Robert Koch Institut, wenn es auch da n neues Gremium gibt, schadet das ja nicht.",de
seg_00840,train,DE,2021-11-26,experts,explaining/sharing responsibility,"Das das ist möglich, was, glaube ich und das meine ich jetzt wirklich vorwurfsfrei, sondern es ist ja eine gemeinsame Erfahrung und Lehre. Ich glaub einfach, dass das sehr wichtige Instrument der Ständigen Impfkommission keines ist für Pandemiezeiten",de
seg_00841,train,DE,2021-11-26,experts,praising,"Also da wird eine unheimlich wichtige Arbeit geleistet, ehrenamtlich übrigens, und dafür bin ich sehr, sehr dankbar, diese wissenschaftliche Expertise und Arbeit gibt es in wenigen anderen Ländern auf der Welt,",de
seg_00842,train,DE,2021-11-26,experts,explaining/sharing responsibility,"die Frage ist nur, ob sozusagen in einer Pandemie und Gesundheitskrise, dass nicht doch n anderen Mechanismus braucht für Empfehlungen zum Impfen als den herkömmlichen sozusagen, mit dem man ansonsten Impfempfehlungen entwickelt. Und das, das ist zum Beispiel n Punkt, ja, der muss auf jeden Fall aus meiner Sicht einer Prüfung und Veränderung unterzogen werden.",de
seg_00843,test,DE,2021-11-26,experts,praising,"Und das sage ich in ausdrücklicher Dankbarkeit für die Arbeit der Ständigen Impfkommission. Sie kann ja nichts dafür, dass sozusagen keine andere Struktur in so einer Phase dann darf",de
seg_00844,train,DE,2021-11-26,subnational level,praising,Die 17 Verantwortlichen Gesundheitsministerin und Gesundheitsminister von Bund und Ländern haben jeweils sowohl bei den Impfungen der 12 bis Siebzehnjährigen wie bei der Auffrischimpfung als zuständige Minister für die öffentliche Gesundheit das vorsorgliche Impfen empfohlen beziehungsweise im Kinder Jugendlichen Fall angeboten und möglich gemacht.,de
seg_00845,train,DE,2021-11-26,subnational level,explaining/sharing responsibility,"aber wenn die 17 verantwortlichen Gesundheitsminister als Leiter ihrer Gesundheitsbehörden diese Entscheidung treffen, dann ist die aus meiner Sicht auch die, die gelten muss.",de
seg_00846,test,DE,2021-11-26,experts,explaining/sharing responsibility,"Und das ist aus meiner Sicht, und das sag ich noch einmal, das sag ich vorwurfsfrei, sondern beschreibend, keine gute Situation. Und das ist einer der Punkte, die mit dazu geführt haben, dass wir beim Auffrischimpfen einfach nicht schnell genug waren in einer Zeit im September wobei es hätten noch sein können.",de
seg_00847,train,DE,2021-11-26,,credit claiming,"Also ich sag, ich sag noch einmal, wir liefern Anfang dieser Woche nächste Woche Montag Dienstag sechseinhalb Millionen Dosen Boosterdosen von Moderne aus. Das ist auch die bestellte Größenordnung.",de
seg_00848,test,DE,2021-11-26,,credit claiming,Da sind 18 Millionen ausgelieferte Dosen finde ich schon mal n ziemlich großer Schritt dahin.,de
seg_00849,train,DE,2021-11-26,,credit claiming,Im Nachhinein hat es sich jedenfalls als richtig herausgestellt.,de
seg_00850,train,DE,2021-11-26,experts,explaining/sharing responsibility,"hinzuschauen, ob die Daten und das machen das BfArM und das Paul Ehrlich Institut jeweils dann auch ne Grundlage haben",de
seg_00851,train,DE,2021-11-26,,credit claiming,"Und dass das natürlich erstmal zu Beginn auch wieder knappe Güter sind. Und deswegen kümmere ich mich ja auch persönlich. Weil solche Dinge klappen dann nur, wenn dann auch auf höchster politischer Ebene die entsprechenden Gespräche mit geführt und begleitet werden.",de
seg_00852,test,DE,2021-12-03,subnational level,explaining/sharing responsibility,Bund und Länder stemmen sich gemeinsam gegen die vierte Welle.,de
seg_00853,test,DE,2021-12-03,,credit claiming,Unsere Mahnungen haben geholfen.,de
seg_00854,train,DE,2021-12-03,subnational level,explaining/sharing responsibility,"Diese Entscheidung kam spät, für viele leider zu spät, aber immerhin wurden sie nun getroffen.",de
seg_00855,train,DE,2021-12-03,citizens,blaming,"Aber wahr ist und bleibt auch die Inzidenz der Ungeimpften liegt in allen Altersgruppen deutlich höher als die Inzidenz der Geimpften. Die Zahl der ungeimpften covid 19 Patienten auf den Intensivstationen ist auch relativ zu ihrem Anteil an der Bevölkerung um ein Vielfaches höher als die der Geimpften. Wären alle erwachsenen Deutschen geimpft, steckten wir nicht in dieser schwierigen Lage. Das ist einfach die Wahrheit.",de
seg_00856,train,DE,2021-12-03,citizens,explaining/sharing responsibility,"Wir hätten viel früher diese Konsequenz im Umgang mit ungeimpften Bürgerinnen und Bürgern an den Tag legen müssen. Denn sie treffen Ihre Entscheidung, sich nicht impfen zu lassen, eben nicht nur mit Folgen für sich selbst, sondern in dieser Pandemie immer auch mit Folgen für alle anderen. Das haben die letzten Wochen schmerzhaft gezeigt. Jeder und jede, der die immer noch hadert, sollte wahrnehmen, wie die Lage ist.",de
seg_00857,train,DE,2021-12-03,citizens,shifting responsibility,"Die enorme Belastung der Ärztinnen und Ärzte, der Pflegekräfte, bleibt also weiter enorm und wächst auch weiter. Das sollten wir, das dürfen wir nicht vergessen. Deswegen meine Bitte an jeden einzelnen: nehmen Sie die Auflagen ernst, befolgen Sie sie auch in ihrem privaten Alltag, Reduzieren Sie Kontakte, soweit es geht, Helfen Sie mit, weiteres Leid zu verhindern.",de
seg_00858,train,DE,2021-12-03,citizens,praising,"sich selbst dabei zu prüfen im Alltag, und das machen viele, Gott sei Dank ja auch, ob das dieses Treffen, dieser Kontakt jetzt so sein muss.",de
seg_00859,train,DE,2021-12-03,citizens,praising,"Wir erleben gerade in Deutschland wird die Impfkampagne wieder enorm Anfahrt gewinnt allein in den letzten 2 Tagen wurden 2% der deutschen geboostert, haben ihre Auffrischimpfung erhalten.",de
seg_00860,test,DE,2021-12-03,,credit claiming,"Booster Impfstoff jedenfalls ist genug vorhanden und ab kommender Woche ist eine ausreichende Zahl an Impfdosen auch für das gestern gesteckte Ziel, 30 Millionen Impfungen zu erreichen, quasi schon ausgeliefert an die Impfenden stellen.",de
seg_00861,train,DE,2021-12-03,,credit claiming,"Durch unsere gemeinsame Kraftanstrengung ist es gelungen, in kürzester Zeit die Impfkampagne wieder zum Leben zu erwecken.",de
seg_00862,train,DE,2021-12-03,citizens,shifting responsibility,"Deswegen machen sie mit, lassen Sie sich impfen, schützen Sie sich und ihre Lieben, so können wir diese vierte Welle brechen.",de
seg_00863,train,DE,2021-12-03,citizens,shifting responsibility,"Was kann man am besten dagegen tun? Die Infektionszahlen senken. Das Beste, was wir tun können, damit wir ein gutes Lagebild wieder haben können miteinander ist schlicht und ergreifend Infektionszahlen Runterbringen, diese Welle brechen, sodass alle auch in ihrem Alltag im Gesundheitswesen die Dinge, die anstehen, gut bewältigen können, und da kann jeder von uns mithelfen.",de
seg_00864,train,DE,2021-12-03,subnational level,praising,die Behörden vor Ort ziehen das Personal im Gesundheitsamt zusammen,de
seg_00865,test,DE,2021-12-03,experts,explaining/sharing responsibility,"Ist ja auch ne Empfehlung des RKI, eine sinnvolle auch bei der Kontaktpersonennachverfolgung vor allem sich auf die Bereiche zu konzentrieren, wo es um vulnerable Personen geht, um Pflegeeinrichtungen zum Beispiel oder um größere Veranstaltungen.",de
seg_00866,test,DE,2021-12-03,subnational level,shifting responsibility,"Aber das sind eben Größenordnungen, die wir regional haben in Deutschland da geht es vor allem darum, diese Zahlen runterzubringen.",de
seg_00867,train,DE,2021-12-03,subnational level,explaining/sharing responsibility,"Also zuerst einmal haben wir ja sehr bewusst schon im August, vereinbart zwischen Bund und Ländern, die Auffrischkampagne auch in den Pflegeeinrichtungen zu beginnen.",de
seg_00868,train,DE,2021-12-03,subnational level,praising,"Viele Länder, leider nicht alle, aber viele haben auch unmittelbar im August begonnen mit mobilen Teams dann wieder in die Einrichtungen auch zu gehen, das Impfangebot zu machen",de
seg_00869,train,DE,2021-12-03,subnational level,blaming,"Viele Länder, leider nicht alle, aber viele haben auch unmittelbar im August begonnen mit mobilen Teams dann wieder in die Einrichtungen auch zu gehen, das Impfangebot zu machen",de
seg_00870,train,DE,2021-12-03,citizens,praising,"viele der dort lebenden Bewohnerinnen und Bewohner haben es auch angenommen, um sich zusätzlich zu schützen, das ist schon mal ein erster sehr wichtiger Punkt.",de
seg_00871,train,DE,2021-12-03,,credit claiming,"Das ist ja neben den Landesverordnungen, die es gegeben hat, mittlerweile auch Bundesgesetzlich geregelt, und das kann ich nur begrüßen.",de
seg_00872,train,DE,2021-12-03,,credit claiming,"Wir haben unsere Impfkampagne im Frühjahr und im Sommer viel Tempo geben können, weil wir viele Bestellungen aus Quartal 4 etwa des Herstellers BioNtech vorgezogen haben in die Quartale 2 und 3 in Absprache für die ganze EU ja nicht nur für Deutschland, für die ganze Europäische Union in Absprache mit dem Hersteller war das möglich, und das war sehr hilfreich, weil wir dadurch eben unser Versprechen jeden bis zum Ende des Sommers die Möglichkeit zu geben, sich zu schützen durch eine Impfung tatsächlich am Anfang des Sommers schon erreicht haben",de
seg_00873,train,DE,2021-12-03,subnational level,explaining/sharing responsibility,"Dass die Beschlüsse angeht jetzt zu Kontakteinschränkungen und Beschränkungen wie sie zwischen Bund und Ländern auf der Ministerpräsidenten Konferenz getroffen wurden haben wir ja hier gemeinsam in den letzten Wochen mehrfach darauf hingewiesen dass wir sie für dringlich halten. Ich habe vorletzte Woche gesagt es ist 5 nach 12 in der Woche darauf habe ich gesagt es ist 10 nach 12. In der Woche darauf habe ich gesagt, es ist 12:30 Uhr mindestens und es ist dringlich, dass Beschlüsse zur Kontaktbeschränkung getroffen werden. Beschlüsse zur Kontaktbeschränkung konkret in der Umsetzung kann ich als Bundesminister für Gesundheit nicht treffen. Sondern nach der geltenden Rechtslage können das nur die Länder und die Behörden vor Ort. Und es ist gut, dass wir uns darauf gestern vereinbart haben.",de
seg_00874,train,DE,2021-12-03,subnational level,explaining/sharing responsibility,"wenn wir dann uns einig sind zwischen Bund und Ländern, an die Lage uns anzupassen, dann geschieht das ja auch zügig, wenn die Entscheidung getroffen ist und kraftvoll.",de
seg_00875,test,DE,2021-12-03,experts,praising,"natürlich die Zusammenarbeit mit Herrn Professor Wieler, mit dem Robert Koch Institut, aber auch mit allen Kolleginnen und Kollegen im Ministerium und bei uns im Geschäftsbereich vermissen werde,",de
seg_00876,test,DE,2021-12-03,subnational level,explaining/sharing responsibility,"Das ist eine Frage, um die tatsächlich ja auch gerungen und diskutiert wurde im Vorfeld, aber auch in der Ministerpräsidentenkonferenz. Im Kompromiss ist es jetzt zu dieser Größenordnung gekommen.",de
seg_00877,train,DE,2021-12-03,subnational level,shifting responsibility,"Die Frage ist, ob das in der Praxis gelingt, das mit all diesen Regeln umzusetzen. Wir alle kennen die Bilder aus Stadien, wo das nicht immer wirklich den Eindruck macht, dass das überall gelingt und deswegen verstehe ich gut, dass da vor allem auch im Vergleich mit anderen Bereichen, dass da viele Fragen dazu sind. Ich kann jetzt nur dafür werben, dass dieser gefundene Kompromiss auch wirklich in all seinen Facetten 2G, Masken, AHA Regeln, An- und Abfahrtskonzepte auch umgesetzt wird.",de
seg_00878,train,DE,2021-12-03,citizens,shifting responsibility,"Die Frage ist, ob das in der Praxis gelingt, das mit all diesen Regeln umzusetzen. Wir alle kennen die Bilder aus Stadien, wo das nicht immer wirklich den Eindruck macht, dass das überall gelingt und deswegen verstehe ich gut, dass da vor allem auch im Vergleich mit anderen Bereichen, dass da viele Fragen dazu sind. Ich kann jetzt nur dafür werben, dass dieser gefundene Kompromiss auch wirklich in all seinen Facetten 2G, Masken, AHA Regeln, An- und Abfahrtskonzepte auch umgesetzt wird.",de
seg_00879,train,DE,2021-12-03,,credit claiming,"Deswegen haben wir ja auch mehrere Programme der Forschungsförderung des Bundes auch für die Entwicklung entsprechender Medikamente, von vielversprechenden Ansätzen und wir haben und sind auch gerade aktuell noch dabei, bis zur letzten Sekunde aktiv sozusagen, auch mit Herstellern entsprechende Verträge zu verhandeln, die aussichtsreiche Medikamente haben.",de
seg_00880,train,DE,2021-12-03,experts,explaining/sharing responsibility,"aber immer dann, wenn wir auch nach den Einschätzungen unserer Behörden, des BFaM und des Paul Ehrlich Instituts, je nachdem, um welches Art von Medikament es geht, ne aussichtsreichen Kandidaten haben. Auch nach Studienlage ein Unterschied zu machen",de
seg_00881,test,DE,2021-12-03,,credit claiming,"haben wir Verhandlungen begonnen mit dem Hersteller, so haben wir uns Remdesivir gesichert für Deutschland, so haben wir monoklonale Antikörper gesichert für Deutschland, so haben wir ganz aktuell mit MSD in Verhandlungen das dortige Medikament für Deutschland gesichert.",de
seg_00882,train,DE,2021-12-03,,credit claiming,"Und das sind dann Dinge, um es auch transparent zu machen, wo auch ja der Minister selbst mit den Vorstandsvorsitzenden dieser Unternehmen spricht und verhandeln muss in Teilen, um den Weg dafür zu bahnen. Das lässt sich anders bei einem weltweit umkämpften Produkt dann auch nicht regeln.",de
seg_00883,test,DE,2021-12-03,,credit claiming,"Aber die Grundantwort ist ja, wir haben hohes Interesse an Therapeutika bei COVID-19, wir kaufen vorsorglich, wir unterstützen Forschung und Entwicklung, weil selbst bei höchsten Impfquoten ist immer auch diejenigen gibt, wo möglicherweise auch beim Impfdurchbruch Behandlungsbedarf entsteht.",de
seg_00884,train,DE,2021-12-03,experts,praising,Also zuerst einmal die Ständige Impfkommission genießt hohes Ansehen. Ich bin ja auch dankbar für ihre Arbeit,de
seg_00885,train,DE,2021-12-03,citizens,explaining/sharing responsibility,"Deswegen kann ich einfach nur dazu auffordern, dass alle, die mit den Entscheidungen zur öffentlichen Debatte aus berufenem Munde sozusagen betroffen sind, dass das eben auch mit dieser entsprechenden Zurückhaltung und Grundhaltung machen, dass das für diejenigen, die die Informationen dann bekommen, die diese Aussagen sehen, dann eben schon auch eine ist, die zu Recht und nachvollziehbar eben auch mit einem Abwägen, mit Emotionen verbunden ist.",de
seg_00886,train,DE,2021-12-03,experts,shifting responsibility,"Die ordentliche Zulassung ist eine durch eine Zulassungsbehörde. Und wir werden mit dieser Zulassung und der Verfügbarkeit des Impfstoffes den 5 bis Elfjährigen die Impfung in der Entscheidung ihrer Eltern und des Erzarztes auch möglich machen. Und dann wird die Ständige Impfkommission eine Empfehlung abgeben. Ich würde aber empfehlen, Empfehlungen als solche abzugeben und nicht als persönliche Meinung.",de
seg_00887,train,DE,2021-12-03,experts,blaming,"Und dann wird die Ständige Impfkommission eine Empfehlung abgeben. Ich würde aber empfehlen, Empfehlungen als solche abzugeben und nicht als persönliche Meinung.",de
seg_00888,train,DE,2021-12-03,,credit claiming,"Und deswegen haben wir immer auch aus eigenem nationalem Interesse mitgeholfen, finanziell und durch die Spende von Impfdosen, dass die Welt geimpft werden kann. Und wir haben gleichzeitig die Möglichkeit, die deutsche Bevölkerung zu impfen",de
seg_00889,test,DE,2021-12-03,,credit claiming,"Sag noch einmal, also transparenter als die Frage, dass wir Covax unterstützen und in Deutschland gut impfen, haben wir, also wir haben alle Themen transparent behandelt, aber das haben wir besonders transparent behandelt miteinander.",de
seg_00890,test,DE,2021-12-03,,credit claiming,"Ich mache jetzt wirklich bis zur letzten Sekunde, bis zur Amtsübergabe meine Aufgabe als Bundesminister für Gesundheit, das halte ich jedenfalls in der Lage, in der wir aktuell sind, auch für erforderlich, und das ist das, was mich treibt und beschäftigt.",de
seg_00891,train,DE,2021-12-03,experts,praising,"Deshalb möchte ich mich zum ersten bedanken bei den vielen Expertinnen und Experten, die in diesem Rahmen für sachliche, gute Informationen gesorgt haben, die auch mit uns hier regelmäßig in der Bundespressekonferenz waren. Wir können uns glücklich schätzen in Deutschland, ich würde mir wünschen, dass wir auch das gelegentlich wahrnehmen, dass das ein Privileg ist, dass wir so viele Expertinnen und Experten haben, Universitäten, Wissenschaftler, aber auch in der medizinischen Versorgung, im Alltag, die in dieser Pandemie uns mit Rat und Tat begleiten und unterstützen.",de
seg_00892,test,DE,2021-12-03,experts,praising,"Einen besonderen Dank möchte ich an Professor Wieler aussprechen. Sie haben sich hier immer wieder den Fragen gestellt, die Lage beschrieben und gesagt, was notwendig ist.",de
