record_id,split,country,conference_date,target,label,text,detected_language
seg_00004,test,CH,2021-01-13,,credit claiming,"die gute Nachricht ist es aber, dass wir aber dieser Vorsprung und Wissensvorsprung, wenn wir schauen, wie es in andere Länder geht, und wir können schon damit auch am richtigen Moment handeln, um diese Explosion zu verhindern",de
seg_00005,train,CH,2021-01-13,,credit claiming,"Das heisst, wenn wir früher mal etwas tun, wir haben eine bessere Situation, als wir erwarten, und die Frage ist nicht, ob wir Massnahmen treffen müssen. Die Frage ist nur wann, und der Bundesrat hat heute entschieden, dass es ist besser jetzt als später, weil es minimiert auch die negativen Konsequenzen. Das Positive in diesem Kontext: wir haben diese Informationsvorsprung und die andere positive Nachricht, das ist die Impfung. Die Impfung beginnt wirklich mal sich zu verteilen in der Schweiz",de
seg_00006,train,CH,2021-01-13,subnational level,implicit blame avoidance,Die Kantone sind dafür zuständig,de
seg_00007,test,CH,2021-01-13,,credit claiming,"Wir haben immer mehr Dosen, wir haben jetzt schon zwei Zulassungen, die da sind, es gibt uns eine gute Situation zu den nächsten Wochen.",de
seg_00008,train,CH,2021-01-13,citizens,explicit blame shifting,"Der Bundesrat ist sich bewusst, meine Damen und Herren, es wird von uns allen seit Monaten enorm viel abverlangt. Und diese Massnahmen sind sehr einschneidend wir wissen auch, dass die Coronamüdigkeiten im Zoom und wir müssen wirklich das gemeinsam schaffen das heisst Massnahmen jetzt treffen damit man hier wirklich eine Perspektive wirklich schaffen kann für den Frühling und nicht umgekehrt, nicht umgekehrt und das auch mit der Chance eine gute Entwicklung bei der Impfung zu haben umso wichtiger ist in diesen Zeiten auch die Solidarität.",de
seg_00009,train,CH,2021-01-13,,credit claiming,"Wir sind nicht mittendrin in einer Explosion, wir sind vorher, das ist genau die grosse Differenz, mit der Entwicklungen, die wir letztes Jahr erlebt haben. Diesmal haben wir diese Vorsprung Wissensvorsprung Informationsforschung",de
seg_00010,test,CH,2021-01-13,subnational level,implicit blame avoidance,"Aber ich kann hier auch noch einmal erinnern, die Kantone, die können, die dürfen weitergehen, als was der Bund vorsieht, wenn es notwendig sein soll. Die Kantone könnten auch grundsätzlich die Skigebiete schliessen, das habe ich vorher noch vergessen zu erwähnen.",de
seg_00011,train,CH,2021-01-13,,credit claiming,und wir haben das heute reduziert und auch auf die 2-Haushalte-Regelung verzichtet. Mit 5 sind wir schon sehr tief.,de
seg_00012,train,CH,2021-01-13,subnational level,explicit blame shifting,"Ja, vielen Dank für diese Frage. Wir haben noch keine, ich glaube definitive Retour von den Kantonen dazu, sie ist klar, eine Aufgabe der Kantone, wir sind da in engen Kontakt für diese, für diese Fragen, und wir werden das viel davon aus, bald bekommen können.",de
seg_00013,train,CH,2021-01-13,subnational level,explicit blame shifting,"Und es gehört auch an die Kantone, da zu schauen, was es bedeutet, für die für die Schulen. Wir sind da auch im engen Kontakt, und wir können auch mit den Analysen, die wir haben, mit der Information, die wir jeden Tag neu bekommen, über was bedeutet dieses neuen Virus. Das können wir, wir sind im engen Kontakt mit Kantonen dazu.",de
seg_00018,train,CH,2021-01-13,subnational level,implicit blame avoidance,zweiter Punkt. Die Kantone sind zuständig für die Schulen noch einmal,de
seg_00023,test,CH,2021-01-13,citizens,explicit blame shifting,"Ich glaube, der Fall Wengen zeigt auch, was passieren kann, wenn es man kann das auch nicht vergleichen, in andere Fälle, aber trotzdem es ist passiert und es hat auch negativen Auswirkungen oder die dauernde Sache, die wir lieber nicht gesehen hätten wollen sehen, ja",de
seg_00024,train,CH,2021-01-13,,credit claiming,"weil wir versuchen nach wie vor pragmatisch einen Weg zu finden mit dieser Entwicklung. Aber wir haben über die Schliessung von Hotels zum Beispiel nicht gesprochen, oder wir haben von Schliessung von anderen Einrichtungen nicht gesprochen,",de
seg_00025,train,CH,2021-01-13,,credit claiming,"Wir machen sehr viel Sequenzierung, das hat uns erlaubt, das zu folgen in der Schweiz, wie es geht, und das erlaubt uns zu sagen, wir haben jetzt die Situation, die UK Anfang Dezember hatte und da wir früher sind, wir hoffen auch, dass es erlaubt, weniger strengere Massnahmen zu nehmen und da einen Weg damit zu finden, aber würden wir das ständig beobachten wie immer und allenfalls reagieren müssen.",de
seg_00026,train,CH,2021-01-13,,credit claiming,"Die Frage noch einmal mehr ist nicht ob, die Frage ist wann und je früher, desto besser auch für die Gesellschaft, für die Kosten, für die Wirtschaft und für die Gesundheit, das ist genau der Punkt,",de
seg_00027,train,CH,2021-01-13,,credit claiming,"wir haben einen Wissensvorsprung, es ist einfach, dass durch diese Sequenzierungen, wir wissen, wir können das vergleichen mit einer Situation, wo wir sind, wir haben 6 Wochen, 7 Wochen Differenz mit UK, das hatten wir bis jetzt nie in der Vergangenheit mit dieser Pandemie",de
seg_00036,train,CH,2021-01-27,,credit claiming,"Der Bund wird ab morgen auch die Kosten von Test an Personen keine Symptome haben, übernehmen die Möglichkeit für Asymptomatischen sich testen zu lassen ist vorhanden seit Dezember, da wir seit Dezember genug Test haben, es ist aber viel zu wenig benutzt worden, genutzt worden, wir wollen einen Anreiz schaffen und wir machen das mit dieser Übernahme der Kosten.",de
seg_00037,train,CH,2021-01-27,subnational level,implicit blame avoidance,"Wir haben auch diesen neuen Virusvarianten, die verdoppelt sich nach wie vor jede Woche, wir verfolgen das sehr, sehr genau und wir machen das auch sehr in Kontakt mit der Kantone",de
seg_00038,train,CH,2021-01-27,,credit claiming,"ich glaube mit der Entscheide des Bundesrats heute haben wir auch wieder mal einen guten Schritt gemacht, um eine bessere Begleitung dieser Pandemie zu haben und um besser noch die Situation im Griff zu haben für die nächsten Zeit, die sehr wichtig sind wegen der Entwicklung der Varianten und auch, weil wir die Impfkampagne haben, die läuft gerade jetzt, und die muss auch weiter so laufen. Danke",de
seg_00040,train,CH,2021-01-27,citizens,explicit blame shifting,"um wirklich diesen Anreiz zu schaffen, weil die Möglichkeit, die besteht seit Wochen ist, aber wirklich nicht benutzt worden",de
seg_00041,train,CH,2021-01-27,subnational level,explicit blame shifting,"Ja, die Altersheime, das ist wirklich Sache der Kantone. Wir wiederholen das seit sehr lange und es muss auch so bleiben und die Spitäler, die sind auch Sache der Kantone, ich meine, das muss auch so bleiben.",de
seg_00042,test,CH,2021-01-27,citizens,explicit blame shifting,"Wir haben einfach wirklich auch gehofft, dass die einfach mit der Lockerung der Möglichkeiten ab Dezember ab dem Moment, wo es genug Test gab, das ist wirklich sehr stark benutzt wird und wir müssen feststellen, das ist nicht der Fall",de
seg_00043,train,CH,2021-01-27,subnational level,explicit blame shifting,"die Übernahme durch den Bund und deswegen die Kantone, die müssen auch ein Konzept präsentieren. Ich meine das, es ist nicht, um etwas ineffizient zu fördern, es ist im Gegenteil um etwas sehr effizient zu fördern, das heisst vor allem, dass es benutzt wird, wo es wirklich etwas bringt, um noch einmal besonders gefährdeten Personen zu schützen, besser zu schützen oder um Ausbrüche im Kontroll, im Griff zu nehmen.",de
seg_00044,train,CH,2021-01-27,subnational level,explicit blame shifting,"deswegen ist es notwendig, dass die Kantone ein Konzept auch präsentieren für die Übernahme der Kosten, und das wird auch Fall pro Fall werden wir das diskutieren können, um zu sehen wo es wirklich Sinn macht.",de
seg_00045,train,CH,2021-01-27,citizens,explicit blame shifting,"dass zum Beispiel den Test um sich vorhanden Quarantäne zu befreien, nach 7 Tage, das wird auch nicht übernommen, das ist auch zulasten der Person, die, die diesen Weg sucht.",de
seg_00048,train,CH,2021-01-27,citizens,explicit blame shifting,"Es ist aber vorgesehen, dass die Person, die reist, sich melden muss.",de
seg_00049,train,CH,2021-01-27,citizens,explicit blame shifting,aber die Person muss das wirklich erfüllen.,de
seg_00050,train,CH,2021-01-27,,credit claiming,"Ich glaube, dazu kann man schon sagen, dass die Situation hat sich positiv entwickelt in den letzten Wochen und Monaten und wir haben jetzt eine Anzahl von neuen Fällen, die wirklich so tief ist wie nicht mehr, seit ich glaube Oktober oder so. Das ist per se sehr positiv und wir sind sehr froh, mit dieser Entwicklung.",de
seg_00051,train,CH,2021-01-27,,credit claiming,"dank der Sequenzierungen, die wir in der Schweiz machen",de
seg_00052,train,CH,2021-01-27,,credit claiming,"Aber noch einmal nein, wir haben heute eine Situation, die uns auch erlaubt, Verhaltensoptimistisch zu sein, auch wenn man in andere Länder anschaut.",de
seg_00053,train,CH,2021-01-27,,credit claiming,"Ein Wort vielleicht dazu, ganz am Anfang, als wir da sehr oder zu wenig testen hatten, hatten wir schon damals 50‘000 Schnelltests pro Tag. Also wir sind sehr viel, viel, viel höher jetzt.",de
seg_00054,train,CH,2021-01-27,subnational level,explicit blame shifting,"Ich gehe davon aus, dass das hier da auch eine Frage für die Kantone sein und vor allem für die Kantonsärzte, die das vorbereiten müssen und die das auch mal in einen realistischeren Weg mal finden müssen, damit es geht. Aber ich glaube, meiner Meinung nach gibt es keine Untergrenze",de
seg_00056,train,CH,2021-01-27,subnational level,explicit blame shifting,"Ja, wir verfolgen diese Situation mit der EDK und die Kantone sehr genau. Die Kantone haben immer auch klar gesagt, dass die Schulen und wie es geht, das ist eine Sache der Kantone, wir sehen das auch genau gleich auf Bundesebene, das ist der erste Punkt. Zweiter Punkt mit dieser Möglichkeit jetzt viel breiter zu testen zuerst einmal und auch mit der Entwicklung, mit dem Varianten, wo die Quarantäne auch sehr konsequent durchgeführt wird durch die Kantone, aber wir eine Situation, die, ja, klar, vielleicht unangenehm sein kann für gewisse Einrichtungen, für gewisse Schulen, aber das führt noch nicht unbedingt einfach automatisch dazu, dass man alle Schulen mal mal schliessen sollte. Muss man schon sehen, was es hat, auch für Auswirkungen. Und der Bundesrat hat das auch, ich glaube letzte Woche das letzte Mal das auch haben diskutiert nach einer Retour oder ein Brief der Kanton und wir sind zum Schluss gekommen, dass die Situation, haben wir im Griff, und die Kantone, die wissen, wie es geht, so zu tun, sehr angepasst an die eigene Situation?",de
seg_00058,train,CH,2021-01-27,citizens,implicit blame avoidance,"Wir verlangen keinen negativen Test von Leuten, die von Gebieten kommen, die nicht aus die Risikogebiete sind, ausser für die Leute die mit einem Flugzeug kommen.",de
seg_00070,train,CH,2021-02-17,,credit claiming,"Es gibt schon diese Entwicklung, die der Bundesrat heute mal angeschaut hat, wir haben eine Positive, eine Auslandslage, die sich verbessert hat in der letzten Wochen, das Dank einer sehr gute Entwicklung auch mit einer sehr gute Umsetzung der Bevölkerung von der Massnahmen, die uns schützen und das erlaubt jetzt langsam Richtung Lockerungen zu gehen, um mit einem Plan um aus dieser Situation zu kommen, mit Etappen",de
seg_00071,train,CH,2021-02-17,citizens,implicit blame avoidance,"Dank einer sehr gute Entwicklung auch mit einer sehr gute Umsetzung der Bevölkerung von der Massnahmen, die uns schützen",de
seg_00072,train,CH,2021-02-17,subnational level,implicit blame avoidance,"Eine erste Etappe, die in die Konsultation bei den Kantonen heute geht, für eine erste Lockerung am 1. März",de
seg_00078,train,CH,2021-02-17,subnational level,implicit blame avoidance,das noch vorbereiten vorher mit Vernehmlassung der Kantone,de
seg_00079,train,CH,2021-02-17,citizens,explicit blame shifting,"es wird auch gesagt worden, wie hoch wissen wir es nicht, es ist aber matchentscheidend, dass die Bevölkerung weiterhin mitmacht, sehr engagiert, wie bis jetzt, damit es gut gehen kann.",de
seg_00080,train,CH,2021-02-17,,credit claiming,"Ich habe vorher gesagt es ist immer wieder eine Frage von abwägen gewesen für die Massnahmen die übrigens viel weniger stark oder weniger stark sind als den umliegenden Ländern sogar wenn man über ein Jahr vergleicht muss man das schon auch sehen und dann auch mit starken Unterstützung, die wir vorgesehen haben.",de
seg_00081,train,CH,2021-02-17,citizens,explicit blame shifting,"einmal mehr für diejenigen, die es vergessen haben, was passiert ist in Italien letzten Jahres, wenn Portugal hat uns gerade vor 2-3 Wochen erinnert, wie es gehen kann und das wollen wir wirklich verhindern.",de
seg_00082,test,CH,2021-02-17,,credit claiming,"haben wir jetzt viel mehr Erfahrung, über wie man sich schützen kann, es funktioniert auch immer besser, würde ich mal sagen, und dazu kommt auch noch die Impfung",de
seg_00085,train,CH,2021-02-17,subnational level,explicit blame shifting,"Bleibt jetzt eine Frage, der Präsident hat es gesagt, über die Altersheime, wir erwarten jetzt von sämtlichen Kantone Konzepte, um wirklich, dass diese Testung, Entwicklung bei der Altersheims sehr rasch und sehr stark zu entwickeln.",de
seg_00088,train,CH,2021-02-17,,credit claiming,"Ein Punkt, dass ich Ihnen die Lieferungen, das ist die Beschaffungspolitik, die wir seit jetzt einem Jahr wirklich vorbereitet haben und umgesetzt haben, und diese Beschaffungspolitik hat uns erlaubt, das ist auch bekannt, schon 2 Impfungen zugelassen und in der Umsetzung in der Schweiz zu haben, mit Mengen, die sich entwickeln, sehr rasch und sehr, sehr positiv in den nächsten Monaten, wenn alles gut geht",de
seg_00089,test,CH,2021-02-17,subnational level,implicit blame avoidance,"wir sind da in einem sehr engen Kontakt mit der Kantone, um das mal zu melden, wie es geht, damit die Kantone sich auch gut vorbereiten können für diese Umsetzung",de
seg_00090,test,CH,2021-02-17,,credit claiming,"ich glaube bis jetzt, es geht nicht so schlecht",de
seg_00091,train,CH,2021-02-17,citizens,explicit blame shifting,"wo, es gibt auch eine Wille, eine Wille von der Bevölkerung, sich impfen zu lassen, es muss geimpft werden",de
seg_00092,train,CH,2021-02-17,citizens,implicit blame avoidance,"weil die Bevölkerung sich wirklich gut an die Massnahmen hält. Das ist wirklich zu verdanken noch einmal. Wissen Sie, ich bekomme, wir bekommen alle sehr sehr viele Briefe, sehr viele Mails, sehr viele Kontakte, wir können nicht persönlich an alle mal eine Antwort bringen oder wir lesen, was kommt. Und 5 Minuten vor der Pressekonferenz. Ich war noch ein Mail bekommen von einer Frau von L‘Orient und sie schreibt am Ende: „et comme beaucoup d’autres, je continue de suivre les consignes à la lettre“. Das hilft, das ist wahrscheinlich Match entscheidend.",de
seg_00103,train,CH,2021-02-24,,credit claiming,"Ja, noch vielleicht auf Deutsch kurz, um zu sagen, dass die Situation ist jetzt... Es hat sich verbessert.",de
seg_00104,test,CH,2021-02-24,,credit claiming,wir haben auch gesagt mit dem Bundesrat und wir bestätigen das heute: Wir haben eine Strategie die Risikobasiert ist.,de
seg_00105,train,CH,2021-02-24,,credit claiming,"Und wir haben nach der Vernehmlassung gewisse Anliegen, die man sehr viel gehört hat in den letzten Tagen gehört, nicht alle, aber ein Teil davon ist berücksichtigt worden durch den Bundesrat, heute zum Beispiel Zeitpunkt der nächsten Öffnungsschrittes früher als mal gedach vorher, auch eine Erleichterung für junge Erwachsene bis 20 Jahre alt, für Sport und Kultur und auch bei den Menschenansammlungen im Freien",de
seg_00106,test,CH,2021-02-24,,credit claiming,"weil parallel dazu ja funktioniert auch, oder entwickelt sich auch die Impfkampagne, es gibt uns guten Perspektiven für die nächsten Wochen und Monate.",de
seg_00107,train,CH,2021-02-24,subnational level,explicit blame shifting,"es ist einmal klar, wenn der Bundesrat heute gesagt hat, mit dieser Strategie, die wir gut erklären können, dass die Terrassen draussen, die sind nicht offen im Moment, mit dem Bundesrecht sie müssen auch nicht offen sein",de
seg_00108,train,CH,2021-02-24,subnational level,implicit blame avoidance,"Ich glaube die Konsultation sind wirklich da, um alle Meinungen zu holen und dann in der Entscheidungsprozesses des Bundesrats zu integrieren. Und das ist wirklich sehr ernsthaft gemacht worden, diese Integration, und wir haben dazu wie der Bundespräsident, das es gesagt hat, in ziemlich vielen Punkte wirklich das entwickelt",de
seg_00109,train,CH,2021-02-24,,credit claiming,"das Entgegenkommen hat nicht die privaten Veranstaltungen im Freien betroffen, aber Sport und Kultur, es war noch vor einer Woche auf 5 fixiert und haben wir auf 15 erweitert heute Morgen im Bundesrat.",de
seg_00110,train,CH,2021-02-24,,credit claiming,"die Impfkampagne die sich entwickelt, das ist auch ein Game Changer, ist ja noch nicht so weit, aber es entwickelt sich gut",de
seg_00111,test,CH,2021-02-24,subnational level,explicit blame shifting,"es ist auch klar, ich meine, wir versuchen eine Pandemie zu bewältigen, und wenn wir etwas fixieren, bewusst mit dem Gesamtbundesrat, dann es muss gelten, und wir erwarten schon, dass es umgesetzt, dass es umgesetzt wird. Es gab vielleicht in der Vergangenheit Unterschiede, bringt Interpretationen, so dass ich jetzt mal geklärt und wir erwarten jetzt, dass es umgesetzt wird.",de
seg_00112,train,CH,2021-02-24,subnational level,implicit blame avoidance,"aber wir haben auch mal gesehen, dass es gab eine Vernehmlassung, es war auch ein Punkt wo wir gesehen haben okay vielleicht können wir das ein bisschen antizipieren",de
seg_00113,train,CH,2021-02-24,,credit claiming,"Jetzt klar wir pushen die Testen soweit wir es können, haben wir die Kriterien gelockert, die Kosten übernommen.",de
seg_00114,train,CH,2021-02-24,subnational level,explicit blame shifting,"ich muss auch noch verweisen, dass letztes Jahr es gab ab und zu Momente, wo es gab grosse Differenzen zwischen Kantone und es hat nur zu Wirrwarr, Wettbewerbsverzerrungen und Aufregung geführt",de
seg_00115,train,CH,2021-02-24,subnational level,implicit blame avoidance,"ich muss auch noch verweisen, dass letztes Jahr es gab ab und zu Momente, wo es gab grosse Differenzen zwischen Kantone und es hat nur zu Wirrwarr, Wettbewerbsverzerrungen und Aufregung geführt, das ist auch noch ein Punkt und mit dieser kleine oder eher kleinere Differenzen, die es jetzt heute gibt zwischen Kanton, es scheint uns im Moment nicht im Vordergrund zu stehen.",de
seg_00120,train,CH,2021-02-24,subnational level,implicit blame avoidance,"wir mussten merken damals, dass nur schon die Verteilung der Kompetenzen zwischen Bund und Kanton war überhaupt nicht geklärt.",de
seg_00121,test,CH,2021-02-24,subnational level,implicit blame avoidance,"in föderalistischen Strukturen, ich glaube, wir haben schon eine ziemlich präzise Idee, wie es funktioniert mit Umsetzung von Recht, was es bedeutet, wenn es gibt eine Bundesverordnung in diesem Bereich. Und wie vorher gesagt, ich glaube, es gab bis jetzt einige Interpretationsprobleme und Interpretationsunterschiede. Der Bundesrat hat das heute mal geklärt für heute und es wäre für mich wirklich ziemlich neu, dass man bewusst einfach nicht sich an diese Rechtsgrundlagen hält. Ich glaube, es wird gehen. Ich glaube keine Sekunde, dass die Kantone einfach nur da sagen, wir wollen einfach kein Bundesrecht mehr respektieren, es ist nicht so, ich glaube nicht.",de
seg_00122,train,CH,2021-02-24,subnational level,implicit blame avoidance,"Ich gehe davon aus, noch einmal, dass es wird respektiert, die werden schliessen. Es ist nicht so, dass es gibt Interventionsmitteln zwischen Bund und Kantonen. Es gibt keine Interventionsmittel, weil seit sehr lange wir haben uns immer auch so verstanden, sind in Kontakt und auch wenn nicht alle wirklich einen Entscheid akzeptieren, es wird doch trotzdem respektiert und umgesetzt und es wäre mir völlig neu, wenn das nicht mehr funktionieren sollte, ab dem Moment, wo es gab, dort wo es gab Interpretationsfragen ab dem Moment wo es geklärt worden is",de
seg_00123,train,CH,2021-02-24,,credit claiming,"Und wenn ich die ersten Teil der Frage verstanden, es geht um die Covid App oder? Die nicht funktionieren sollte, meiner Meinung nach sie funktioniert. Ich muss Ihnen sagen, ich bin auch selber einmal da getroffen worden. Ich habe eine Meldung mal bekommen und wir müssen dann mal schauen, was es bedeutet. Ich meine es soweit ich es weiss, es funktioniert.",de
seg_00124,train,CH,2021-02-24,citizens,explicit blame shifting,"das es ist einfach nicht so, dass Alle aber die covid App heruntergeladen und klar auch dass dann ist es freiwillig bei den Menschen die einen Code bekommen das einzugeben oder nicht",de
seg_00134,train,CH,2021-03-12,citizens,explicit blame shifting,"wir können diese Entwicklung sehr stark beeinflussen, wir können diese Entwicklung sehr stark beeinflussen",de
seg_00135,train,CH,2021-03-12,citizens,explicit blame shifting,"das heisst, es ist auch sehr stark abhängig, wie wir uns verhalten in dieser Entwicklung auch auf persönliche Ebene",de
seg_00136,test,CH,2021-03-12,subnational level,implicit blame avoidance,"Das heisst, trotz dieser fragile Situation, wir eröffnen eine Vernehmlassung mit einer nächste Öffnungsschritt. Werden wir nächsten Freitag wieder mal mit dem Bundesrat darüber diskutieren können.",de
seg_00137,test,CH,2021-03-12,,credit claiming,"Testoffensive ist da bestätigt worden heute Morgen ab 15. März. Sämtliche Kosten für Schnelltests, auch für Personen ohne Symptome, würden durch den Bund übernommen und auch hinzu die das Ziel, dass in Einrichtungen, Unternehmungen, Schulen auch zu viel mehr Teste, zu mehr Teste kommt.",de
seg_00146,test,CH,2021-03-12,subnational level,implicit blame avoidance,daher bringen wir ihn in Vernehmlassung,de
seg_00147,train,CH,2021-03-12,,credit claiming,"auch jetzt noch die Impfkampagne, die sich entwickelt, und das bedeutet, dass wir hier warten schon jetzt, dass die Übersetzung von Anzahl Fälle in Anzahl Hospitalisierung eine andere sein wird, eine bessere sein wird, in der Vergangenheit.",de
seg_00148,train,CH,2021-03-12,,credit claiming,das bringt uns zu diesem Punkt wo wir wirklich ein sehr guter Zugang für zu dieser MRNA-Impfstoffe,de
seg_00149,train,CH,2021-03-12,,credit claiming,"aber dann ich meine die beste Unterstützung für Moderna, aber auch für Lonza und auch für uns, für unsere Bevölkerung war einfach ein Zugang zu dieser Impfstoff zu sichern und daher haben wir einfach sehr rasch dann mit Moderna alles diskutiert und auch reserviert und gekauft.",de
seg_00151,test,CH,2021-03-12,citizens,explicit blame shifting,"Wir sind jetzt wieder einmal wirklich konfrontiert mit einer Entwicklung, die nicht so gut ist.",de
seg_00152,train,CH,2021-03-12,subnational level,implicit blame avoidance,die Kantone haben da nichts dagegen gesagt,de
seg_00155,train,CH,2021-03-12,subnational level,explicit blame shifting,das ist jetzt abhängig von der Vernehmlassung,de
seg_00156,test,CH,2021-03-12,,credit claiming,"Und wir waren, ich glaube, mit dem Bundesrat immer sehr ehrlich in dieser Entwicklung, wir haben immer versucht zu sagen, alles was wir wissen, auch was wir nicht wissen und einfach keine Erwartungen zu schaffen, ohne mal wirklich gute Hinweise zu haben, dass es in diese Richtung geht",de
seg_00161,train,CH,2021-04-28,subnational level,implicit blame avoidance,"Und der Bundesrat will den Organisatoren deshalb möglichst früh eine gewisse Planungssicherheit, um den Kantonen eine Entscheidungshilfe geben.",de
seg_00164,train,CH,2021-04-28,subnational level,implicit blame avoidance,"Ich glaube wir waren immer sehr mit dem Bundesrat, mit der kantone sehr flexibel in dieser Krise",de
seg_00165,test,CH,2021-04-28,,credit claiming,"Ich glaube wir waren immer sehr mit dem Bundesrat, mit der kantone sehr flexibel in dieser Krise",de
seg_00166,train,CH,2021-04-28,citizens,implicit blame avoidance,"aber die Impfung, die geht auch gut vorwärts.",de
seg_00169,train,CH,2021-04-28,citizens,explicit blame shifting,"Es ist nicht nur eine Selbstdeklaration, es braucht wirklich ein Test, der auf den Covid Zertifikat kommen kann und es braucht einfach einige, nicht so kompliziert, einige Bedingungen zu erfüllen dazu.",de
seg_00185,train,CH,2021-05-12,,credit claiming,"wie Sie es wissen, wir haben genügend Impfstoff gekauft für 2021, und wir sind sehr gut positioniert, nur mit MRNA Impfstoffe, es gibt nicht so viele Länder auf der Welt, die einfach nur MRNA Stoffe haben, und es ist auch ein Teil der guten Entwicklung, glauben wir, dass wir jetzt im Moment haben.",de
seg_00186,train,CH,2021-05-12,,credit claiming,"das Departement des Innern, ist beauftragt worden durch den Bundesrat die nötigen Abklärungen zu treffen, um 3 Millionen Dosen dem Covacs Programm zur Verfügung zu stellen. Es ist noch kein definitiver Entscheid, es ist aber mal die Aussicht oder die Schau wie im Voraus schauen ob es möglich ist und wie es zu machen wäre, und das würde auch bedeuten, dass die Schweiz würde damit auch einen Beitrag zur weltweiten Eindämmung der Pandemie leisten können.",de
seg_00187,train,CH,2021-05-12,,credit claiming,"Das ist eine sehr erfreuliche Nachricht. Ich meine mit diesem Dreieck und diese Paradigmenwechsel vom Bundesrat im Februar, aber dieses Dreieck, Testung, Impfung und Lockerungen funktioniert bis jetzt mindestens, funktioniert es und wir können auch damit weiter arbeiten",de
seg_00188,test,CH,2021-05-12,citizens,implicit blame avoidance,"auch weil, und das ist der zentrale Punkt, der zentralste Punkt, auch weil die Leute in unserem Land wirklich vorsichtig sind und auch sehr gut mitmachen, sehr viele haben schon eine erste Impfung gehabt oder haben einen Termin für eine erste Impfung oder einen Termin für den zweiten Impfung.",de
seg_00189,test,CH,2021-05-12,citizens,explicit blame shifting,"Es ist nicht der Moment, wo man sich anstecken muss oder anstecken sollte, weil dann es verschiebt einfach das Ganze und macht das Ganze mehr kompliziert und ich glaube, das ist auch noch ein Punkt, wir sind wirklich in einem Moment, der sehr wichtig ist für die Impfung, und das ist auch noch ein Punkt, das ich noch hier erwähnen wollte.",de
seg_00191,train,CH,2021-05-12,,credit claiming,"Ja, wenn eine Pandemie uns etwas gelernt hat, es gibt nie eine absolute Zusicherung, es gibt einfach alles, was man machen kann, um die Sicherheit zu hoch zu bringen, dass das es gut geht und wir haben bis jetzt aber schon beweisen können, dass es ist auch machbar",de
seg_00192,train,CH,2021-05-12,citizens,explicit blame shifting,"ab dem Moment, wo alle Impfwilligen geimpft sind",de
seg_00193,train,CH,2021-05-12,citizens,implicit blame avoidance,"auch Masken Maske zu tragen in der ÖV vielleicht noch für einen Moment bleibt, weil wir haben auch dann ab Anfang der dritte Phase noch sehr viele Leute, die nicht geimpft sind. Und auch ein Teil, die sich nicht impfen lassen kann, lassen darf, nämlich die die Jugendlichen und die Kinder. Und da müssen wir auch vorsichtig gehen.",de
seg_00194,train,CH,2021-05-12,citizens,explicit blame shifting,"weil wir haben auch dann ab Anfang der dritte Phase noch sehr viele Leute, die nicht geimpft sind",de
seg_00195,test,CH,2021-05-12,,credit claiming,"Auch weil wir haben auch eher positive Signale für die Impfung, gegenüber die Mutationen bis jetzt. Und wir haben auch sehr gute Signale für die Booster oder diese frische neue Impfung auch mit Integration der Mutation, aber wir uns dafür auch vorbereitet und das sollte uns erlauben, wirklich eine Stabilität auch im Herbst und im Winter zu erziehen.",de
seg_00196,train,CH,2021-05-12,,credit claiming,"Zweiter Punkt, wir sind daran, alles zu tun, damit auch die Impfung zur Verfügung kommt für die Kinder oder für die Eltern, die für den Kindern es wollen. Und es gibt auch gute Signale dass es auch bald zur Verfügung kommen könnte.",de
seg_00197,train,CH,2021-05-12,citizens,explicit blame shifting,"Noch ein letzter Punkt, wenn es gibt eine grosse Impfbereitschaft, bei dem Erwachsenen, das heisst im Moment oder ab 16 sagen wir, wo die Impfung erlaubt ist, dann wenn die Impfrate sehr hoch geht, es wird einfach die Zirkulation des Virus nach unten dämpfen und es schützt auch die Kinder denn, weil es zirkuliert weniger.",de
seg_00198,train,CH,2021-05-12,citizens,explicit blame shifting,"dass mit der Entwicklung der Impfung, man wird immer mehr Leute haben, die geimpft sind und es ist auch klar, dass es rechtfertigt auch die Lockerung der Massnahmen",de
seg_00199,train,CH,2021-05-12,,credit claiming,"wir merken, dass es aus unterschiedlichen bekannten Gründen sehr stark auf MRNA Impfstoffe gekauft letztes Jahr und wir merken jetzt, dass es ist eine Strategie, die die uns wirklich hilft in der heutigen Situation.",de
seg_00200,train,CH,2021-05-12,,credit claiming,"wir haben wirklich die Technologie, die zuerst einmal die wirksamsten Impfungen gebracht hat zu dieser Situation, am schnellsten auf dem Markt waren und wir wissen auch, dass sind auch die schnellsten für die Integration von Mutationen. Das heisst, es ist glaube sehr klar, das sind die besten Impfungen, die uns die Stabilität bringen können vor allem in den Momenten, wo es wieder mal schwieriger werden könnte, das heisst mit einer Verbreitung von Mutationen im Herbst oder im nächsten Winter in unserem Land.",de
seg_00201,train,CH,2021-05-12,citizens,explicit blame shifting,"Und gerade deswegen ist es so wichtig, auf die Maskentragung zu insistieren in den Innenräumen. Und genau deswegen, man kann nicht einfach sagen im Innenräume in Restaurant ja diese Maske, egal, das ist nicht so lustig, brauchen wir das nicht.",de
seg_00202,train,CH,2021-05-12,subnational level,implicit blame avoidance,"Ich muss ihnen erinnern, dass ab jetzt ist die Impfung in fast sämtliche Kantone bald für die Personen ab 16 eröffnet. Das heisst, es wird sehr rasch für diejenigen, die es wollen eine einen Zugang zur Impfung zu haben für die nächsten Wochen.",de
seg_00203,train,CH,2021-05-12,citizens,explicit blame shifting,"Ja, wenn ein Grossteil nicht mehr rauffrischen machen würde, dann würde sich einfach die Pandemie wieder mal entwickeln, wie jedes Jahr",de
seg_00204,train,CH,2021-05-12,citizens,explicit blame shifting,"ab dem Moment wo die Impfung da ist, wo es ist angeboten die Möglichkeit sich zu verimpfen dann Eigenverantwortung. Die Person, die sich nicht verimpfen lassen will. Dann ma foi, Ich kann auch sich anstecken und vielleicht auch mal einmal krank werden wie alle waren mal auch mit der Grippe vielleicht einmal krank, dann ab dem Moment aber wo die Impfung da ist und stabil und wirklich zur Verfügung steht für diejenigen, die es wollen, einmal mehr, es ist, es lässt nicht mehr einfach Schliessungen oder grosse Einschränkungen zu rechtfertigen",de
seg_00205,train,CH,2021-05-12,citizens,implicit blame avoidance,"wir haben jetzt eine viel langsamere oder viel kleinere Zirkulation des Virus ab dem Moment, wo alle die Impfwilligen oder ziemlich guten Teil der Bevölkerung auch geimpft ist",de
seg_00220,test,CH,2021-06-11,,credit claiming,"Voila, zum Schluss ja, es sieht gut aus, es sieht gut aus, wir sind in der Situation, wo wir auch zuversichtlich die nächsten Wochen mal schauen können",de
seg_00221,train,CH,2021-06-11,,credit claiming,"ich glaube, man kann schon dazu sagen, die Ziellinie ist in Sichtweite.",de
seg_00222,train,CH,2021-06-11,,credit claiming,"Aber wir machen genau das und ja, ich meine, jeder Schritt, was wir jetzt gemacht haben, hat eine ziemlich grosse Lockerung gemacht, wieder mal das nächste Mal mit dieser Eröffnung der Vernehmlassung heute. Und ja, ich meine die Richtung stimmt.",de
seg_00223,test,CH,2021-06-11,,credit claiming,"Vor 10 Tage oder 12 Tage in etwa wir waren am Ende der Moment wo wir die vulnerablen Personen geimpft haben und es war der wirklich grosse Startbeginn, grosser Beginn für den Zugang zur Impfung für alle, das heisst, wenn man hinter uns schaut, wir sind… Ich meine vor 3-4 Wochen wir waren in eine völlig andere Situation und wir müssen das nicht vergessen und aber dann, ich glaube sehr bald werden wir auch diese Diskussion wieder führen können. Es gibt auch gilt auch die Aufhebung des Maskentragen Pflicht an dem Arbeitsplatze, ich glaube, das ist auch eine ziemlich grosse Erleichterung für die Leute die arbeiten",de
seg_00224,train,CH,2021-06-11,,credit claiming,"wir haben ich glaube dazu ein ziemlich grosser Schritt das letzte Mal gemacht und wir gehen davon aus, dass mit 30 im Innenraum und 50 draussen sind wirklich die überwiegende Mehrheit der Situation schon gedeckt",de
seg_00226,train,CH,2021-06-11,subnational level,implicit blame avoidance,"Zweiter Punkt, es braucht immer wieder eine Vernehmlassung und das Ziel ist auch mal eine gewisse Zeit zu lassen zur Vernehmlassung. Ich könnte mich auch allenfalls wirklich vorstellen, dass das Projekt jedoch ein bisschen anders sein am Ende der Vernehmlassung als am Anfang, ganz logisch, weil die Kantone und alle diejenigen, die damit machen werden, werden uns schon mal aufmerksam machen auf Punkte, die vielleicht nicht kongruent sind oder die man noch korrigieren kann.",de
seg_00227,train,CH,2021-06-11,,credit claiming,"Und haben wir jetzt wirklich diese Schritte, diese grosse Schritte jetzt immer grösser, immer wieder gemacht, mit einem gewissen Abstand, um mal zu sehen, was ist die ja Wirkung oder Auswirkung der Schritte, die vorher gekommen ist.",de
seg_00228,train,CH,2021-06-11,,credit claiming,"Ja, es ist ein Thema, in dem wir haben schon die Arbeiten lanciert für eine Übergabe an Covax. Wir sind seit dem Anfang an Covax mit beteiligt. Wir sind seit dem Anfang mit Singapur, übrigens auch als sehr starke Unterstützer für Covax dabei und auch wenn Covax einen ziemlich schweren Stand oder?",de
seg_00229,train,CH,2021-09-08,citizens,implicit blame avoidance,"Ja, wir sind gemeinsam seit 18 Monate in dieser nicht einfachen Situation. Und kann man schon hier sagen, wir haben zusammen sehr viel erlebt und wir haben auch grosse Fortschritte gemacht. Am Anfang, es war schwierig mit den Schliessungen, mit der Restriktionen und die ab und zu auch brutal waren damit der Maske fast überall, damit der Testung dann mit der Impfung, die gekommen ist seit einige Monate und jetzt mit der Möglichkeit ein Zertifikat zu nutzen und ich glaube wir konnten in dieser schwierigen Situation trotz allem viele Erfolge auch sehen und es hat letztendlich zugunsten unserer öffentlichen Gesundheit, unsere Gesellschaft und auch unsere Wirtschaft gelohnt.",de
seg_00230,test,CH,2021-09-08,,credit claiming,"Ja, wir sind gemeinsam seit 18 Monate in dieser nicht einfachen Situation. Und kann man schon hier sagen, wir haben zusammen sehr viel erlebt und wir haben auch grosse Fortschritte gemacht. Am Anfang, es war schwierig mit den Schliessungen, mit der Restriktionen und die ab und zu auch brutal waren damit der Maske fast überall, damit der Testung dann mit der Impfung, die gekommen ist seit einige Monate und jetzt mit der Möglichkeit ein Zertifikat zu nutzen und ich glaube wir konnten in dieser schwierigen Situation trotz allem viele Erfolge auch sehen und es hat letztendlich zugunsten unserer öffentlichen Gesundheit, unsere Gesellschaft und auch unsere Wirtschaft gelohnt.",de
seg_00251,train,CH,2021-09-08,citizens,explicit blame shifting,"das Zertifikat für genesene, Geimpfte und Getestete ist ein gutes Mittel, der uns wirklich in den nächsten Zeiten erlaubt, einigermassen eine gute Situation zu haben, Es reduziert das Übertragungsrisiko, weil dann nur noch Personen zusammentreffen, die nicht ansteckend sind oder ein geringes Risiko aufweisen ansteckend zu sein",de
seg_00252,train,CH,2021-09-08,citizens,explicit blame shifting,"es schützt auch Freiheiten, weil die Alternative, haben wir es schon mal erlebt, leider die Alternative ist die Schliessung, wenn es nicht gut geht und da sollen wir wirklich alles tun, um das zu verhindern, weil dann die negativen Wirkungen, die sind viel brutaler als was wir mal vielleicht sogar aushalten können.",de
seg_00253,train,CH,2021-09-08,,credit claiming,"Ich glaube, haben wir mit der Impfung eine sehr, ein gutes Mittel. Es ist kein Wundermittel, aber immer wieder gesagt, aber ein sehr gutes Mittel, um uns zu schützen, das ist eine gute Sache",de
seg_00254,train,CH,2021-09-08,citizens,explicit blame shifting,"Ich glaube, haben wir mit der Impfung eine sehr, ein gutes Mittel. Es ist kein Wundermittel, aber immer wieder gesagt, aber ein sehr gutes Mittel, um uns zu schützen, das ist eine gute Sache und es geht bei uns im Moment zu langsam. Wir müssen da wirklich noch schneller und besser arbeiten können, auch weil wir sind jetzt Mitte September und wir haben es in der Hand. Wir haben es in der Hand. Wir wissen ganz genau, dass, falls es weiter so geht wie wir heute, könnten wir mal Oktober, November Probleme vielleicht nicht mehr verhindern können",de
seg_00255,test,CH,2021-09-08,citizens,explicit blame shifting,"falls wir es aber jetzt noch schaffen ein Sprung oder ein guter Fortschritt mit der Impfung zu tun, dann aber haben wir viel besseren, viel besseren Perspektiven. Es braucht aber dafür, dass alle wirklich klar mitmachen. Wir haben es wirklich in der Hand, um es zu korrigieren, um es wirklich, um uns wirklich eine bessere Situation, zu organisieren, zu schaffen als Land wirklich gemeinsam in der nächsten Zeit und wenn ab jetzt, es wäre möglich so schnell und so gut zu verimpfen, wie es im Juni der Fall war.",de
seg_00256,train,CH,2021-09-08,citizens,explicit blame shifting,"Dann haben wir fast alle, die noch nicht geimpft sind, die würden damit geimpft, ein erstes Mal dann ein zweiter Peak und dann haben wir eine völlig andere Situation. Ich meine als Gesellschaft vor Weihnachten und vor die kälteren Monate des Jahres, wir haben es in der Hand.",de
seg_00264,train,CH,2021-09-08,citizens,explicit blame shifting,"da wir wissen, dass mehr als 90%, wenn wir 90% sagen, es ist noch sehr konservativ, es ist klar mehr als 90% der Leute, die auf die Intensivstation sind, das ist das Hauptproblem, das wir im Moment haben, sind sie nicht geimpft",de
seg_00265,train,CH,2021-09-08,citizens,explicit blame shifting,"Das heisst, mit der Weiterführung der der Impfung, es wird wirklich uns helfen eine viel bessere Situation zu haben und allenfalls vielleicht auch früher als gedacht, diese Massnahme jetzt Zertifikat aufzuheben.",de
seg_00273,test,CH,2021-09-08,,credit claiming,"weil ich meine die Impfung und die Genesung innerhalb von einigen Monaten, die schützt gut",de
seg_00274,test,CH,2021-09-08,,credit claiming,"Es ist klar der Vorteil, das sind die Massnahmen wirklich aufgehoben",de
seg_00275,train,CH,2021-09-08,citizens,explicit blame shifting,"Dann aber Ungeimpften werden sich vor allem unter Ungeimpften anstecken, mit einer gewissen kleinen Beteiligung von Geimpften oder Genesenen, wo es einfach vielleicht die Möglichkeit trotzdem gibt, dass man sich ansteckt, und das ist das Hauptproblem,",de
seg_00276,train,CH,2021-09-08,citizens,explicit blame shifting,"das ist jetzt wirklich eine Pandemie, die läuft vor allem unter Ungeimpften und die auch andere betrifft, weil es zirkuliert im Moment sehr stark.",de
seg_00277,train,CH,2021-09-08,subnational level,implicit blame avoidance,"ich würde einfach nichts sagen zu die Möglichkeit, die die Kantone haben, einfach Veranstaltungen zu bewilligen oder gerade nicht zu bewilligen,",de
seg_00278,train,CH,2021-09-08,,credit claiming,"Aber ich glaube der 3G System, das wir haben, ist auch ein System, der gut funktionieren kann.",de
seg_00279,train,CH,2021-09-08,citizens,explicit blame shifting,"Klar aber, dass je höher der Anteil der Getesteten ist, desto auch riskanter ist es, wenn plötzlich eine Person ansteckend wäre, in der Gruppe aber gerade generell mit 3G, wir müssen auch mit diesem Risiko auch leben können.",de
seg_00283,train,CH,2021-09-08,subnational level,explicit blame shifting,Vielleicht kann er dazu Herr Engelberger etwas sagen.,de
seg_00288,train,CH,2021-09-08,,credit claiming,"ich werde aber noch etwas sagen über die Benutzung des Zertifikats. Man hat den Eindruck, dass es überall kompliziert sei, überhaupt nicht, ist sehr einfach",de
seg_00289,train,CH,2021-09-08,,credit claiming,Wir haben in die Altersheime eine sehr hohe Durchimpfungsrate für Bewohnerinnen und Bewohner das wissen wir,de
seg_00290,train,CH,2021-09-08,subnational level,explicit blame shifting,"zweitens, ich meine, es ist wie bei anderen Einrichtungen oder Institutionen wirklich eine Pflicht der Kantone, das vorzusehen.",de
seg_00292,train,CH,2021-09-08,citizens,implicit blame avoidance,wo dieses Instrument schon mehr als 5 oder 6 Millionen Mal produziert worden ist.,de
seg_00293,test,CH,2021-09-08,,credit claiming,"die Entwicklung des Zertifikats ist wirklich eine Erfolgsgeschichte. Ich meine, wir waren in der Lage, das sehr rasch mit der notwendigen Stabilität, Qualität zu bringen.",de
seg_00302,train,CH,2021-11-03,citizens,explicit blame shifting,"es lohnt sich, weil jede Impfung zählt je mehr Menschen geimpft sind desto mehr können wir die Intensivstationen in der Infektionswellen entlasten und nur diese eindrückliche Zahl mit 150 Impfungen kann eine Hospitalisierung auf der Intensivstation vermieden werden.",de
seg_00303,train,CH,2021-11-03,,credit claiming,"diese Impfwoche ist ein sehr gutes Angebot an alle, sich mit der Impfung auseinanderzusetzen",de
seg_00306,train,CH,2021-11-03,subnational level,implicit blame avoidance,"wir sind daher mit der Kantone da sehr stark, wie sagt man das, engagiert, um das noch wirklich noch zu tun im November",de
seg_00307,test,CH,2021-11-03,citizens,explicit blame shifting,"es ist jetzt wirklich mit dieser Impfoffensive ein Art Last Call für diejenigen, die bereit sind, die sich damit auch befassen und die bereit sind sich impfen zu lassen",de
seg_00308,train,CH,2021-11-03,citizens,explicit blame shifting,"Aber für Leute, die nicht genesen sind und keine Antikörper haben, ja das nicht beweisen können mit Serologie, dann die Impfung, die bleibt eine sehr gute Lösung und es gibt noch sehr viele Leute die in dieser Situation sind",de
seg_00309,train,CH,2021-11-03,,credit claiming,Wie waren immer sehr verhältnismässig in dieser Krise. Ich kann das doch nur einmal betonen.,de
seg_00310,train,CH,2021-11-03,subnational level,implicit blame avoidance,"Es bleibt so und jetzt wirklich mit dieser Impfoffensive, mit der Kantone, mit allen Beteiligten, wir versuchen noch wirklich einen Schritt vorwärts zu machen. Das gesagt, die Kantone, der Bund, wir haben gerade gemeinsam die Lösung gebracht",de
seg_00311,train,CH,2021-11-03,citizens,explicit blame shifting,"aber die Situation liegt auf dem Tisch, die ist da. Es braucht nur einfach mehr Leute die davon profitieren und Gebrauch machen",de
seg_00312,train,CH,2021-11-03,citizens,explicit blame shifting,Jede zusätzliche Impfung hilft uns ausser der Krise.,de
seg_00313,train,CH,2021-11-03,citizens,explicit blame shifting,"jede zusätzliche Impfung hilft uns und bitte hilft uns in diese Richtung zu arbeiten, gemeinsam aus der Krise gilt für alle, wir werden das gemeinsam tun oder es nicht tun",de
seg_00314,train,CH,2021-11-03,,credit claiming,"das Engagement des Bundes ist da, der Kantone ist da, und ich glaube, das ist ein sehr gutes Signal.",de
seg_00315,test,CH,2021-11-03,subnational level,implicit blame avoidance,der Kantone ist da,de
seg_00326,train,CH,2021-11-30,subnational level,implicit blame avoidance,"Es ist eine vorsorgliche Konsultation, also sagen kann werden wir mal sehen wie die Aktionen sind und wir versuchen da mit bestehenden Basismassnahmen, die einfach zu verstärken mit Massnahmen, die wir schon kennen.",de
seg_00327,train,CH,2021-11-30,,credit claiming,"das Ziel des Bundesrats war immer in der Situation mit der Realität, mit der Realität der Pandemie zu arbeiten, zu schauen, was passiert, was komm",de
seg_00328,train,CH,2021-11-30,,credit claiming,"Wir haben immer den Weg gesucht, dass uns angezeigt scheint um die Menschen zu schützen, Leid zu verhindern und auch gleichzeitig das gesellschaftliche und wirtschaftliche Leben möglichst wenig einzuschränken.",de
seg_00332,train,CH,2021-11-30,subnational level,implicit blame avoidance,Die Kantone könnten das.,de
seg_00333,train,CH,2021-11-30,,credit claiming,bei uns ist wirklich die Impfung ein freiwilliger Akt. Es ist auch so gewollt und fixiert.,de
seg_00334,train,CH,2021-11-30,citizens,explicit blame shifting,". Daher für diejenigen, die sich nicht impfen lassen wollen, die werden so oder so in Kontakt mit diesem Virus kommen, auch noch vielleicht schneller als wir denken, weil die Variante ist immer ansteckender,",de
seg_00335,train,CH,2021-11-30,citizens,explicit blame shifting,"schon heute haben wir 230 covid Patienten auf die IPS Stationen, haben wir heute, ist ein spezieller Fall aber trotzdem 150 Hospitalisierungen nur heute, Mittelwert wir sind bald bei 100 pro Tagen, dann ist schon weniger im Moment, es ist ziemlich stark gestiegen, wir können viel absorbieren, ist das System ganz viel absorbieren, aber auch nicht unendlich",de
seg_00340,train,CH,2021-11-30,subnational level,implicit blame avoidance,"Das ist noch unklar. Ich meine, es gibt eine Vernehmlassung, die jetzt startet bis morgen.",de
seg_00341,train,CH,2021-11-30,,credit claiming,"Und dieses Testen an der Schule, es scheint uns seit langem eine sehr gute Sache, um eine gute Begleitung zu haben von der Pandemie.",de
seg_00342,train,CH,2021-11-30,subnational level,implicit blame avoidance,"Die Kantone haben klar gewünscht, dass der Bundesrat mehr macht und wir bringen auch diese Idee im Paket mit, aber wenn wir sehen nach der Vernehmlassung, was noch von dieser Idee bleibt.",de
seg_00346,train,CH,2021-11-30,citizens,explicit blame shifting,"es ist eher so ein Appell, eine gewisse Vorsicht, wenn man sich zu 15 oder 20 trifft, das wäre gut, mal eine gewisse Sicherheit haben, dass niemand hier hochansteckend sein kann, das wäre so etwas",de
seg_00347,train,CH,2021-11-30,,credit claiming,"hier die Massnahmen, die wir in die Konsultation schicken sind Massnahmen die scheinen uns wirklich zumutbar.",de
seg_00348,test,CH,2021-11-30,subnational level,implicit blame avoidance,"hier die Massnahmen, die wir in die Konsultation schicken sind Massnahmen die scheinen uns wirklich zumutbar.",de
seg_00349,train,CH,2021-11-30,,credit claiming,"Es scheint uns wirklich noch ziemlich begrenzt und absolut zumutbar und wir haben damit auch keine Diskussion über 2G oder Schliessungen gemacht und wir hoffen schwer, dass es nicht notwendig sein wird.",de
seg_00352,train,CH,2021-11-30,,credit claiming,"wir denken, dass es muss möglich sein, mit dieser Entwicklung der Massnahmen, die heute in die Konsultation gehen, und die sind nicht so schwierig, oder? Wir kennen das und es ist einfach auch eine viel bessere Situation, als wir noch letztes Jahr hatten",de
seg_00353,train,CH,2021-11-30,subnational level,implicit blame avoidance,"mit dieser Entwicklung der Massnahmen, die heute in die Konsultation gehen",de
seg_00370,train,CH,2021-12-10,subnational level,implicit blame avoidance,dass derBundesrat eröffnet heute vorsorglich eine Konsultation über weitergehende Massnahmen.,de
seg_00371,train,CH,2021-12-10,,credit claiming,"wir versuchen alles zu tun, um einfach so fein wie möglich in der Massnahme zu sein und womöglich wirklich Schliessungen zu verhindern.",de
seg_00372,train,CH,2021-12-10,citizens,explicit blame shifting,"Die Trends sind deutlich in die falsche Richtung im Moment, das sieht man mit der Ansteckung, das ist nicht so wichtig, aber vor allem bei Hospitalisierungen und auch diesen Druck über die Intensivstationen",de
seg_00373,test,CH,2021-12-10,,credit claiming,"Es ist kein einfacher Weg, ehrlich gesagt, weil wir versuchen immer wieder, uns an diese Realität anzupassen, mit dieser Suche, eine Ausgewogenheit, ein Optimum zwischen öffentlicher Gesundheit, soziale Leben, wirtschaftliche Leben und auch in einem Land, der traditionellerweise sehr offen ist. Wir sind einfach und wir leben auch so, und Ziel ist es, dass es auch so bleibt.",de
seg_00374,train,CH,2021-12-10,citizens,explicit blame shifting,"Die Massnahmen allein werden nicht sehr viel bringen können, es braucht wirklich alle, wir müssen da wirklich vorsichtig sein in den nächsten Zeiten und auch für diejenigen, die das noch nicht gemacht haben, es gibt nach wie vor die Möglichkeit, sich impfen zu lassen, das ist wirklich eine grosse Unterstützung, eine grosse Hilfe, nicht nur für sich selbst, für die Angehörige, aber auch, um uns zu helfen, diese Situation zu bewältigen.",de
seg_00383,train,CH,2021-12-10,,credit claiming,"Vor einem Jahr wir haben dann alles schliessen müssen für Monate oder? Restaurant vor Weihnachten dann sogar die Läden nach Weihnachten, das war eine völlig andere Situation. Heute Ziel ist es genau umgekehrt alles offen zu haben, aber mit einer gewissen Stabilität, weil wir brauchen diese Stabilität, um wirklich diese Öffnungen wieder einfach auf die lange Zeit zu haben. Was hätten wir früher machen können? Ich meine, haben wir auch eine gute Zusammenarbeit zwischen Bund und Kantone, wir versuchen sehr präzise zu arbeiten mit den Massnahmen.",de
seg_00384,train,CH,2021-12-10,subnational level,implicit blame avoidance,"haben wir auch eine gute Zusammenarbeit zwischen Bund und Kantone,",de
seg_00385,test,CH,2021-12-10,subnational level,implicit blame avoidance,"Genau deswegen kommen wir heute mit einer Vernehmlassung, es ist noch keinen Entscheid über diese Massnahmen, die ja in Kraft kommen könnten aber eine Diskussion mit den Kantonen,",de
seg_00386,train,CH,2021-12-10,subnational level,implicit blame avoidance,"es ist einfach der Vorschlag, mit dieser Vernehmlassung, es sind noch keine Entscheide",de
seg_00387,train,CH,2021-12-10,citizens,explicit blame shifting,"die Frage ist einfach so, wenn wir sehen, dass die Massnahmen, die wir bis jetzt genommen haben, nicht ausreichen und wenn wir zu einer Überlastung der Spitäler kommt, das heisst, man hat einfach keinen guten Zugang mehr, irgendwie, wenn man COVID Patient ist oder für irgendwelche andere Grund, dann die Frage ist, was sollten wir, was könnten wir noch tun?",de
seg_00389,train,CH,2021-12-10,subnational level,implicit blame avoidance,"Nein, es wäre Maske und Sitzpflicht überall auch dort wo 2G gilt, das wäre die Vernehmlassung.",de
seg_00390,train,CH,2021-12-10,citizens,explicit blame shifting,"weil wir viel zu viele Personen haben, die sich anstecken können und auch im Spital landen können",de
seg_00391,test,CH,2021-12-10,citizens,explicit blame shifting,"aber das ist wirklich eine Geschichte dieser Epidemie, das haben wir bei jeder Welle gesehen, es beginnt bei der jüngeren und dann es steigt der Generationen. Das ist genau das Problem, dass wir haben, die Leute, die sich die sind, nicht nur in Clubs 24 Stunden und 7 Tage der Woche, dann sie treffen andere Leute, zu Hause, vielleicht bei Weihnachtsfeier oder so und das Risiko müssen wir einfach jetzt in dieser Situation die ziemlich Besorgnisse erregend ist, einfach versuchen die Zirkulation ein bisschen zu bremsen",de
seg_00392,test,CH,2021-12-10,subnational level,implicit blame avoidance,"aber noch einmal, es ist vorsorglich eine Vernehmlassung",de
seg_00393,train,CH,2021-12-10,,credit claiming,"was wir versuchen zu tun, ist jetzt einfach eine Überlastung des Spitalsystem und vor allem der Intensivstation zu verhindern",de
seg_00394,train,CH,2021-12-10,subnational level,explicit blame shifting,"wir haben das auch thematisiert in der Schweiz, wir haben auch mit der Kantone, und ich erinnere noch einmal, die Kantone sind zuständig dafür oder die Versorgung, das ist wirklich eine Sache der Kantone. Die sind ständig in Kontakt dafür, und die Kantone haben auch versucht, überall wo es möglich war, noch Personal zu rekrutieren",de
seg_00395,train,CH,2021-12-10,subnational level,implicit blame avoidance,"Es ist schwierig zu sagen, diese Vernehmlassung ist wirklich da, damit wir bereit sind, um zu handeln, wenn es notwendig sein sollte.",de
seg_00396,test,CH,2021-12-10,citizens,explicit blame shifting,"wir wissen aber auch von Contact Racing, dass die Privattreffen wirklich ein besonderes Risiko darstellen können",de
seg_00397,test,CH,2021-12-10,subnational level,implicit blame avoidance,"Haben wir auch bemerkt, dass gewisse Kantone das schon eingeführt haben, gewisse Kantone das schon eingeführt haben.",de
seg_00398,train,CH,2021-12-10,subnational level,implicit blame avoidance,"Und deswegen, es scheint uns auch angebracht, diese Diskussion in der Vernehmlassung mit den Kantonen zu führen. Es bedeutet noch nicht, dass es kommt in Kraft, werden wir sehen, aber die Diskussion dazu scheint uns möglich und auch keine schlechte Idee in der heutigen Situation.",de
seg_00399,train,CH,2021-12-10,,credit claiming,"Ich glaube, vor einem Monat, die Situation war eine ganz andere. Ich meine, alle haben das schon gemerkt. Das war eine völlig andere Situation, oder? Es ist einfach leider so in solche Situationen wo die Ungewissheit, Unsicherheit, so hoch, immer wieder werden kann, müssen wir uns anpassen. Ich meine, ich hätte auch nie gedacht, dass wir diesen Schritt in der Vernehmlassung jetzt schicken müssen, aber ich hätte auch nie gedacht, dass wir so hoch oder mit einem so hohen Druck uns finden, jetzt Mitte Dezember, und wir werden jetzt in der 2-4 nächsten Wochen sehr viele Kontakte aussehen auf privatebene und so und vorsorglich eine Konsultation zuschicken in dieser Situation scheint uns einfach diese richtige Situation zwischen vorsichtig zu sein, aber einfach nicht risikoavers zu sein, das ist einfach immer wieder ein Weg, das wir suchen.",de
seg_00400,train,CH,2021-12-10,subnational level,implicit blame avoidance,dass wir diesen Schritt in der Vernehmlassung jetzt schicken müssen,de
seg_00405,train,CH,2021-12-10,subnational level,implicit blame avoidance,"wir sind, glaube ich, sehr froh mit dem Bundesrat, dass die Kantone auch Massnahmen treffen, etwas tun. Ich meine, sehr viele Kantone etwas gemacht, nicht alle gleich, und das ist aber ganz normal.",de
seg_00406,train,CH,2021-12-10,subnational level,implicit blame avoidance,"Das erlaubt auch einfach Massnahmen zu nehmen, die angepasst sind in eine Situation, und die Kantone sind nicht alle vergleichbar mit dieser Situation, und ich werde das nicht weiter kommentieren",de
seg_00407,train,CH,2021-12-10,subnational level,implicit blame avoidance,"ich habe wirklich volles Vertrauen, wenn die Kantone Massnahmen treffen.",de
seg_00408,train,CH,2021-12-10,subnational level,implicit blame avoidance,"aber ich glaube, die Kantone, die die, die sagen uns ziemlich regelmässig, wie schwierig die Situation ist.",de
seg_00409,train,CH,2021-12-10,subnational level,implicit blame avoidance,"in der letzten Vernehmlassung ich habe auch gemerkt, dass es gibt immer Beispiele ein Kanton sagt, der Bund muss unbedingt etwas tun, dann wir machen einen Vorschlag und dann das gleich Kantone sagt viel zu früh, ich meine das kann immer wieder passieren,",de
seg_00410,train,CH,2021-12-10,subnational level,explicit blame shifting,und dann das gleich Kantone sagt viel zu früh,de
seg_00411,train,CH,2021-12-10,subnational level,implicit blame avoidance,"ich hoffe, dass wir das in der sehr guten Zusammenarbeit mit der Kantone tun können und diese Vernehmlassung wird uns ja helfen zu verstehen, wie die Kantone das sehen.",de
seg_00412,test,CH,2021-12-10,citizens,explicit blame shifting,"Es geht um den Booster oder es geht um die dritte Impfung vor allem, und wir sind wirklich Lanterne Rouge, auch in dieser Hinsicht in Europa bald oder vielleicht nicht ganz Europa. Aber wenn man sich vergleicht mit anderen umliegenden Ländern. Und das ist keine gute Sache für die Situation in unserem Land.",de
seg_00413,test,CH,2021-12-10,subnational level,implicit blame avoidance,"wenn die Kantone kommen und sie verlangen einen subsidiärer Ansatz und sie können das erklären, wenn diese Bedingungen erfüllt sind, das können wir tun",de
seg_00414,train,CH,2021-12-10,subnational level,implicit blame avoidance,"wir müssen auch flexibel bleiben, um einfach immer reagieren zu können mit was wir sehen und was wir brauchen, wenn die Kantone auch dieser Einsatz mal verlangen",de
seg_00415,train,CH,2021-12-10,,credit claiming,"Bei der Einreisequarantäne, wir haben sehr rasch Quarantäne vorgesehen, als wir erfahren haben von Omikron, diese neue Variante mit sehr viele Sorgen, dass es uns gemacht hat",de
seg_00416,train,CH,2021-12-10,,credit claiming,"Das Ziel ist sicher nicht, dass das Leben der Leute zu erschweren, Ziel ist es einfach unsere Situation zu schützen, wo es geht, um zu versuchen die Kontrolle über der Situation nicht zu verlieren und wir glauben, dass wenn wir geimpfte, genesene oder ungeimpfte Personen die kommen und die einfach einen Test verweisen können, ich glaube, dass ist die Entwicklung, die wir jetzt sehen, es schützt auch genug die Situation bei uns",de
seg_00417,train,CH,2021-12-10,subnational level,implicit blame avoidance,"die Führung der Spitäler und auch Versorgungssystem ist, wirklich eine Sache der Kantone.",de
seg_00420,test,CH,2021-12-10,,credit claiming,"aber wir brauchen heute überhaupt nicht alles zu blockieren auf dem heutigen Stand, sonst hätten wir das schon vor 10 Tage gemacht, was nicht notwendig war.",de
seg_00421,train,DE,2021-01-29,,credit claiming,Wir verzeichnen gerade einen positiven Trend.,de
seg_00422,train,DE,2021-01-29,subnational level,implicit blame avoidance,"Bis Mitte Februar wollen die Länder und der Bund, das ist ja ein gemeinsamer Beschluss aus der Ministerpräsidentenkonferenz, allen Pflegeheimbewohnerinnen und Pflegeheimbewohnern ein Impfangebot gemacht haben",de
seg_00423,train,DE,2021-01-29,,credit claiming,"Und das zeigt eben, wir sind bei diesem Ziel Mitte Februar auf dem richtigen Weg, auf einem guten Weg",de
seg_00424,train,DE,2021-01-29,subnational level,implicit blame avoidance,"Die Länder leisten unter diesen schwierigen Bedingungen eine gute Arbeit. Es gibt unterschiedliche Strategien und unterschiedliche Begebenheiten, aber alle Länder machen bei den Impfungen der Verwundbarsten große Fortschritte.",de
seg_00425,test,DE,2021-01-29,subnational level,implicit blame avoidance,"Es ist wichtig, dass Bund und Länder an einem Strang ziehen",de
seg_00426,train,DE,2021-01-29,subnational level,implicit blame avoidance,"Und deswegen finde ich es gut, dass wir auf einem Impfgipfel auf einem, in einer Gesprächsrunde von Bund, Ländern dann eben auch gemeinsam mit Vertretern der Pharmaindustrie, der Hersteller und der Europäischen Union die Lage erörtern.",de
seg_00427,train,DE,2021-01-29,subnational level,implicit blame avoidance,"Es gibt auch gute Nachrichten. Der Produktionsstandort in Marburg hat gestern eine Genehmigung bekommen, es hat sich ausgezahlt, dass die Bundesregierung, dass das Land Hessen das Regierungspräsidium vor Ort dafür seit Mitte vergangenen Jahres gemeinsam mit dem Unternehmen stark gearbeitet haben.",de
seg_00428,test,DE,2021-01-29,,credit claiming,"Es gibt auch gute Nachrichten. Der Produktionsstandort in Marburg hat gestern eine Genehmigung bekommen, es hat sich ausgezahlt, dass die Bundesregierung, dass das Land Hessen das Regierungspräsidium vor Ort dafür seit Mitte vergangenen Jahres gemeinsam mit dem Unternehmen stark gearbeitet haben.",de
seg_00429,train,DE,2021-01-29,experts,implicit blame avoidance,"der Weg heraus aus dieser Jahrhundertpandemie ist begonnen und dass es nur 12 Monate nach dem Ausbruch der Pandemie 3 wirkungsvolle Impfstoffe bereits gibt und weitere vor der Zulassung stehen, ist eine Erfolgsgeschichte, eine einmalige Erfolgsgeschichte in der Medizin, das sollte uns unter alldem Stress auch Zuversicht geben.",de
seg_00430,train,DE,2021-01-29,experts,implicit blame avoidance,"Nach vorherigem intensivem Austausch auch über Leitlinien und Empfehlungen mit den Fachgesellschaften, dem Robert Koch Institut, dem Paul Ehrlich Institut, insbesondere auch als zuständige Zulassungsbehörde.",de
seg_00431,train,DE,2021-01-29,experts,explicit blame shifting,"Und es ist ja nicht so, dass die Unikliniken sie ausschließlich zur Verfügung haben, sie werden verteilt über die Unikliniken auch in andere Kliniken und in andere Bereiche hinein.",de
seg_00432,train,DE,2021-01-29,experts,implicit blame avoidance,"Ich fang einfach mal an. Und wenn Sie einverstanden sind, würde Herr Professor Cichuteck noch ergänzen.",de
seg_00433,test,DE,2021-01-29,experts,implicit blame avoidance,"Wenn diese Entscheidung heute getroffen ist, wird die ständige Impfkommission anschließend eine Empfehlung aussprechen.",de
seg_00434,train,DE,2021-01-29,experts,implicit blame avoidance,"zeitnah, werden wir die Impfverordnung auf der Basis gegebenenfalls anpassen und dann eben möglicherweise was Beschränkungen angeht oder nicht daraus Schlussfolgerungen ziehen",de
seg_00435,train,DE,2021-01-29,experts,implicit blame avoidance,"Aber ich kann ja nicht die Impfverordnung anpassen, bevor die EMA überhaupt zugelassen hat. Also ich finde es schon sehr wichtig, dass wir einfach auch fachlich, sachlich und prozessual die Reihenfolge einhalten, weil alles andere eben auch",de
seg_00436,train,DE,2021-01-29,experts,explicit blame shifting,"Ich will mal sagen, zu der fachlichen Frage sagt Herr Professor Wieler was, weil wir ja eine solche Verordnung in engster Abstimmung mit dem Robert Koch Institut erarbeiten, uns auf die fachliche Expertise dort verlassen. Das denke ich mir ja nicht in meinem Büro aus, sondern das wird ja nach der Stellungnahme aus der Wissenschaft und den Beteiligten erarbeitet und deswegen, Herr Professor Wieler, bitte.",de
seg_00437,train,DE,2021-01-29,experts,explicit blame shifting,Am Ende ist es doch eine ärztliche Entscheidung.,de
seg_00438,train,DE,2021-01-29,experts,explicit blame shifting,"Also ich frag mich halt nur den Vorwurf an wen? Das ist am Ende eine ärztliche Entscheidung im Einzelfall. Und sonst nichts. Das ist auch richtig so, wer soll es sonst entscheiden, wenn nicht die behandelnden Ärzte wie in einer Akutsituation die Behandlung erfolgen?",de
seg_00439,train,DE,2021-01-29,,credit claiming,"Ich kann nur sagen, dass wir ja die rechtliche und die finanzielle Grundlage schon vor Monaten geschaffen haben für deutlich mehr Tests in den Pflegeeinrichtungen, ambulant wie stationär.",de
seg_00440,train,DE,2021-01-29,,credit claiming,"Wir jedenfalls haben rechtlich und finanziell seit Oktober die Grundlage geschaffen und jetzt gibt es ja eben auch darüber hinaus noch zusätzlich das ausgebildete Personal im Angebot und ich kann nur alle Pflegeeinrichtungen dazu ermuntern, es auch zu nutzen.",de
seg_00441,test,DE,2021-02-19,,credit claiming,"Einerseits sehen wir zuletzt, wenn wir die letzten 2-3 Wochen nehmen, sinkende Fallzahlen und eine stetig steigende Zahl an Impfungen",de
seg_00442,train,DE,2021-02-19,subnational level,implicit blame avoidance,"Umso mehr ist es richtig, dass Bund und Länder in einem besonders betroffenen Regionen Maßnahmen ergreifen und ergriffen haben",de
seg_00443,train,DE,2021-02-19,subnational level,implicit blame avoidance,"Dazu gehört es, die Einreise zu reglementieren und Grenzkontrollen einzuführen",de
seg_00444,train,DE,2021-02-19,subnational level,implicit blame avoidance,"Gerade die gute Zusammenarbeit von Kommunen und Landkreisen mit Bund und Ländern hat sich in dieser Pandemie bewährt und ich darf auch stellvertretend sagen, Klaus Holetschek ist gerade auch Vorsitzender der Gesundheitsministerinnen und Minister der Bundesländer. In diesem Jahr, ich darf stellvertretend eben auch danken für die gute Zusammenarbeit zwischen Bund und Ländern in dieser Pandemie, seit nunmehr auch über 12 Monaten. Ich hab öfter mal diesen Satz gebraucht: was wichtig ist in dieser Pandemie, und das tun wir alle in sehr herausfordernden Situationen in Bund und Ländern in den letzten Monaten, und das ist mit ein Anteil, auch wenn es manchmal was zu diskutieren gibt, aber wir führen ja auch die Diskussion stellvertretend sozusagen oder abbildend, die es in der Gesellschaft gibt, natürlich auch zwischen Bund und Ländern, dass wir am Ende dann, wenn wir gemeinsam agieren, auch stärker sind. Bund und Länder agieren gemeinsam auch beim Thema Impfungen, und deswegen gehören zu dieser komplexen Lage, in der wir sind, auch die guten Nachrichten.",de
seg_00445,test,DE,2021-02-19,subnational level,implicit blame avoidance,Bund und Länder agieren gemeinsam auch beim Thema Impfungen,de
seg_00446,train,DE,2021-02-19,,credit claiming,"und deswegen gehören zu dieser komplexen Lage, in der wir sind, auch die guten Nachrichten. Die Impfkampagne wird immer schneller, es gibt immer mehr Impfungen und auch mehr verfügbare Impfdosen",de
seg_00447,train,DE,2021-02-19,,credit claiming,"Und das gerade einmal ein Jahr nach Beginn der Pandemie. Inzwischen sind in Deutschland fast 5 Millionen Impfdosen verabreicht worden, davon über 3 Millionen Erstimpfungen und auch ein sehr hoher Anteil an Zweitimpfung. Und übrigens bei den internationalen Vergleichen ist zu sehen, dass mit über 2% Zweitimpfung, also 2% der Bevölkerung, die den vollen Schutz hat, mit der Zweitimpfung wir durchaus weit vorne liegen",de
seg_00448,test,DE,2021-02-19,subnational level,implicit blame avoidance,"Auch die von der Europäischen Union über die Verträge bereitgestellten Impfdosen, die Zahl der Lieferungen steigt stetig, bis Ende nächster Woche werden 10 Millionen Dosen ausgeliefert sein, an Deutschland, an die Bundesländer.",de
seg_00449,train,DE,2021-02-19,,credit claiming,"Wenn wir jetzt knapp 5 Millionen verimpfte Dosen haben bis Ende nächster Woche insgesamt 10 Millionen gelieferte, zeigt sich, dass dort deutlich mehr Geschwindigkeit reinkommt",de
seg_00450,test,DE,2021-02-19,subnational level,implicit blame avoidance,"Deswegen müssen wir auch klar vorbereitet sein darauf, dass der Impfstoff, wenn er da ist auch möglichst schnell verimpft wird, und daran arbeiten wir mit den Ländern intensiv",de
seg_00451,train,DE,2021-02-19,subnational level,implicit blame avoidance,"Wir werden das in den nächsten wenigen Wochen verdoppeln müssen, mindestens im ersten Schritt in den Ländern",de
seg_00452,train,DE,2021-02-19,subnational level,implicit blame avoidance,"Ich bitte, ich will das einfach mal ausdrücklich sagen, damit sich nicht wieder ein Datum festsetzt und anschließend fragen alle, warum ist das jetzt nicht passiert, wir haben gesagt, wir werden einen Zeitpunkt mit den Ländern und den Ärzten finden.",de
seg_00453,train,DE,2021-02-19,experts,implicit blame avoidance,"Ich bitte, ich will das einfach mal ausdrücklich sagen, damit sich nicht wieder ein Datum festsetzt und anschließend fragen alle, warum ist das jetzt nicht passiert, wir haben gesagt, wir werden einen Zeitpunkt mit den Ländern und den Ärzten finden.",de
seg_00454,train,DE,2021-02-19,,credit claiming,"Schnelltests sind jetzt ausreichend zur Verfügung, wir haben begonnen, mit den Pflegeeinrichtungen, mit dem Gesundheitswesen, Schule, Kitas, und jetzt ist eben aufgrund der höheren Verfügbarkeit der nächste Schritt möglich, deswegen eben unser Vorschlag, ab März kostenlos für die Bürgerinnen und Bürger einen Schnelltest möglich zu machen.",de
seg_00455,test,DE,2021-02-19,citizens,implicit blame avoidance,"Und ja, das will ich auch jetzt schon sagen, wie immer, wenn etwas als kostenloses Angebot für alle startet, wird es am Anfang wahrscheinlich auch Schlangen geben. Auch lokal mal Engpässe geben können.",de
seg_00456,train,DE,2021-02-19,citizens,implicit blame avoidance,"Ich will uns alle gemeinsam schon darauf vorbereiten, das ist erstmal ein gutes Zeichen, denn es zeigt ja, dass das Angebot angenommen wird,",de
seg_00457,train,DE,2021-02-19,citizens,implicit blame avoidance,"aber immer dann, wenn wir etwas beginnen, ob es die Verteilung von Schutzmasken ist, ob es das Bereitstellen der Grippeschutzimpfung ist, ob es eben jetzt die Frage der Tests ist, ist es am Anfang, wenn die Nachfrage besonders hoch ist, an 1-2 Tagen zu Beginn, dann eben auch knapp",de
seg_00458,train,DE,2021-02-19,subnational level,implicit blame avoidance,"Das eine ist, die Versorgung, sicherzustellen, dass, was wir gerade zwischen Bund und Ländern bei den Gesundheitsministern natürlich im Fokus haben, wie kriegen wir denn Impfstoff für Deutschland, für die Bürger und vor allem, wie wird er dann verimpft, das ist klassisch Aufgabe der Gesundheitspolitik und der Ministerien für Gesundheit",de
seg_00459,test,DE,2021-02-19,,credit claiming,"Das kostet dann Geld, reservierungsgebühren, solche Konzepte einfach zu erarbeiten mit der Industrie, das unter anderem soll dort geschehen und ich finde es gut, dass wir das jetzt eben miteinander bündeln.",de
seg_00460,train,DE,2021-02-19,,credit claiming,"wir haben zwischen Finanzminister, Wirtschaftsminister, Frau Bundeskanzlerin und ich verschiedentlich in den letzten(?), überhaupt Mitte Februar, 6 Wochen über diese Frage der Impfstoffproduktion geredet und ich habe immer wieder das Thema aufgebracht, andere auch, dass uns eben die Produzenten ansprechen und sagen, sie würden gerne in Deutschland investieren.",de
seg_00461,train,DE,2021-02-19,subnational level,implicit blame avoidance,"Dann auch definiert werden und deswegen find ich es gut, dass es zwischen Bund und Ländern ja auch die Vereinbarung gibt in einer Arbeitsgruppe diesen Stufenplan, wie es genannt wird, oder diese Abstufung, dieser Abfolge zu diskutieren, die natürlich einfach auch abhängt von der Entwicklung.",de
seg_00462,test,DE,2021-02-19,experts,explicit blame shifting,"Herr Professor Wieler hat es ja gerade gesagt, es ist im Moment schwierig, mit dem Anteil der Mutationen, der wächst und der Vermutung der evidenzbasierten Vermutung, dass diese Brite jetzt war ich schon selbst britische war die die Variante, die zuerst in Großbritannien entdeckt worden ist.",de
seg_00463,train,DE,2021-02-19,citizens,implicit blame avoidance,"Dass die tatsächlich ansteckungsfähiger ist, was das bedeutet fürs Infektionsgeschehen, und das ist ja im Moment für uns schwierig politisch, aber auch für uns als Gesellschaft und für jeden Einzelnen in dem Erwartungsmanagement.",de
seg_00464,train,DE,2021-02-19,subnational level,implicit blame avoidance,"Das ist ja auch in der Diskussion anschließend deutlich geworden, auch auf regionaler Ebene, und das ist ja die Situation, die wir seit 12 Monaten auch in unserer Strategie sozusagen beschreiben.",de
seg_00465,test,DE,2021-02-19,citizens,implicit blame avoidance,Aber natürlich wird sich in der Debatte jetzt das auch immer weiter ausdifferenzieren und aus meiner Sicht für die Akzeptanz auch ausdifferenzieren müssen.,de
seg_00466,train,DE,2021-02-19,subnational level,implicit blame avoidance,"Aber auch da muss man es dann regional klug machen, wenn der eine Landkreis im Lockdown ist und der andere bei einer geringen Inzidenz und alle fahren dann drüben einkaufen, das ist nicht Sinn der Sache und deswegen müssen wir eben miteinander auch dann regional die Dinge klug abgestimmt machen.",de
seg_00467,train,DE,2021-02-19,citizens,explicit blame shifting,"Aber auch da muss man es dann regional klug machen, wenn der eine Landkreis im Lockdown ist und der andere bei einer geringen Inzidenz und alle fahren dann drüben einkaufen, das ist nicht Sinn der Sache und deswegen müssen wir eben miteinander auch dann regional die Dinge klug abgestimmt machen.",de
seg_00468,train,DE,2021-02-19,experts,implicit blame avoidance,"es gibt es ja auch Empfehlungen des Robert Koch Instituts und mittlerweile auch entwickelt, ja auch eine Leitlinie zur Frage, wie in Schulen das richtige Konzept ist, um wieder auch zu beginnen, was Wechselunterricht angeht, was Abstand, Räume, Fragen und anderes angeht, und das ist dann eben wichtig, dass das so in solchen Konzepten, die dann auch bis hin ergänzt um Testkonzepte, die auch alle Bundesländer entwickelt haben und weiterentwickeln",de
seg_00469,train,DE,2021-02-19,subnational level,implicit blame avoidance,"das ist dann eben wichtig, dass das so in solchen Konzepten, die dann auch bis hin ergänzt um Testkonzepte, die auch alle Bundesländer entwickelt haben und weiterentwickeln. Dass das dann geschieht und dass wir zeitnah… ich meine, Sie müssen sehen, dass der Beginn von Schule und Kita löst in jedem Bundesland Bewegung in, also in meinem Bundesland Nordrhein-Westfalen in Millionengröße aus. Kleineren Bundesländern relativ jedenfalls immer groß. Es sind viele, viele Millionen Kinder jeden Tag dann auf dem Weg zur Schule, zur Kita. Lehrer, Erzieher, Eltern, die sie bringen, abholen. Das löst Mobilität aus, Schule und Kita in sehr großem Umfang und deswegen ist es eben wichtig, dann auch miteinander zu schauen, wo stehen wir da nach einer Woche oder 10 Tagen? Was macht das mit dem Infektionsgeschehen?",de
seg_00470,train,DE,2021-02-19,subnational level,explicit blame shifting,"Unter den richtigen Bedingungen ist das eine Entscheidung. Ich meine am Ende verantworten es die die es entscheiden. Ist das eine Entscheidung, die man dann treffen kann, wenn das Infektionsgeschehen entsprechend ist.",de
seg_00471,train,DE,2021-02-19,citizens,explicit blame shifting,damals waren 50% der Infektionen aus dem Ausland reingetragen durch Reiserückkehrende,de
seg_00472,train,DE,2021-02-19,,credit claiming,"Wir haben dann Schnelltests, Antigen Schnelltests vor allem möglich gemacht in der Finanzierung, zugelassen waren übrigens viele schon vorher, brauchen ja eine europäische Zulassung, CE zertifiziert, aber wir haben sie in die Testverordnung übernommen, als wir auch sicher waren, dass sie gut genug sind, dass vor allem die, die gut genug sind, auch ausreichend verfügbar sind für das Gesundheitswesen, Pflegeeinrichtungen, Krankenhäuser. Nächster Schritt waren Schulen, Kitas, aber immer parallel zur Verfügbarkeit.",de
seg_00473,train,DE,2021-02-19,subnational level,implicit blame avoidance,"Also ich weiß noch, wie im Dezember mich Ministerpräsidenten angerufen haben und gesagt haben, wir kriegen für unsere Pflegeeinrichtungen nicht genug Tests. Können Sie uns helfen? und wir haben zweimal helfen können am Ende, indem wir eben unterstützt haben bei der Beschaffung, aber es war im Dezember echt schwierig, ausreichend Tests überhaupt für die ersten Schritte zu haben.",de
seg_00474,train,DE,2021-02-19,,credit claiming,"Also ich weiß noch, wie im Dezember mich Ministerpräsidenten angerufen haben und gesagt haben, wir kriegen für unsere Pflegeeinrichtungen nicht genug Tests. Können Sie uns helfen? und wir haben zweimal helfen können am Ende, indem wir eben unterstützt haben bei der Beschaffung, aber es war im Dezember echt schwierig, ausreichend Tests überhaupt für die ersten Schritte zu haben. So die Situation hat sich jetzt bis Mitte Februar so verbessert, auch bei den Produktionskapazitäten und der Verfügbarkeit, dass mittlerweile deutlich mehr Tests angeboten werden als nachgefragt werden bei den Schnelltests, und das gibt uns eben die Möglichkeit, den nächsten Schritt zu gehen.",de
seg_00475,train,DE,2021-02-19,,credit claiming,Sind wir nicht schlecht durch diese schwierige Phase gekommen,de
seg_00476,train,DE,2021-02-19,subnational level,explicit blame shifting,"Aber vielleicht kann Herr Holetschek einfach aus der bayerischen Erfahrung, was die Pflegeeinrichtungen, die Bewohnerinnen und Bewohner angeht.",de
seg_00477,train,DE,2021-02-19,subnational level,implicit blame avoidance,"Die allermeisten Bundesländer berichten uns, dass sie zumindest bei der Angebot der Erstimpfung tatsächlich auch haben alle Pflegeeinrichtungen erreichen können.",de
seg_00478,train,DE,2021-02-19,citizens,explicit blame shifting,"Sie müssen eines immer sehen, es nehmen ja nicht 100% sozusagen das Angebot aus unterschiedlichen Gründen, es mag medizinische Gründe geben, es mag andere Gründe geben, das Angebot an und wenn ich da die Zahl schaue, Zahl der Pflegeheimbewohner zur Zahl der Impfungen sind wir sehr gut an diesem Ziel dran.",de
seg_00479,train,DE,2021-02-19,,credit claiming,"wenn ich da die Zahl schaue, Zahl der Pflegeheimbewohner zur Zahl der Impfungen sind wir sehr gut an diesem Ziel dran.",de
seg_00480,train,DE,2021-02-19,experts,explicit blame shifting,"Das Paul Ehrlich Institut hat ja auch noch mal gestern sehr klar gemacht in einer Stellungnahme, dass alle 3 Impfstoffe, auch der AstraZeneca Impfstoff eben auch, ja, das halten, was Sie halten sollen, nämlich dass sie wirksam schützen vor der Covid-19 Erkrankung und dass niemand, der in den Studien, der die erste und Zweitimpfung mit AstraZeneca hatte, anschließend behandlungsbedürftig in einem Krankenhaus in der Klinik aufgenommen werden musste, im Vergleich auch zu denen, die nicht geimpft worden sind",de
seg_00481,train,DE,2021-02-19,citizens,explicit blame shifting,"Also es bietet Schutz, und deswegen ist es aus meiner Sicht sehr wichtig, dass, wenn eine Impfung angeboten wird, sie auch wahrgenommen wird, man schützt sich und man schützt andere.",de
seg_00482,test,DE,2021-02-19,citizens,implicit blame avoidance,"Ich meine bekommen jeden Tag viele Nachfrage, viele Briefe, viele Situationen, wo Menschen beschreiben, warum sie jetzt eigentlich auch gerne geimpft werden sollten. Und da müssten auch wegen Vorerkrankungen, wegen ihrer beruflichen Situation das Impfangebot zu bekommen ist ein Privileg.",de
seg_00483,train,DE,2021-02-19,subnational level,implicit blame avoidance,"Der Impfstoff ist empfohlen. AstraZeneca für die 18 bis 64 jährigen, deswegen gehen alle Länder können jetzt übergehen in diesen Tagen denke ich wird das bei allen Ländern der Fall sein von prio Gruppe 1, 18 bis 64 jährige, auch in die Priorisierungsgruppe 2, das sind weiterhin Beschäftigte im Gesundheitswesen. E",de
seg_00484,train,DE,2021-02-19,citizens,implicit blame avoidance,"Mein Eindruck ist, dass es hinreichend viele in Deutschland gibt, die dieses Angebot auch gerne sich zu schützen wahrnehmen werden",de
seg_00485,train,DE,2021-02-19,experts,implicit blame avoidance,"tzte Frage war ja die Frage, ob man wechseln soll zwischen erst und Zweitimpfung den Impfstoff. Das empfiehlt die Ständige Impfkommission ausdrücklich nicht, vor allem, weil es dazu keine Studiendaten bisher gibt. Deswegen werden wir erste und Zweitimpfung eben mit demselben Impfstoff mit dem gleichen Impfstoff auch weiterempfehlen und unbedingt vorsehen.",de
seg_00486,train,DE,2021-02-19,subnational level,implicit blame avoidance,"wissen Sie, es gibt jetzt so eine Zeitverzögerung am Anfang, weil die Länder natürlich erstmal die Infrastruktur aufbauen mussten, um jetzt auch AstraZeneca und anderes in die Verimpfung zu bringen",de
seg_00487,train,DE,2021-02-19,subnational level,implicit blame avoidance,"Wenn ich nur hinzufügen darf, den ersten Teil der Frage, es wird ja regional gesteuert, natürlich, wenn in einer Region alle Ärztinnen und Ärzte geimpft sind oder alle Pflegekräfte, dann wird regional natürlich die nächste Priorisierungsgruppe angegangen, nämlich Polizistinnen, Polizisten oder andere Bereiche des Gesundheitswesens, das können wir ja nicht zentral bundeseinheitlich machen, weil dafür ist die Demografie, die Situation, die Lage zu unterschiedlich, sondern die Länder machen das auch so. Lage angepasst regional. Wenn man in einer Region allen der Priorisierungsgruppe 1 das Angebot gemacht hat, dann kommt natürlich sozusagen fließender Übergang, auch die nächste Gruppe dran. Da wartet man jetzt nicht bis in jeder Region in Deutschland sozusagen die Situation erreichen, das passiert ja faktisch auch jeden Tag.",de
seg_00488,train,DE,2021-02-19,subnational level,implicit blame avoidance,"Also zu der Frage, dass es nicht auch vor allem in den ersten Tagen lokal und situationsbedingt auch zu Engpässen kommen kann, weil wenn alle gleichzeitig an einem bestimmten Ort möglicherweise das in Anspruch nehmen wollen, kann ich das nicht ausschließen. Das will ich gleich fürs Erwartungsmanagement vorneweg sagen.",de
seg_00489,test,DE,2021-02-19,citizens,implicit blame avoidance,"so zu der Frage, dass es nicht auch vor allem in den ersten Tagen lokal und situationsbedingt auch zu Engpässen kommen kann, weil wenn alle gleichzeitig an einem bestimmten Ort möglicherweise das in Anspruch nehmen wollen, kann ich das nicht ausschließen.",de
seg_00490,train,DE,2021-02-19,citizens,explicit blame shifting,"ch weiß auch nicht, das ist ja eine Frage der Bereitschaft, ist ja keine Verpflichtung, sich testen zu lassen, es ist ein Angebot. Die Erfahrungen, die wir sehen in anderen Bereichen ist auch in anderen oder bei den Lehrerinnen und Lehrern haben die oder Bayern hat ja im Übrigen fällt mir gerade ein auch die Erfahrung durchaus mit einem Testangebot für alle ja schon in den letzten Wochen schon gemacht. Vielleicht doch 2 Sätze noch zu sagen, wie das angenommen wird, weil 100% nehmens Erfahrungsgemäß nicht an. Es nehmen eine große Zahl an. Es nehmen einige auch sehr regelmäßig an, aber Sie müssen ja sehen, die Testprozedur an sich ist ja keine Angenehme bei den Schnelltests, so dass das eben unterschiedliche Bereitschaft geben wird also, wenn jeder jeden Tag das Macht. Dann wird es ohne Zweifel Engpässe geben, das kann ich sicher sagen, aber das ist, denke ich, nicht das, was zu erwarten ist.",de
seg_00491,test,DE,2021-02-19,subnational level,implicit blame avoidance,"Die Erfahrungen, die wir sehen in anderen Bereichen ist auch in anderen oder bei den Lehrerinnen und Lehrern haben die oder Bayern hat ja im Übrigen fällt mir gerade ein auch die Erfahrung durchaus mit einem Testangebot für alle ja schon in den letzten Wochen schon gemacht",de
seg_00492,train,DE,2021-02-19,subnational level,implicit blame avoidance,"aber die Länder sie müssen sehen die Teststrategien für Kitas und Schulen werden ja von den Ländern gemacht und umgesetzt und dort sind ja viele Länder tatsächlich jetzt schon dabei, sofort nach Zulassung solche Selbsttests dann auch in ihre Kita und Schulteststrategien einzubauen.",de
seg_00493,train,DE,2021-02-19,subnational level,implicit blame avoidance,"aber die Länder sie müssen sehen die Teststrategien für Kitas und Schulen werden ja von den Ländern gemacht und umgesetzt und dort sind ja viele Länder tatsächlich jetzt schon dabei, sofort nach Zulassung solche Selbsttests dann auch in ihre Kita und Schulteststrategien einzubauen.",de
seg_00494,test,DE,2021-02-19,subnational level,implicit blame avoidance,"Also wenn wir das jetzt mit den Kolleginnen und Kollegen in den Ländern besprechen, jetzt sehr zeitnah und dort, was sich ja abzeichnet, ein relativ großer Konsens ist, dann werden wir die Verordnung zügig ändern können, und dann müssen die Länder, da sind wir wieder bei der Frage von gerade, also der Abfolge.",de
seg_00495,train,DE,2021-02-19,subnational level,explicit blame shifting,"dann müssen die Länder nach ihrem Impffortschritt im Land entscheiden wann sie eben in den nächsten Wochen jeweils damit beginnen und beginnen können, weil die vorherige prioritäre Gruppe schon geimpft ist oder ein Impfangebot bekommen hat.",de
seg_00496,train,DE,2021-02-19,citizens,explicit blame shifting,"Also grundsätzlich ist vorgesehen, dass, wer sein Angebot nicht, also man kann ja entscheiden, ob man sich impfen lassen will oder nicht, aber wer jetzt zu diesem Zeitpunkt nicht will, mit dem angebotenen Impfstoff, der ist dann halt jetzt zu diesem Zeitpunkt auch kann nicht geimpft werden. Zu diesem Zeitpunkt, das heißt nicht zu einem späteren Zeitpunkt, wenn man natürlich in einer nach einer Woche sagt, man ist jetzt doch bereit, diesen Impfstoff zu nehmen, dann denke ich, wird das problemlos möglich sein, sich dann wieder auch anzumelden und einen Termin geben zu lassen",de
seg_00497,train,DE,2021-02-19,experts,implicit blame avoidance,"Und wir haben damals schon immer darauf hingewiesen, auch Herr Professor Wieler und ich, dass man immer den Gesamtkontext sehen muss und nicht nur eine Zahl.",de
seg_00498,train,DE,2021-02-19,,credit claiming,"Und wir haben damals schon immer darauf hingewiesen, auch Herr Professor Wieler und ich, dass man immer den Gesamtkontext sehen muss und nicht nur eine Zahl.",de
seg_00499,train,DE,2021-02-19,subnational level,implicit blame avoidance,Also wir haben ja in den ersten Bundesländern bereits seit dieser Woche beginnend Kita und Schule unter bestimmten Hygienebedingungen.,de
seg_00500,train,DE,2021-02-26,,credit claiming,2 Monate nach Beginn der Impfkampagne können wir erste Erfolge verzeichnen.,de
seg_00501,test,DE,2021-02-26,citizens,implicit blame avoidance,"Fast alle Bewohnerinnen und Bewohner von Alten und Pflegeheimen haben inzwischen ein erstes Impfangebot bekommen, viele sind auch schon zweitgeimpft und die allermeisten, und das ist das besonders ermutigende, haben dieses Angebot auch angenommen. Mehr als 40% der eingesetzten Impfdosen bisher wurden über 80 jährigen verabreicht, in einigen Bundesländern sind schon die Mehrheit der über 80 jährigen geimpft. Das zeigt Wirkung. Das Risiko, an Corona zu erkranken, hat sich für unsere höchstbetagten Bürgerinnen und Bürger deutlich reduziert.",de
seg_00502,train,DE,2021-02-26,,credit claiming,"Auch sonst gewinnt die Impfkampagne Anfahrt. Wir haben stand heute, also bis gestern Abend, 5,7 Millionen Impfungen in Deutschland, 4.5 Prozent der Bevölkerung sind geimpft mit einer Erstimpfung. Über 2% mit einer Zweitimpfung bereits, 160‘000 Impfungen am Tag in den letzten 2 Tagen, das waren die 2 Höchststände die wir bisher hatten. Bis Ende kommender Woche werden wir voraussichtlich insgesamt bis an die und über 11‘000‘000 Impfdosen an die Länder ausgeliefert haben.",de
seg_00503,train,DE,2021-02-26,subnational level,implicit blame avoidance,"Wir sehen absehbar, dass einige der Länder auch an Kapazitätsgrenzen kommen, es ist auch jetzt auf notwendig ist, zusätzliche Kapazitäten aufzubauen. Noch liegt zu viel Impfstoff im Kühlschrank, auch das muss Anfahrt weiter gewinnen. Einige Länder haben uns, haben mich daher gebeten, dass wir in der Impfverordnung ausdrücklich regeln, dass sie auch Arztpraxen beauftragen können. Das werden wir zeitnah ausdrücklich regeln und auch Vergütungen für die Ärzte vorsehen, das ist der erste Schritt, jetzt richtig auseinanderzuhalten. Der erste Schritt ist, die Länder können, wie es einige ja auch schon begonnen haben, in ihren Konzepten Arztpraxen beauftragen. Etwa bei Personen mit Vorerkrankungen Impfungen vorzunehmen. Das sind dann ausgewählte Praxen, onkologische Praxen zum Beispiel in einigen Bundesländern für Krebspatienten, der nächste Schritt, und auch der wird absehbar notwendig werden angesichts der steigenden Mengen ist es dann beides möglich, die Arztpraxen insgesamt regelhaft in die Impfkampagne mit einzubeziehen, wir sehen mit den steigenden Mengen, die wir erwarten dürfen, wenn wir jetzt auch die ersten, hoffentlich bald ersten Lieferdaten aller Hersteller haben auch für den April, können wir dann gut und besser abschätzen, wann der richtige Moment ist. Zusätzlich zu den impf Zentren der Länder dann auch die Arztpraxen mit einzubeziehen. Wir sind dafür konzeptionell natürlich schon im Gespräch in der Vorbereitung, das braucht ja dann auch eine Verordnung. Ergänzung als Grundlage dazu im Gespräch mit den Ländern, mit den Ärzten, mit den Apotheken und den Großhändlern",de
seg_00504,train,DE,2021-02-26,experts,implicit blame avoidance,"ls Bürgertest sowie in Tübingen Frau Doktor Federlein und das Team in Tübingen, das hier machen und wo ja gezeigt wird, gelebt wird, was Organisationskraft, Pragmatismus, Kreativität vor Ort eben dann für einen Unterschied auch machen können mit diesem Instrument der Schnelltest.",de
seg_00505,train,DE,2021-02-26,citizens,implicit blame avoidance,"Wichtig für beide Tests ist der Hinweis, sie geben Sicherheit, zusätzliche Sicherheit, aber keine hundertprozentige Sicherheit. Ein negativer Test bedeutet nicht, dass man dann nicht mehr vorsichtig sein muss und ein positiver Test ist nichts anderes als die Aufforderung, das Ergebnis noch einmal ärztlich zu überprüfen.",de
seg_00506,train,DE,2021-02-26,,credit claiming,"Wir haben dafür ein Verfahren aufgesetzt. Alles, was auch mich, was die, weil ich natürlich durch den Bundestag und durch die Kolleginnen und Kollegen auch viel dann direkt erhalten. Habe immer weitergeleitet an die Kolleginnen und Kollegen. Wir haben einen Beschaffungsstab eingerichtet, federführend durch unser Ministerium in der Bundesregierung und an unseren Betriebsführern, und es gab dann relativ bald ein sehr eingespieltes Verfahren wieder mit umzugehen ist.",de
seg_00507,train,DE,2021-02-26,experts,explicit blame shifting,Zu dem Teil kann sich Herr Professor Wieler was sagen.,de
seg_00508,train,DE,2021-02-26,subnational level,explicit blame shifting,"auch wenn ich die Zahlen heute morgen nehme, mein Eindruck, dass das vor allem auch was zu tun hat, sozusagen mit der Organisation, mit der Terminvergabe, bis das alles auch stärker angelaufen ist in vielen Bundesländern",de
seg_00509,train,DE,2021-02-26,citizens,explicit blame shifting,"es mag den einen oder anderen geben, der das Angebot nicht annimmt, wo wir unbedingt dazu raten. Dieser Impfstoff ist sicher und wirksam, er schützt, man schützt sich und andere.",de
seg_00510,train,DE,2021-02-26,citizens,explicit blame shifting,"also es gibt ausreichend Bürgerinnen und Bürger, da bin ich sehr sicher, die das Angebot auch in der Prio Gruppe 2 annehmen werden",de
seg_00511,train,DE,2021-02-26,subnational level,implicit blame avoidance,"Es muss jetzt nur, und das scheint mir im Moment eher das Thema zu sein, ankommen, das Angebot, und da sind wir auch im engen Austausch mit den Ländern,",de
seg_00512,train,DE,2021-02-26,experts,implicit blame avoidance,"die Zweitimpfung Astrazeneka ist empfohlen von der Ständigen Impfkommission zwischen 9 und 12 Wochen zu machen, es gibt Daten, ich glaube auch aus Schottland, aber auch aus anderen Bereichen, wo wir sehen, wo auch die STIKO ich gebeten habe, sich das noch mal anzuschauen, dass 12 Wochen zu einer höheren Wirksamkeit führt als 9.",de
seg_00513,test,DE,2021-02-26,subnational level,implicit blame avoidance,"Nicht wenige Länder bitten darum, und das werden wir auch möglich machen, dass wir ihnen ermöglichen, mit den Krankenkassen zu kooperieren.",de
seg_00514,train,DE,2021-02-26,subnational level,implicit blame avoidance,"Und natürlich ist der Weg dann in die Arztpraxen einer, wie gesagt, es gibt Bundesländer, die arbeiten schon zum Beispiel mit onkologischen Praxen zusammen, um in den Praxen Krebspatienten dann auch zu impfen, so dass es dort verschiedene Ansätze gibt.",de
seg_00515,train,DE,2021-02-26,,credit claiming,"Wir haben, ich hab ja auch am Mittwoch im Deutschen Bundestag noch mal deutlich gemacht, dass aus meiner, aus unserer Sicht diese Pandemie in ihrer ganzen Komplexität sich nicht auf eine Zahl reduzieren lässt. Ich erinnere noch sehr gut, wie wir vor einem Jahr etwa alle ja nicht einem Jahr, 10 Monaten über den R wert sehr intensiv diskutiert haben, und es macht zum Beispiel den Unterschied, ob sie 35 von unten erreichen oder von oben",de
seg_00516,train,DE,2021-02-26,experts,implicit blame avoidance,"das ist ja genau das was die Lageberichte des RKIs jeden Tag tun, sehr umfassend das Bild schildern im Gesundheitswesen über das Infektionsgeschehen und anderes mehr, aber die Inzidenzen sind immer ein guter Indikator hinzuschauen, also wann ist ein Moment, wo man sozusagen auch spätestens hingeschaut haben sollte.",de
seg_00517,train,DE,2021-02-26,experts,implicit blame avoidance,"Also es sind wichtige Indikatoren, wichtige Bezugspunkte, auch durchaus für die Frage von Maßnahmen, aber eben genauso wichtig ist es, das hat das Robert Koch Institut gesagt, das haben wir immer gesagt, das ganze Bild zu sehen und einzuordnen.",de
seg_00518,test,DE,2021-02-26,,credit claiming,"Wie gesagt, wir wähnten uns auf einem wirklich guten Weg. Wir waren ja auch auf einem wirklich guten Weg. Über 3-4 Wochen, die gesehen haben, wie die Inzidenz sinkt, das Infektionsgeschehen sinkt, die Belastung fürs Gesundheitswesen geringer wird, weniger aktive Fälle auf den Intensivstationen, wir Entspannung gesehen haben, die Positivrate bei den Tests runtergeht, also alle Indikatoren waren sehr sehr, sehr ermutigend dafür, dass das jetzt wahrscheinlich hätte so weitergehen können.",de
seg_00519,train,DE,2021-02-26,subnational level,implicit blame avoidance,"aber wenn wir mal auf das aktuelle Infektionsgeschehen sehen, sehe ich, dass die 35 in sehr naher Nähe, bundesweit und für viele Bundesländer erreichbar sind.",de
seg_00520,train,DE,2021-02-26,subnational level,implicit blame avoidance,"Wenn ich das nur ergänzen darf, wenn ich jetzt nicht der Eindruck entsteht, dass der Bund jetzt flächendeckend schafft und organisiert, sondern im Gegenteil, ich finde gerade das Beispiel Tübingen vorneweg, aber wir haben ja mittlerweile Böblingen, Schmalkalden, viele andere wo sich zeigt, dass wenn wir den Rahmen setzen. Die Übernahme der Kosten, den rechtlichen Rahmen für die Nutzung der Tests, übrigens ja auch den Rahmen dann gesetzt haben, dass Lehrerinnen und Lehrer sich selbst sozusagen nach Schulungen testen können und anderes mehr, dass da wahnsinnig viel entsteht vor Ort. Wir müssen die Möglichkeiten geben, wir müssen die Finanzierung sicherstellen, an Tests zu kommen, ist auch nicht, ich habe heute schon wieder gelesen, wir müssen einen Test bestellen, weil also ein Schnelltest zu kommen ist im Moment ?",de
seg_00521,test,DE,2021-02-26,subnational level,implicit blame avoidance,"der Bund müsse jetzt im ganzen Land alles organisieren die Beschaffung das testen die sonst wie was, das wird nicht gut gehen können sondern wir Leben doch gerade als föderaler, subsidiärer Staat genau von der Kreativität wir müssen sie freihalten von möglichst erstens finanziellen Themen dabei",de
seg_00522,test,DE,2021-02-26,subnational level,explicit blame shifting,"da hab ich schon auch noch Vertrauen in die Marktwirtschaft, wird da sehr viel Angebot entstehen. Das muss nicht immer alles zentral passieren, wir müssen einen Rahmen setzen, zentral, das ist wichtig.",de
seg_00523,train,DE,2021-02-26,,credit claiming,Im Übrigen haben wir ja auch mit dem Masernvirus Leben gelernt und mit vielen anderen uns ganz gut.,de
seg_00524,train,DE,2021-03-12,,credit claiming,"Wir konnten, Bürgerinnen und Bürger, Bewohnerinnen und Bewohner in den Pflegeheimen impfen. Viele der über 80 Jährigen konnten bereits geimpft werden oder haben zeitnah einen Impftermin, in einigen Ländern bereits die ersten über 70 jährigen. Die Zahl der Infektionen, der Krankenhausbehandlung und der zu beklagenden Todesfälle gerade bei den Höchstbetagten und Älteren gehen deutlich zurück.",de
seg_00525,train,DE,2021-03-12,subnational level,implicit blame avoidance,"Pflegeheime können auch Zug um Zug, ihre strikten Isolations- und Besuchsregeln lockern wie es Nordrhein-Westfalen beispielsweise gerade macht.",de
seg_00526,train,DE,2021-03-12,,credit claiming,"Und im Übrigen, auch das finde ich, sollten wir gelegentlich wahrnehmen, wenn wir schauen über die letzten 5-6 Monate im europäischen Vergleich gibt es wenige Länder unserer Größe und geographischen Lage, die während der ganzen zweiten Welle im unteren Drittel beim Infektionsgeschehen und bei der Dynamik gewesen sind, bei allem, was besser geht und bei allem, was wir auch betrachten müssen, wo wir Infektionsgeschehen noch besser in den Griff bekommen müssen. Wir haben im europäischen Vergleich bis hierhin auch in der zweiten Welle viele, viele Bürger vor Erkrankung und schwersten Verläufen schützen können.",de
seg_00527,train,DE,2021-03-12,subnational level,implicit blame avoidance,"Auch deshalb und weil wir nicht länger im absoluten Lockdown erstarren können, haben sich Bund und Länder zu vorsichtigen Öffnungsschritten entschieden.",de
seg_00528,train,DE,2021-03-12,subnational level,implicit blame avoidance,"Zum Testen, diese Woche haben bereits viele Länder und viele Landkreise und Städte in Deutschland mit den Schnelltests für alle mit den Bürgertests begonnen, gemessen auch an der kritischen öffentlichen Debatte ist das ein Erfolg",de
seg_00529,test,DE,2021-03-12,,credit claiming,der Bund zahlt den Test mindestens einmal pro Woche,de
seg_00530,train,DE,2021-03-12,subnational level,implicit blame avoidance,"die Länder und Kommunen die Testzentren vor Ort besorgen, die Schnelltests und bauen Schritt für Schritt die Infrastruktur auf. Das funktioniert noch unterschiedlich gut, aber es funktioniert und das funktioniert an ganz vielen Stellen im Land auch schon sehr gut.",de
seg_00531,train,DE,2021-03-12,subnational level,implicit blame avoidance,"Und in zumindest sehr vielen Teilen des Landes klappt es schon mit dem umfassenden Schnelltest Angebot, mit dem Bürgertest und in den Landkreisen und Städten, wo es noch im Aufbau ist, ist es insbesondere auch für nächste Woche schon angekündigt und von letzten Mittwoch bis heute, finde ich, ist das schon ein enormer Erfolg",de
seg_00532,train,DE,2021-03-12,,credit claiming,"Und in zumindest sehr vielen Teilen des Landes klappt es schon mit dem umfassenden Schnelltest Angebot, mit dem Bürgertest und in den Landkreisen und Städten, wo es noch im Aufbau ist, ist es insbesondere auch für nächste Woche schon angekündigt und von letzten Mittwoch bis heute, finde ich, ist das schon ein enormer Erfolg",de
seg_00533,train,DE,2021-03-12,citizens,explicit blame shifting,"Es ist weiterhin wichtig, auch die anderen Regeln Abstand, Hygiene, medizinische Schutzmasken einzuhalten",de
seg_00534,train,DE,2021-03-12,,credit claiming,"Ich habe hier letzte Woche Freitag angeboten mitzuhelfen dafür zu sorgen, dass die Länder tatsächlich für Kitas und Schulen auch Tests bestellen können. Die ersten sind am Mittwoch vorgestern ausgeliefert worden aus dieser Ankündigung aus den Verträgen, die wir als Rahmenverträge geschlossen haben, als Bund, und es werden weitere folgen können.",de
seg_00535,train,DE,2021-03-12,subnational level,implicit blame avoidance,"Wir haben ein weiteres Angebot an die Länder geschickt, bis zu 62 Millionen Selbsttests sind März und April, jetzt kurzfristig auch mit ersten Lieferungen abgesichert, sodass die Brücke, bis die Ausschreibung der Länder selbst, die ja für Kitas und Schulen in Ausschreibungen sind, dass wir diese Brücke bauen können, das eben sehr zügig, wie gesagt vor 2 Tagen die erste Auslieferung, dann eben auch Tests verfügbar sind.",de
seg_00536,test,DE,2021-03-12,citizens,implicit blame avoidance,"Zum Impfen, über 7% der Deutschen sind einmal mindestens geimpft, sind über oder um die 6 Millionen. Wir haben übrigens erstmalig jetzt Tageshöchstwerte bei den täglichen Impfungen erreicht. In den letzten 2 Tagen jeweils über zweihundertsiebzigtausend Impfungen pro Tag jeweils zweihunderttausend Erstimpfungen pro Tag etwa. Wir sehen also, es gewinnt deutlich an Dynamik",de
seg_00537,train,DE,2021-03-12,,credit claiming,"Zum Impfen, über 7% der Deutschen sind einmal mindestens geimpft, sind über oder um die 6 Millionen. Wir haben übrigens erstmalig jetzt Tageshöchstwerte bei den täglichen Impfungen erreicht. In den letzten 2 Tagen jeweils über zweihundertsiebzigtausend Impfungen pro Tag jeweils zweihunderttausend Erstimpfungen pro Tag etwa. Wir sehen also, es gewinnt deutlich an Dynamik",de
seg_00538,train,DE,2021-03-12,subnational level,implicit blame avoidance,"Die Gesundheitsministerinnen und Minister von Bund und Länder haben dafür einen Beschluss erarbeitet, so früh wie möglich, spätestens aber Mitte April sollen auch niedergelassene Ärzte routinemäßig in die Corona Impfkampagne einbezogen werden immer mit dem wichtigen Hinweis, wenn die Lieferungen wie zugesagt erfolgen. Warum nicht früher, fragen viele. Weil die Länder und die Kommunen vor Ort auch die Impfzentren weiter laufen lassen wollen und weil es noch nicht genug Impfstoff gibt, um alle Impfzentren und parallel alle Arztpraxen zu versorgen.",de
seg_00539,test,DE,2021-03-12,,credit claiming,"Gerade die Zahlen bei den über 80 Jährigen zeigen, wie wichtig es war und ist zu priorisieren. Hätten wir nicht zuerst die Pflegeheimbewohnerinnen und Bewohner und die besonders gefährdeten, nämlich die Hochbetagten, geimpft, hätten wir weniger Menschen geschützt vor schwersten und tödlichen Verläufen in den letzten Wochen.",de
seg_00540,train,DE,2021-03-12,subnational level,implicit blame avoidance,"deswegen finde ich es sehr wichtig, dass wir auch gemeinsam das Saarland dabei unterstützen, das zu vermeiden.",de
seg_00541,train,DE,2021-03-12,citizens,explicit blame shifting,"Es machen die Menschen ja im Zweifel zu Hause in ihrer Privatwohnung diesen Selbsttest in Selbstverantwortung, und darüber haben wir natürlich keinen abschließenden Überblick wer sich wie Selbsttest leistet an der Stelle. Was dann passiert und unsere ausdrückliche Empfehlung ist, bei den Schnelltests wird es regelhaft passieren in den Testzentren und den Arztpraxen und bei den Selbsttests ist die ausdrückliche Empfehlung sich zu wenden bei einem positiven Testergebnis an den Arzt an 11 611 7 um eine PCR Bestätigungstestung zu veranlassen",de
seg_00542,train,DE,2021-03-12,experts,implicit blame avoidance,"Deswegen ist die Gesamteinordnung wichtig und deswegen ist ja das wichtig, was der Professor Wieler gesagt hat, dass wir die anderen Werkzeuge, die wir haben, die Sentinel Praxen, wie entwickeln sich Atemwegserkrankungen und das ist ne gleichbleibende Größe jetzt über Monate, die wir da haben.",de
seg_00543,train,DE,2021-03-12,citizens,explicit blame shifting,"Und wir müssen eben deswegen das immer ergänzen mit weiteren Instrumenten und den Bürgerinnen und Bürgern genauso sagen, umso mehr es Schnell- und Selbsttest gibt, desto mehr ist die Verantwortung auch beim Einzelnen.",de
seg_00544,train,DE,2021-03-12,citizens,explicit blame shifting,Gerade Selbsttest heißt immer auch Selbstverantwortung.,de
seg_00545,train,DE,2021-03-12,experts,explicit blame shifting,Vielleicht kann sogar Frau Richter Scheer auch noch mal aus dem Alltag mit AstraZeneca berichten dazu.,de
seg_00546,train,DE,2021-03-12,,credit claiming,"wir nehmen die Meldung sehr, sehr ernst. Und bewerten sie natürlich sofort",de
seg_00547,test,DE,2021-03-12,experts,explicit blame shifting,"Und bewerten sie natürlich sofort und bitten sowohl die europäischen Arzneimittelbehörden wie das Paul Ehrlich Institut ne Bewertung vorzunehmen. Die findet auch, hat stattgefunden und findet natürlich weiter statt. Die Europäische Arzneimittelagentur hat nach Beratung der Experten gestern erklärt, dass es keine auffällige Häufung von Thrombosen im zeitlichen Zusammenhang mit der Impfung gebe, das Paul Ehrlich Institut analysiert die Lage parallel und kommt auch für Deutschland zu derselben Einschätzung",de
seg_00548,train,DE,2021-03-12,experts,explicit blame shifting,"Das Paul Ehrlich Institut begleitet das intensiv mit den Behörden vor Ort, um zu erkennen, ob, das ist ja die Frage, gibt es einen kausalen Zusammenhang oder ist es nur in Anführungszeichen ein zeitlicher Zusammenhang, der statistisch natürlich sich ergeben kann, wenn sie 3, 5, 10 Millionen Menschen impfen? Mit einem Impfstoff wird statistisch bestimmte Erkrankungen, die auch sonst 3, 5 oder 10 Millionen Menschen ohne Impfung hätten, dann auch im zeitlichen Zusammenhang auftauchen. Die Frage ist, gibt es einen ursächlichen Zusammenhang? und dafür, das sagen uns das Paul Ehrlich Institut,",de
seg_00549,train,DE,2021-03-12,,credit claiming,"Wir sind aufmerksam. Wir klären auf, Transparenz, das Paul Ehrlich Institut veröffentlicht jede Woche die Meldung, die es auch gibt im Zusammenhang mit der mit den Impfungen, und zwar nicht nur Impfreaktionen, sondern eben auch Folgewirkungen, die erstmal im zeitlichen Zusammenhang stehen und geht dem intensiv nach, wie andere Behörden auch. Also wir machen das sehr transparent, sehr sehr offen",de
seg_00550,train,DE,2021-03-12,experts,implicit blame avoidance,"das Paul Ehrlich Institut veröffentlicht jede Woche die Meldung, die es auch gibt im Zusammenhang mit der mit den Impfungen, und zwar nicht nur Impfreaktionen, sondern eben auch Folgewirkungen",de
seg_00551,train,DE,2021-03-12,citizens,implicit blame avoidance,"ich finde wir haben auch ne gemeinsame Verantwortung, wenn ich das sagen darf, entsprechend einzuordnen, weil die Transparenz Voraussetzung ist für Akzeptanz und gleichzeitig aber eben aus der Transparenz finde ich dann auch nichts entstehen darf, was dann fälschlicherweise Akzeptanz reduzieren würde und mit dem, was wir bisher wissen ist der Nutzen auch nach allen Vorfällen, die bisher berichtet und untersucht wurden, bei weitem höher als das Risiko und das gilt auch weiterhin.",de
seg_00552,train,DE,2021-03-12,,credit claiming,"wenn ich die Wahl habe, dafür zu sorgen, dass nächste Woche Ärztinnen und Ärzte und Pflegekräfte Masken haben, oder eben ein Verfahren von 6 Monaten einzuhalten, entscheide ich mich in einer Pandemie und in der Not dafür, schnell zu handeln.",de
seg_00553,train,DE,2021-03-12,subnational level,implicit blame avoidance,"die aller aller allermeisten Kolleginnen und Kollegen haben schlicht und ergreifend das getan, was viele andere Bürger, Landräte, Abgeordnete aus anderen Parlamenten auch gemacht haben Hinweise, die sie erreicht haben, was helfen könnte, in der Not weiterzuleiten,",de
seg_00554,train,DE,2021-03-12,citizens,implicit blame avoidance,"die aller aller allermeisten Kolleginnen und Kollegen haben schlicht und ergreifend das getan, was viele andere Bürger, Landräte, Abgeordnete aus anderen Parlamenten auch gemacht haben Hinweise, die sie erreicht haben, was helfen könnte, in der Not weiterzuleiten,",de
seg_00555,train,DE,2021-03-12,experts,explicit blame shifting,wie Herr Professor Wieler gesagt hat,de
seg_00556,train,DE,2021-03-12,subnational level,implicit blame avoidance,"das ist in vielen Ländern schon passiert, ob in Vorpommern, ob in Hamburg, ob im Saarland oder eben hier in Berlin.",de
seg_00557,train,DE,2021-03-12,subnational level,explicit blame shifting,"Wir haben ausdrücklich gesagt, die Länder sollen jetzt in einem ersten Schritt, Arztpraxen mit einbinden, etwa um zum Beispiel onkologische Praxen und Krebspatienten auch von dem eigenen behandelnden Arzt impfen lassen zu können, der weiß am besten Bescheid.",de
seg_00558,train,DE,2021-03-12,subnational level,explicit blame shifting,"Und wenn die Länder gleichzeitig sagen, und das war die Diskussion am Mittwoch, die Grundlast in den Impfzentren im April soll 2,25 Millionen Impfungen pro Woche sein. Wir haben einen niedrigeren Wert vorgeschlagen, aber die Einigung war am Ende 2,25 Millionen in den Impfzentren pro Woche",de
seg_00559,test,DE,2021-03-12,experts,explicit blame shifting,"wenn der Arzt in seiner Praxis impft, dann ist die Frage, wie er dokumentiert, für mögliche Haftungsfragen die Aufklärung, seine Verantwortung. Wenn der Arzt für sich entscheidet, das geht ohne schriftliche Bestätigung, dann ist das ja OK, seine Verantwortung.",de
seg_00560,train,DE,2021-03-12,subnational level,explicit blame shifting,"In den Impfzentren haben das eben die Kommunen, zumal das ja auch andere Situationen sind.",de
seg_00561,train,DE,2021-04-29,,credit claiming,"aber insgesamt ja in den letzten Tagen gesehen eine deutliche Steigerung bei den Impfungen. Vor 4 Monaten, am 27. Dezember, wurde zum ersten Mal jemand in Deutschland geimpft. Mittlerweile sind es über 20 Millionen Menschen, die eine erste Impfung haben in Deutschland erhalten können, gegen COVID-19, und die Zahl steigt weiter ständig und seitdem wir die Arztpraxen einbezogen haben und die Voraussetzungen mehr Impfstoff zur Verfügung haben, sehen wir jetzt auch, und ich gehe davon aus, auch in dieser Woche immer mal wieder auch neue Tagesrekorde. Das sind gute Nachrichten auch bei aller Kritik an dem erwarteten langsamen Start im ersten Quartal. Wir schaffen nämlich mit diesen Impfungen die Voraussetzungen dafür, dass wir mehr Alltag wieder möglich machen können, Schritt für Schritt.",de
seg_00562,train,DE,2021-04-29,citizens,explicit blame shifting,"Das reicht aber leider noch nicht, denn die Zahlen insgesamt sind noch zu hoch, das zeigt auch der Blick auf die Intensivstation, die sind weiterhin in zu vielen Städten, in zu vielen Regionen zu voll. COVID-19 Patienten müssen teilweise verlegt werden, Ärzte und Pflegekräfte arbeiten seit Monaten, spätestens seit Beginn der zweiten Welle am Anschlag in vielen Intensivstationen.",de
seg_00563,train,DE,2021-04-29,,credit claiming,". Ich will aber noch mal ausdrücklich sagen, sie hat sehr viel Sinn gemacht und macht es bis heute, wir haben Menschenleben geschützt, das ist keine Bürokratie, das ist Schutz von Menschenleben.",de
seg_00564,train,DE,2021-04-29,,credit claiming,"Und ich finde es weiterhin jeden Tag beeindruckend zu sehen, auch bei den Infektionen, bei den über 80 jährigen, wie sehr das Impfen dort einen positiven Unterschied macht",de
seg_00565,train,DE,2021-04-29,experts,implicit blame avoidance,"Schon nach Ostern haben wir auch auf Basis von einer Einschätzung des Robert Koch Instituts gesagt, das Getestete und Geimpfte, Geimpfte und aktuell Getestete gleichgestellt werden können bei vielen Bereichen",de
seg_00566,train,DE,2021-04-29,subnational level,implicit blame avoidance,"viele Länder haben das richtigerweise schon in ihren Landesverordnungen umgesetzt,",de
seg_00567,train,DE,2021-04-29,experts,implicit blame avoidance,Das Robert Koch Institut hat im Übrigen auch schon vor 2 Wochen etwa die Regelungen und Empfehlungen zu Kontaktpersonen angepasst.,de
seg_00568,train,DE,2021-04-29,subnational level,implicit blame avoidance,"Einschränken von Freiheitsrechten, wie es durch Landesregelung, aber jetzt eben auch durch die Bundesnotbremse erfolgt ist, kann, soll, muss man dort einen Unterschied machen zwischen vollständig Geimpften und noch nicht vollständig Geimpften.",de
seg_00569,train,DE,2021-04-29,,credit claiming,"Und ja, wir haben ein anderes Gesundheitssystem und ja, wir haben auch ne Chance auf bessere Grundgesundheit bei uns hier in Deutschland",de
seg_00570,train,DE,2021-04-29,,credit claiming,"Und deswegen haben wir Schlüsse daraus gezogen, um uns selbst zu schützen,",de
seg_00571,train,DE,2021-04-29,,credit claiming,"wir gleichzeitig aber auch helfen und helfen wollen als Bundesregierung zum Hilfspaket der Bundesregierung trägt das Bundesministerium für Gesundheit waren im Wert von etwa 50 Millionen € bei, das sind 120 Beatmungsgeräte, das sind Medikamente, Remdisivier insbesondere und Schutzmasken, die wir auf Vorrat haben und die helfen sollen, die Not in Indien zu lindern",de
seg_00572,train,DE,2021-04-29,experts,implicit blame avoidance,"Also eine bessere Einschätzung als diejenigen, die da jeden Tag dran forschen und entwickeln, kann ich tatsächlich nicht geben",de
seg_00573,train,DE,2021-04-29,experts,implicit blame avoidance,"Aber ne bessere Zeitschiene vorher zu sagen als die Forscher selbst, traue ich mir nicht zu.",de
seg_00574,test,DE,2021-04-29,subnational level,implicit blame avoidance,"Aber das ist n Thema, dass wir natürlich auch mit den Ländern besprechen, wie auch das Impfen etwa Stadtteilbezogen die Diskussion der letzten Tage ist ja am Ende ne Organisation vor Ort, ich hab gestern auch ne Schalte gehabt mit dem Städtetag, dem Städte und Gemeindebund und dem Landkreistag, wo wir auch über diese Fragen gesprochen haben. Am Ende können die das am besten pragmatisch vor Ort entscheiden",de
seg_00575,train,DE,2021-04-29,,credit claiming,"Aber wir haben inklusive der Kinder und Jugendlichen ausreichend Mengen gesichert,",de
seg_00576,train,DE,2021-04-29,,credit claiming,"Ganz wichtig ist, was wir gerade sehr aktiv auch unterstützend begleiten.",de
seg_00577,train,DE,2021-04-29,subnational level,implicit blame avoidance,"darüber hab ich wie gesagt gestern noch mit den kommunalen Spitzenverbänden gesprochen, werde ich heute, heute ist es noch mal ne schalte mit den Landeskollegen, auch mit den Landeskollegen sprechen, das können wir nicht vom Bund",de
seg_00578,train,DE,2021-04-29,subnational level,explicit blame shifting,"das können wir nicht vom Bund. Also ich kann nicht aus dem Bund die richtige Impfkampagne für Essen, Leipzig oder Offenbach planen.",de
seg_00579,train,DE,2021-04-29,,credit claiming,"Es ist schon eigentlich alles ziemlich flexibel. Auch das zu machen und eben die Informationskampagnen, die machen wir schon seit Beginn der ziemlich seit Beginn der Pandemie mehrsprachig, mittlerweile in über 20 Sprachen. Die Telefonhotlines sind zum Teil auch mittlerweile mehrsprachig. Wir machen bei Social Media mehr, als wir hier alle im Raum wahrnehmen, weil es natürlich zielgruppenspezifische Ansprache auch dort dann gibt.",de
seg_00580,train,DE,2021-04-29,citizens,implicit blame avoidance,"Gesundheitsbewusstes Verhalten muss man auch lernen, ist ne Frage, tatsächlich ja auch von Bildung und Erziehung.",de
seg_00581,test,DE,2021-04-29,experts,explicit blame shifting,"Im Moment ist sie ja noch zurückhaltend bei der entsprechenden Empfehlung, weil sie eben sagt, dafür ist die Datenlage noch nicht da,",de
seg_00582,train,DE,2021-04-29,,credit claiming,"Was gelungen ist,",de
seg_00583,train,DE,2021-04-29,,credit claiming,"Wir haben es aber bisher jedenfalls geschafft, die anderen Varianten eben nicht, sich hier in Deutschland ausbreiten zu lassen",de
seg_00584,train,DE,2021-04-29,,credit claiming,"wir engagieren uns übrigens auch sehr, sehr stark, indem wir die Hersteller in Deutschland unterstützen, ihre Produktionskapazität aufzubauen.",de
seg_00585,train,DE,2021-04-29,subnational level,implicit blame avoidance,"das sind Landesverordnungen, es sind zum Teil kommunale Verordnungen, meinetwegen Click and Meet mit Testerfordernis, das gleichzustellen geht schnell",de
seg_00586,train,DE,2021-04-29,,credit claiming,"Einreiseverordnung gleichzustellen geht auch vergleichsweise schnell, sind wir gerade in der Erarbeitung, gehe ich davon aus, dass nächste Woche der Entwurf da ist.",de
seg_00587,test,DE,2021-04-29,subnational level,implicit blame avoidance,"Die Empfehlung zum Quarantäne des Robert Koch Instituts anzupassen, ging auch vergleichsweise schnell, ist seit 2 Wochen in Kraft, wird von den Gesundheitsämtern vor Ort umgesetzt.",de
seg_00588,train,DE,2021-04-29,experts,implicit blame avoidance,"Die Empfehlung zum Quarantäne des Robert Koch Instituts anzupassen, ging auch vergleichsweise schnell",de
seg_00589,train,DE,2021-04-29,citizens,implicit blame avoidance,die wir natürlich in unserer freiheitlichen Grundordnung zuerst auch immer vom Freiheitsaspekt her denken müssen.,de
seg_00590,test,DE,2021-04-29,subnational level,implicit blame avoidance,Dort haben wir ja seitens der Gesundheitsminister von Bund und Ländern Empfehlungen schon gemacht.,de
seg_00591,train,DE,2021-04-29,subnational level,implicit blame avoidance,viele Länder haben es übrigens auch schon umgesetzt,de
seg_00592,train,DE,2021-04-29,experts,implicit blame avoidance,Und das Robert Koch Institut untersucht ja auch jeden Fall eines Impfdurchbruches in einer Pflegeeinrichtung auch gleichzeitig sehr intensiv.,de
seg_00593,train,DE,2021-04-29,experts,explicit blame shifting,auf Empfehlung der Ständigen Impfkommission,de
seg_00594,train,DE,2021-04-29,subnational level,implicit blame avoidance,"dann finde ich, macht es Sinn, jetzt im Mai vor allem eben diese Priorisierung auch noch umzusetzen sowie die Länder es ja auch tun",de
seg_00595,train,DE,2021-04-29,,credit claiming,"aber jedenfalls über 25% werden wir erreicht haben, jedem vierten ein Angebot gemacht haben können, es werden jeden Tag mehr",de
seg_00596,test,DE,2021-04-29,,credit claiming,"die Ausgrenzung der Pflegekosten aus den Budgets, aus den Fallpauschalen, die größte Veränderung seit über 20 Jahren, haben wir vor dieser Pandemie bereits gemacht um das klare Signal an die Krankenpflege in den Krankenhäusern zu senden. Es kann nicht mehr zu Lasten der Pflege gespart werden, haben wir geregelt. Alles, was für Pflege ausgegeben wird, wird 1 zu 1 refinanziert, Tariferhöhungen werden 1 zu 1 refinanziert für die Pflege in den Krankenhäusern, Personalbemessung, Personaluntergrenzen auf Intensivstationen, aber auch in anderen Stationen habe ich eingeführt durch Ministerverordnung, weil die Selbstverwaltung zwischen Krankenkassen und Krankenhäusern nicht in der Lage war, sie zu verhandeln.",de
seg_00597,train,DE,2021-04-29,,credit claiming,"Das Zusammenführen der Ausbildung in den Pflegeberufen, des Abschaffung der Schulgelder, das Einführen einer Ausbildungsvergütung haben wir alles vor der Pandemie bereits begonnen, die Stärkung der unterschiedlichen Fachrichtungen vor der Pandemie begonnen",de
seg_00598,train,DE,2021-04-29,,credit claiming,"Aber ich lege auch da großen Wert darauf, dass in der Pflege in den letzten 3 Jahren in den Krankenhäusern mehr verändert worden ist als in vielen vielen Jahren zuvor, um den Beruf insgesamt attraktiver zu machen,",de
seg_00599,train,DE,2021-04-29,citizens,implicit blame avoidance,"Deswegen bin ich übrigens den islamischen Glaubensgemeinschaften sehr dankbar, dass sie beim Thema jetzt Fastenbrechen sehr darum gebeten und dafür geworben haben, so schwer das fällt, dass eben weitestgehend in Kleinstgruppen, wenn überhaupt oder wenn es geht, digital zu machen.",de
seg_00600,train,DE,2021-04-29,,credit claiming,"Deswegen muss man natürlich darüber reden, man kann Probleme nur adressieren, wenn man sie bespricht, da war ich schon immer von überzeugt,",de
seg_00601,test,DE,2021-04-29,subnational level,implicit blame avoidance,"Ich meine das Land, das im Supermarkt impfen will, kann im Supermarkt impfen, da muss man da Ärzte hinstellen, muss man ne Station aufbauen, kann man im Supermarkt impfen, kann jedes Bundesland morgen machen, muss man nicht fordern, kann man machen, das gleiche gilt für Impfen in Stadtteilen. Kann man machen, ist alles möglich. Einige machen es auch schon, Köln soweit ich weiß.",de
seg_00602,test,DE,2021-04-29,subnational level,implicit blame avoidance,"Einige machen es auch schon, Köln soweit ich weiß.",de
seg_00603,train,DE,2021-04-29,subnational level,implicit blame avoidance,"also wir schicken doch jede Woche Kontingente in die Länder, 2,25 Millionen Dosen gehen jede Woche in die Länder zu den Impfzentren",de
seg_00604,train,DE,2021-04-29,subnational level,implicit blame avoidance,"Ich habe gerade gesagt, ich werde noch auch mal Gespräche suchen mit einigen gesellschaftlichen Gruppen, aber im Städte- und Gemeindetag und an den Verbänden, kommunalen Spitzenverbänden darüber gesprochen, wo wir Rahmenbedingungen des Bundes verändern können und die Dinge leichter zu machen oder zu informieren, machen wir das auch. Aber die konkrete Entscheidung in einer Stadt, in einem Landkreis in einen Stadtteil zu gehen, die kann tatsächlich, und das finde ich übrigens auch vernünftig, in der föderalen Ordnung nicht aus Berlin heraus getroffen werden, sondern vor Ort.",de
seg_00605,train,DE,2021-04-29,,credit claiming,"Ich habe gerade gesagt, ich werde noch auch mal Gespräche suchen mit einigen gesellschaftlichen Gruppen, aber im Städte- und Gemeindetag und an den Verbänden, kommunalen Spitzenverbänden darüber gesprochen, wo wir Rahmenbedingungen des Bundes verändern können und die Dinge leichter zu machen oder zu informieren, machen wir das auch.",de
seg_00606,train,DE,2021-04-29,subnational level,implicit blame avoidance,"Und so wie ich das wahrnehme, wird diese Entscheidung jeden Tag getroffen. Wir sollten jetzt echt nicht so tun, als wird das alles nicht stattfinden.",de
seg_00607,train,DE,2021-04-29,,credit claiming,"wir werben übrigens international sehr stark dafür, auch das Papier, den Impfausweis aus Papier weiterhin zu akzeptieren, weil es einfach auch Länder geben wird, die gar keine Chance haben, digitale Impfausweise gleich schon auszustellen.",de
seg_00608,train,DE,2021-04-29,,credit claiming,"Wir haben gestern zum ersten Mal mehr als ein Prozent der Bevölkerung an einem Tag geimpft und zweiter Rekord zum ersten Mal über 1 Million Impfungen. Wir hatten gestern 1,1 Millionen Impfungen knapp. Damit sind 25,9% der Deutschen mindestens einmal geimpft und 7,5% haben eine Zweitimpfung. Die Ärzte haben gestern 730‘000 Impfungen durchgeführt, die Impfzentren 360‘000 aber zum ersten Mal über ein Prozent der Bevölkerung, und zwar deutlich über ein Prozent, ein Prozent wären 830‘000 Impfungen, knapp 1,1 Millionen Impfungen zeigt, wie stark wir an Geschwindigkeit gewonnen haben",de
seg_00609,train,DE,2021-04-29,citizens,explicit blame shifting,Aber jede Impfung ist Schutz für jemanden,de
seg_00610,train,DE,2021-04-29,experts,explicit blame shifting,"wir können ja mal schauen, ob wir mal einen Long COVID Forscher oder Versorger mitbringen hier.",de
seg_00611,test,DE,2021-05-12,citizens,explicit blame shifting,Eigentlich haben wir genau eine Wahl entweder man wird geimpft oder man wird infiziert im Laufe seines Lebens jeder wird dieses Virus sozusagen erleben im wahrsten Sinne des Wortes und ich würde im Zweifel immer empfehlen die Immunität durch Impfung erreichen zu wollen und nicht durch das Durchmachen der Infektionen möglicherweise der Erkrankung.,de
seg_00612,test,DE,2021-05-12,citizens,explicit blame shifting,Das Impfen nimmt der Pandemie und der Infektion den Schrecken,de
seg_00613,train,DE,2021-05-12,,credit claiming,mit dem vierten Bevölkerungsschutzgesetz hat die Bundesregierung erstmals die Möglichkeit auch einheitlich für Deutschland Quarantänevorgaben bei der Einreise zu machen und nicht 16 verschiedene.,de
seg_00614,train,DE,2021-05-12,citizens,explicit blame shifting,"Aber wir müssen jetzt sehr aufpassen, dass die Zuversicht nicht zu Übermut wird und dass wir nicht ein zu viel dann jetzt haben an Kontakten und an Lockerungen, weil die Frage wie Juli und August werden die entscheidet sich nicht heute, die inzidenzzahlen von letzter Woche sind nicht entscheidend für die Frage wie der Sommer wird sondern das entscheidet sich in den nächsten 4-5-6 Wochen ob wir im Sommer tatsächlich insgesamt eine bessere Lage haben werden können.",de
seg_00615,train,DE,2021-05-12,,credit claiming,"Die Infektionszahlen sinken, die Intensivstationen sehen im Moment eine Entlastung. Die Positivrate bei den Testungen geht zurück. Also alles geht in die richtige Richtung",de
seg_00616,test,DE,2021-05-12,citizens,explicit blame shifting,"Und dann eben auch möglicherweise, wenn es um auch Sport oder anderes geht, vor allem die Dinge auf draußen zu konzentrieren, weil drinnen noch zurückhaltender zu sein und es vor allem auch zu verknüpfen mit Testerfordernissen.",de
seg_00617,test,DE,2021-05-12,citizens,explicit blame shifting,und da kann jeder einzelne weiteren Beitrag zu leisten,de
seg_00618,train,DE,2021-05-12,citizens,implicit blame avoidance,"Wir haben die Zahlen runtergebracht, weil so viele bereit sind und waren im Alltag für sich einmal mehr auch in dieser dritten Welle einen Unterschied zu machen, Kontakte zu reduzieren, sich impfen zu lassen, auch das macht eben einen entscheidenden Unterschied, wie wir sehen oder sich testen zu lassen",de
seg_00619,train,DE,2021-05-12,subnational level,implicit blame avoidance,"zu dieser Balance von Zuversicht und Vorsicht gehört übrigens auch, das ist ne Bereitschaft, braucht auf allen politischen Ebenen vor Ort, in den Ländern und im Bund dann, wenn die Inzidenzen wieder steigen sollten in einem bestimmten Bereich, in einem Landkreis, in einer Stadt, in einer Region, dann auch sehr schnell wieder ne Beschränkung einzuführen und nicht zu warten, bis es dann wieder richtig hochgestiegen ist.",de
seg_00620,train,DE,2021-05-12,,credit claiming,"Ziel war es immer, in dieser Pandemie das Gesundheitswesen vor Überlastung zu schützen, das ist uns auch gelungen,",de
seg_00621,train,DE,2021-05-12,citizens,explicit blame shifting,"wichtig, sich zu erinnern, aufeinander aufzupassen, das machen wir für uns, das machen wir für unsere Leben, das machen wir aber auch, um gerade die Pflegenden zu entlasten und weitere Belastungen zu vermeiden",de
seg_00622,train,DE,2021-05-12,,credit claiming,"Und nach der Äusserung der letzten Tage auch der Kolleginnen und Kollegen aus dem Kabinett bin ich sehr zuversichtlich, dass wir etwa für die Frage der besseren Bezahlung von Altenpflegekräften auch noch vor dem Sommer in den parlamentarischen Wochen, die uns noch verbleiben, ein Kompromiss finden der sicherstellt, dass es regelhaft eine Tarifbezahlung oder tarifähnliche Bezahlung zumindest auch in allen Bereichen der Altenpflege gibt sowie das in der Krankenpflege auch der Fall ist, so dass aus dem Tag der Pflegenden tatsächlich nicht nur Worte, sondern auch Taten folgen.",de
seg_00623,train,DE,2021-05-12,,credit claiming,"dann würden wir damit im Zweifel ein Weltmaßstab setzen, weil wir die erste Region auf der Welt sind, der das überhaupt gelingt. Nicht nur eine nationale Lösung zu haben, sondern eine, die international anschlussfähig ist.",de
seg_00624,train,DE,2021-05-12,,credit claiming,"Die Corona warn App, ja, die hat auch 2-3 Wochen länger gedauert als in anderen Ländern. Sie hat bis heute nicht ein Datenschutz und nicht ein Datensicherheitsthema von wirklicher Relevanz gehabt.",de
seg_00625,test,DE,2021-05-12,citizens,explicit blame shifting,"die gesellschaftliche Debatte jedenfalls noch nicht so weit war, dass schon alle einen Regelungsbedarf gesehen haben. Aus diesem Grund haben wir es ja dann damals wieder rausgenommen.",de
seg_00626,train,DE,2021-05-12,experts,implicit blame avoidance,"Die Frage, ob auch andere nicht in der EU zugelassene Impfstoffe gleich qualifiziert sind oder nicht, muss aus meiner Sicht geprüft werden idealerweise, das müssen wir europäisch tatsächlich noch vereinbaren, ansonsten wäre das für uns Paul Ehrlich Institut und Robert Koch Institut.",de
seg_00627,test,DE,2021-05-12,,credit claiming,Weil er drittens auch den Standort Deutschland stärkt.,de
seg_00628,train,DE,2021-05-12,citizens,explicit blame shifting,"Am Ende ist es ja eine freiwillige Entscheidung. Eine freiwillige Entscheidung der Eltern oder ab einem bestimmten Alter auch der Jugendlichen selbst, ob sie sich impfen lassen wollen oder nicht.",de
seg_00629,train,DE,2021-05-12,experts,implicit blame avoidance,"Und dann auch eine Entscheidung, die man ja gemeinsam mit dem impfenden Arzt trifft. Das gilt aber für jede Impfung, egal ob ich 60 bin oder 16. Ist eine individuelle Entscheidung ob und ist ne Entscheidung mit dem Arzt wann und wie. Hinzu kann kommen eine Empfehlung der Ständigen Impfkommission zum Beispiel.",de
seg_00630,train,DE,2021-05-12,citizens,explicit blame shifting,"Es geht übrigens hier nicht um Urlaub, wie ich heute Morgen gelesen habe, es geht darum, dass wir in einer Pandemie sind.",de
seg_00631,train,DE,2021-05-12,citizens,explicit blame shifting,"Und in einer Pandemie ist um die Frage geht ja, wie ist der individuelle Schutz, aber natürlich auch wie ist der Gruppenschutz.",de
seg_00632,test,DE,2021-05-12,citizens,explicit blame shifting,"Es bleibt natürlich unbedingt bei einer freiwilligen Impfung seine Entscheidung der Eltern mit den Kindern und den Ärzten, wenn es eine entsprechende Zulassung gibt und entsprechende Empfehlungen zum Impfen fließen, dann damit ein. Aber die Entscheidung bleibt trotzdem bei den Eltern und den Kindern.",de
seg_00633,train,DE,2021-05-12,citizens,explicit blame shifting,"Also zuerst einmal ist es immer eine individuelle Entscheidung des zu Impfenden und bei jemand, der minderjährig oder nicht Entscheidungsfähig ist, dann eben in diesem Fall der Eltern auch ob geimpft wird oder nicht.",de
seg_00634,train,DE,2021-05-12,subnational level,implicit blame avoidance,"deswegen haben wir ja mit den Ländern bereits letzte Woche vereinbart, dass sich in den Ländern jetzt schon Gedanken gemacht werden soll für den Fall einer Zulassung wie man ein solches Impfangebot tatsächlich eben bis zum Ende der Sommerferien Ende August, in manche Bundesländer sind ein wenig früher.",de
seg_00635,train,DE,2021-05-12,subnational level,implicit blame avoidance,"das passiert in den Reha Einrichtungen mit der Wissenschaft und das tut es in Mecklenburg-Vorpommern,",de
seg_00636,train,DE,2021-05-12,,credit claiming,"ich möchte, dass wir Kapazitäten in Deutschland und Europa aufbauen aus dieser Pandemie heraus, die auch bei Viruserkrankungen, ganz anderen Teilen der Welt, die für diese Region ein Riesenproblem sind, einfach helfen kann, weil wir hier Kapazitäten haben zu helfen.",de
seg_00637,train,DE,2021-05-12,citizens,implicit blame avoidance,"Und wenn sie, wenn wir alle gemeinsam weiterhin diese beiden Parameter halten, Inzidenzen sinken, impfen steigt dann ist gut.",de
seg_00638,train,DE,2021-06-10,,credit claiming,"Der Trend, den wir in den letzten Wochen auch schon hier haben beschreiben können, den wir gesehen haben, der ist ein guter und er setzt sich fort, das mache ich an 3 I fest. Die Infektionszahlen gehen runter, deutlich runter, die Intensivstationen leeren sich von COVID-19 Patienten, die behandelt werden müssen und die Impfzahlen steigen weiter, auch mit guter Geschwindigkeit. Wir hatten gestern den zweithöchsten Wert bei den täglichen Impfungen seit Beginn der Impfkampagne, damit sind mehr Lockerungen möglich, wir können wieder mehr Freiheit, mehr Normalität wagen und wer hätte vor 3-4 Wochen gedacht, dass wir Inzidenz unter 20 so deutlich und umfassend in einigen Bundesländern schon einstellig sehen würden? Das ist eine sehr, sehr gute, eine sehr, sehr ermutigende Entwicklung",de
seg_00639,train,DE,2021-06-10,citizens,implicit blame avoidance,"Wir hatten gestern den zweithöchsten Wert bei den täglichen Impfungen seit Beginn der Impfkampagne,",de
seg_00640,test,DE,2021-06-10,,credit claiming,"in Deutschland haben wir inzwischen eine einzigartige Testinfrastruktur aufgebaut, in jeder Ecke, vom Münsterland bis in die Hauptstadt, vom Bodensee bis zur Ostsee, leicht zugänglich und kostenlos für jeden einen Bürgertest dieses Angebot wird jeden Tag hunderttausendfach millionenfach genutzt, um für sich selbst Sicherheit zu bekommen, aber auch um an Möglichkeiten des Alltages wieder teilnehmen zu können, ob es der Einzelhandel ist, die Gastronomie oder der Sport. Um diese Teststruktur schnell aufzubauen, haben wir wirtschaftliche Anreize gesetzt und die bürokratischen Hürden sehr niedrig gehalten.",de
seg_00641,train,DE,2021-06-10,subnational level,implicit blame avoidance,"das muss mit aller Härte des Gesetzes geahndet werden und deswegen finde ich es richtig und unterstütze ausdrücklich, dass die Länder, dass die Staatsanwaltschaften auch mit der entsprechenden Härte vorgehen, bis hin, dass es ja Haftbefehle gegeben hat. Das Signal muss sein: Betrug lohnt sich nicht. Wer betrügt, wird hart bestraft. Auch in diesem Bereich und wir haben auf die Betrugsfälle reagiert indem wir eine neue Testverordnung vorgelegt haben, gestern in die Abstimmung gegeben haben mit den Ländern und den Bundesressorts,",de
seg_00642,train,DE,2021-06-10,citizens,implicit blame avoidance,"Die Dynamik, die das gewonnen hat bei allen, die jetzt zum Teil auch noch warten auf einen Impftermin, aber doch eine gute Entwicklung, fast jeder Vierte ist vollständig geimpft, hat einen vollen Impfsschutz",de
seg_00643,train,DE,2021-06-10,citizens,explicit blame shifting,"mit Impfen schützt man sich und schützt man andere. Aber impfen erlaubt eben auch wieder mehr Freiheiten, gibt mehr Möglichkeiten.",de
seg_00644,train,DE,2021-06-10,subnational level,implicit blame avoidance,"viele Bundesländer werden in diesen Tagen beginnen, postalisch den QR Code zu versenden",de
seg_00645,train,DE,2021-06-10,,credit claiming,"Sie sehen, wir hatten angekündigt, dass es dieses Werkzeug bis zum Ende des zweiten Quartals geben können soll, wir halten hier Wort, vor den Sommerferien gibt es eine europäische Lösung Impfung digital nachzuweisen einfach auf dem Handy Europaweit gültig. Der CovPass wird dann in Rostock, Castrop-Rauxel und Tirschenreuth gleichermaßen verfügbar sein und akzeptiert werden",de
seg_00646,test,DE,2021-06-10,,credit claiming,"Ich kann nur sagen, bis jetzt ist es uns gelungen, die Dinge immer relativ zügig, die wir aufbauen wollten in der Pandemie, in der Notsituation dann auch aufzubauen, Intensivbetten sind schnell entstanden, es gab Beschlüsse der Länder, die Zahl verdoppeln zu wollen, der Intensivbetten und des Corona Kabinetts.",de
seg_00647,train,DE,2021-06-10,subnational level,implicit blame avoidance,"Es ist nicht nur Anlass, es wird ja natürlich in Diskussion mit den Ländern von uns schon seit Monaten adressiert.",de
seg_00648,train,DE,2021-06-10,subnational level,explicit blame shifting,Und die Länder müssen natürlich auch einen Nachweis erbringen über die geschaffenen Betten,de
seg_00649,train,DE,2021-06-10,subnational level,implicit blame avoidance,"Es gab den Beschluss von Bund und Ländern, die Intensivkapazitäten in Deutschland verdoppeln zu wollen",de
seg_00650,train,DE,2021-06-10,subnational level,explicit blame shifting,"Und dann haben wir ins Gesetz den Ländern den Auftrag gegeben, diese Mittel zu verwalten und zu zuweisen. Und ich müsste auch im föderalen Miteinander von Bund und Ländern davon ausgehen können und dürfen dass, wenn Länder Investitionszuschüsse ausreichen, die ja gebunden sind an bestimmte Bedingungen.",de
seg_00651,test,DE,2021-06-10,subnational level,implicit blame avoidance,"So ist das in der föderalen Struktur übrigens nicht nur in der Pandemie, sondern grundsätzlich, dass nicht wenige Förderprogramme dann eben auch über die Länder in der Verwaltung umgesetzt werden, und deswegen kann und soll das alles natürlich auch nachgehalten und mit Transparenz versehen werden.",de
seg_00652,train,DE,2021-06-10,,credit claiming,"Das ist jedenfalls sehe ich als Bundesminister für Gesundheit als oberste Aufgabe an, in einer solchen Situation zu helfen, dass Kliniken nicht ihren Betrieb einstellen",de
seg_00653,train,DE,2021-06-10,,credit claiming,"Hätte man manches anders gemacht? Das ist so, das kann ich konstatieren, das kann ich zugestehen, ohne Zweifel nur wenn die Ansage ist, vor Weihnachten sollen Schutzmasken ankommen, dann hab ich halt nicht 6 Wochen Zeit, sondern dann müssen wir sehen wie vor Weihnachten Schutzmasken ankommen.",de
seg_00654,test,DE,2021-06-10,,credit claiming,"kann ich jetzt nicht berücksichtigt, aber vor 10 Tagen war es so, dass eine von 5 Impfdosen, die über Covax weltweit finanziert werden, aus Deutschland finanziert werden, eine von 5. Wir sind der zweitgrößte Geldgeber. Und übernehmen damit wie wenige andere Länder eine Verantwortung für die Welt, aus humanitären Gründen, aber auch aus eigenem nationalem Interesse, weil wir n Interesse daran haben, dass die Welt schnell geimpft ist, etwa mit Blick auf Mutationen und anderes mehr.",de
seg_00655,train,DE,2021-06-10,,credit claiming,wir engagieren uns finanziell und wir engagieren uns und werden uns auch noch stärker engagieren in der Zahl der Dosen die wir direkt zur Verfügung stellen,de
seg_00656,train,DE,2021-06-10,,credit claiming,"wir werden unterstützen das Entstehen von Produktionsstätten und Kapazitäten auch in anderen Teilen der Welt, insbesondere Afrika",de
seg_00657,train,DE,2021-06-10,experts,implicit blame avoidance,"Wir haben echt gerade eine gute Entwicklung, aber Professor Wieler hat darauf hingewiesen, das ist jetzt hier noch nicht vorbei alles.",de
seg_00658,train,DE,2021-06-10,citizens,explicit blame shifting,"Und insofern ist entscheidend am Ende das, was insgesamt entscheidend ist, draußen, Abstand, vielleicht idealerweise geimpft oder getestet. Alle Beteiligten. Und auch wenn es vielleicht schwer fällt, insbesondere, wenn es Freude oder weniger Freude gibt, Alkohol macht per se nachlässiger, was Schutz angeht, vielleicht etwas weniger Alkohol ist auch gesünder.",de
seg_00659,test,DE,2021-06-10,citizens,implicit blame avoidance,von Millionen Deutschen jeden Tag genutzt worden ist und noch wird und dass ihnen Sicherheit gegeben hat und gibt für den Alltag,de
seg_00660,test,DE,2021-06-10,subnational level,implicit blame avoidance,"zum Beispiel wäre ich nie auf die Idee gekommen, sag ich ganz ehrlich, dass in dem Umfang per Allgemeinverfügung Beauftragungen stattfinden, also das ganze Bundesländer sagen: wir beauftragen nicht, in denen der Einzelne sozusagen, es kann ja niemand sich zu der Stelle erklären. Sondern man muss ja beauftragt sein, durch die zuständige Behörde. Und der weitere Anbieter, so steht es in der Verordnung, soll eine ordnungsgemäße Durchführung garantieren. Und das bedeutet doch für mich, dass die zuständige Behörde sich anschaut, ob denen derjenige, der sie beauftragt, das kann von den Räumlichkeiten her, von den Hygiene, von den Abläufen her, wenn man das natürlich per Allgemeinverfügung macht. Allgemeinverfügung heißt ja für ein Bundesland zu sagen, der folgende Parameter erfüllt, kann los legen. Ohne sich irgendwas konkret im Einzelnen anzuschauen.",de
seg_00661,train,DE,2021-06-10,,credit claiming,"Das eigentliche Ziel, eine schnelle, erreichbare, erstmal schnell, aber auch eine gut erreichbare, flächendeckende Testinfrastruktur aufzubauen, ist aber eben tatsächlich auch erreicht worden.",de
seg_00662,test,DE,2021-06-10,subnational level,implicit blame avoidance,"Ich mich hat Ministerpräsidenten persönlich angerufen und gesagt, Herr Spahn, wir hatten vorher nicht so umfassend in der Testverordnung vor dem 8. März in der Fassung, wenn Sie da mal reinschauen, die die vorher gültig war, waren die weiteren Anbieter deutlich eingeschränkt in der Frage, wer das überhaupt sein kann und haben wir viele Rückmeldungen aus den Bundesländern gekriegt, bis hinzu Ministerpräsidenten, die gesagt haben, Herr Spahn, wenn Sie das nicht deutlich weiten, dass wir deutlich andere auch beauftragen können, dann werden wir die Testinfrastruktur nicht zügig aufbauen können.",de
seg_00663,train,DE,2021-06-10,subnational level,explicit blame shifting,"Aber das Interesse daran, das ist mir einfach noch mal wichtig gewesen, dass es weitere Anbieter gibt und einen schnellen Aufbau einer Testinfrastruktur, ist sehr nachdrücklich, auch und gerade aus den Ländern vorgebracht worden.",de
seg_00664,train,DE,2021-06-10,experts,implicit blame avoidance,"o wir gerade im Gespräch sind im RKI mit den intensiv medizinischen Verbänden, wie wir so was dauerhaft jetzt installieren und immer besser machen",de
seg_00665,test,DE,2021-06-10,,credit claiming,"wir haben die Leute gut versorgt und wir haben sogar noch 5 Millionen mehr versorgt, als eigentlich geplant war. Hätte man im Nachhinein früher die Preise reduzieren können? im Nachhinein ja. Damals aber mit dem hohen Risiko, dass dann die Masken nicht vollumfänglich verfügbar sind und das Risiko wollte ich nicht eingehen.",de
seg_00666,train,DE,2021-06-10,experts,explicit blame shifting,"das Register wird ja betrieben maßgeblich von den Intensivmedizinern selbst, dem Verband der Intensivmediziner zusammen mit dem Robert Koch Institut, ich weiß nicht, ob Herr Professor Wieler noch was sagen kann zu der Frage",de
seg_00667,train,DE,2021-06-10,experts,explicit blame shifting,"Also ich unterstelle, dass das schon auch von Intensivmedizinern, Ärztinnen und Ärzten korrekt angegeben wird.",de
seg_00668,train,DE,2021-06-10,,credit claiming,"Kurz, ich hab eine Info jetzt, wir sind der zweitgrößte Geldgeber beim ACTA, also dem Instrument der WHO und eine Milliarde Euro davon gehen in Covax.",de
seg_00669,train,DE,2021-06-10,,credit claiming,"dass wir hier mit 27 Mitgliedstaaten einheitlich eine solche App haben und ein solches Zertifikat schaffen andere noch nicht mehr mit allen Bundesstaaten und insofern ist das schon was drüber immer man sich ja auch mal freuen kann, dass das gelungen ist.",de
seg_00670,train,DE,2021-06-10,,credit claiming,"Ich werd dazu nichts mehr sagen, ich möcht einfach meine Arbeit machen, ich möcht dieses Land gut durch und raus aus dieser Pandemie führen",de
seg_00671,train,DE,2021-06-10,citizens,explicit blame shifting,"Und wer es erst in 3-4 Wochen braucht, kann ja vielleicht dem Gesamtsystem noch 2 Wochen Zeit geben, bevor er gleich am Montag sich auf den Weg macht.",de
seg_00672,train,DE,2021-06-10,subnational level,implicit blame avoidance,die Länder fangen jetzt an zu verschicken 10-14 Tage maximal,de
seg_00673,train,DE,2021-06-10,,credit claiming,"Eher man will mal positiv überraschen, besser, aber jedenfalls wird es jetzt ne Zeit, kurze Zeit dauern aber wenn dann einmal so ne Infrastruktur da ist, dann werden auch einige Millionen Nachtragungen sogar vergleichsweise schnell gehen können.",de
seg_00674,train,DE,2021-06-25,subnational level,implicit blame avoidance,"Aber wir haben eben auch gezeigt, dass das Zusammenspiel aus Parlament, aus Regierung, aus Bund und Bundesländern auch in schweren Zeiten funktioniert. Und wir haben uns vor allem auch unter Stress, auch unter schweren Bedingungen vertrauen und aufeinander verlassen können.",de
seg_00675,train,DE,2021-06-25,,credit claiming,"Und bei aller notwendiger Kritik im Vergleich mit vielen anderen Ländern in Europa und auf der Welt sind wir bis hierhin alles in allem vergleichsweise gut durch diese Pandemie, durch diese Jahrhundertkrise gekommen.",de
seg_00676,test,DE,2021-06-25,subnational level,implicit blame avoidance,Zudem beraten die Länder heute im Bundesrat auch unsere Pflegereform,de
seg_00677,train,DE,2021-06-25,,credit claiming,"Damit stellen wir sicher, dass Pflegekräfte in der Altenpflege künftig nach Tarif bezahlt werden.",de
seg_00678,train,DE,2021-06-25,,credit claiming,"Damit haben wir übrigens schon vor der Pandemie begonnen, in der Kranken- wie in der Altenpflege.",de
seg_00679,train,DE,2021-06-25,subnational level,implicit blame avoidance,"Aber ich bin sehr froh darüber, dass mit der Entscheidung heute des Bundesrates wir tatsächlich gerade für die Altenpflege haben, noch einen Unterschied machen können.",de
seg_00680,train,DE,2021-06-25,citizens,explicit blame shifting,"Es liegt an uns. Wir dürfen zuversichtlich in diesen Sommer gehen. Wir können den Sommer genießen, aber eben mit Vorsicht",de
seg_00681,test,DE,2021-06-25,citizens,explicit blame shifting,"Aber ich kann nur alle bitten und ermuntern, die Testangebote auch zu nutzen, die weiterhin kostenlos jedem zur Verfügung stehen. Wer will, dass die Schule nach den Ferien sorgenfreier starten können, der sollte sich und seine Familie nach der Rückkehr aus dem Urlaub einfach 1-2-3 Mal in einigen Tagen Abstand testen",de
seg_00682,test,DE,2021-06-25,citizens,explicit blame shifting,"Und das ist eine individuelle Entscheidung von Kindern, Eltern und dem impfenden Arzt. Aber möglicherweise beeinflusst die aktuelle Deltaentwicklung ja auch diese individuelle Entscheidung in der Abwägung.",de
seg_00683,train,DE,2021-06-25,citizens,explicit blame shifting,"sich impfen zu lassen im eigenen Interesse, um sich selbst zu schützen. Aber es dient auch dem Gemeinwohl. Es ist im Interesse von uns allen, wenn sich möglichst viele für eine Impfung entscheiden. Denn wer nicht geimpft ist, wird sich unweigerlich früher oder später infizieren. Impfung oder Infektion, das ist die Wahl für jeden Einzelnen. Und das ist die Wahl auch für uns als Gesellschaft.",de
seg_00684,train,DE,2021-06-25,,credit claiming,"Der Abgeordnete Spahn hat, ich weiß gar nicht, vor acht oder zehn Jahren schon mal Vorschläge vorgelegt, wie mit besserer regulatorischer Rahmen für 24 Stunden Kräfte gefunden werden könnte.",de
seg_00685,train,DE,2021-06-25,,credit claiming,"Und ich finde, den gibt es.",de
seg_00686,train,DE,2021-06-25,experts,implicit blame avoidance,"Vielleicht könnte Herr Professor Wieler, Professor Sander vor allem auch mit Blick auf Genesene und Auffrischimpfungen oder Zweifachimpfungen noch mal auch ergänzen.",de
seg_00687,train,DE,2021-06-25,subnational level,implicit blame avoidance,"Wir sind zum Ersten auch in dieser Woche auf Staatssekretärsebene gab es eine Runde mit den Ländern über die Frage, wie die Infrastruktur nach dem 30. 09. bis dahin ist sie ja im Moment finanziert die Impfzentren auch erhalten werden kann und vor allem, was erhalten werden muss",de
seg_00688,train,DE,2021-06-25,,credit claiming,"Wissen Sie, wir haben von Anfang an eine Impfstrategie gehabt, die vorgesehen hat, die Zweitimpfung innerhalb des vorgesehenen, in der Zulassung vorgesehenen Intervalls.",de
seg_00689,train,DE,2021-06-25,,credit claiming,Also wir werden sie jedenfalls möglich machen können.,de
seg_00690,train,DE,2021-06-25,subnational level,implicit blame avoidance,"Und wir haben diese Frage ja mit den Gesundheitsministerinnen und Ministern der Länder beraten, zu einer gemeinsamen Empfehlung geführt.",de
seg_00691,train,DE,2021-06-25,citizens,explicit blame shifting,nicht fahren bitte wenn man nicht unbedingt dann auch muss.,de
seg_00692,train,DE,2021-06-25,citizens,implicit blame avoidance,"Das Angebot letztes Jahr war: jeder Zurückreisende kann sich testen lassen, egal aus welchem Gebiet und welcher Risikosituation. Und ich kann halt nur ermuntern und dazu auffordern, das auch zu tun",de
seg_00693,train,DE,2021-06-25,citizens,implicit blame avoidance,Die Umfragen zeigen ja tatsächlich in Deutschland Die Impfbereitschaft steigt mit dem Alter.,de
seg_00694,test,DE,2021-06-25,citizens,explicit blame shifting,"Aus vielen nachvollziehbaren Gründen im Zweifel. Aber ich kann eben nur dafür werben, auch bei Jüngeren das Impfangebot eben auch wahrzunehmen, um sich selbst zu schützen, aber eben auch uns alle zu schützen.",de
seg_00695,test,DE,2021-06-25,citizens,implicit blame avoidance,"Also Kurzzusammenfassung Es wäre besser gewesen, wir würden EU einheitlich dort Regeln finden. Wenn nicht, müssen wir weiterhin unsere machen, um uns zu schützen.",de
seg_00696,train,DE,2021-06-25,,credit claiming,"Dass ich immer nur wieder, dafür erst mal immer wieder das Gespräch suche.",de
seg_00697,train,DE,2021-06-25,,credit claiming,"Also es ist und war auf jeden Fall im Blick und trotzdem muss uns ja beschäftigen und beschäftigt auch mich die Frage, wie es dann zu einem solchen Eindruck kommen kann und was wir tun können, um auch ein Angebot zu machen, wo tatsächlich auch klar ist, wir haben das natürlich im Blick und das gilt für mich zum Beispiel auch das Impfangebot",de
seg_00698,train,DE,2021-06-25,citizens,implicit blame avoidance,"Also so erlebe ich nicht Familie, sondern es ist doch irgendwie das aufeinander aufpassen. Und mein Eindruck ist aus den Gesprächen, und auch im Übrigen aus Umfragen, dass die Bereitschaft und der Wille auf die Großeltern und Elterngeneration in dieser Pandemie auch besonders Acht zu geben, weil besonders gefährdet.",de
seg_00699,train,DE,2021-06-25,citizens,implicit blame avoidance,"Ich finde das Allerwichtigste und das ist jedenfalls meine Art, Politik zu machen, seitdem ich Politik mache, einfach auch miteinander im Gespräch zu sein.",de
seg_00700,train,DE,2021-06-25,,credit claiming,"Ich finde das Allerwichtigste und das ist jedenfalls meine Art, Politik zu machen, seitdem ich Politik mache, einfach auch miteinander im Gespräch zu sein.",de
seg_00701,train,DE,2021-06-25,citizens,explicit blame shifting,"Aber es hilft uns ja nichts, wenn wir jetzt so tun, als wäre es weg. Es ist nicht weg. Es ist noch da. Und ich finde, es gehört zur Verantwortung in der Politik dazu, dann die Dinge auch auszusprechen und eben zu sagen miteinander, es liegt an uns Leute, ob wir das Erreichte sichern, ob Herbst und Winter eine Zeit werden, wo wir die Dinge besser unter Kontrolle haben oder eben nicht. Und da finde ich solche Kategorien, wie Sie sie eingangs genannt haben, nicht hilfreich für eine gute Diskussion.",de
seg_00702,train,DE,2021-06-25,citizens,explicit blame shifting,"Hat dann eigentlich derjenige, der sich nicht impfen lässt, einen Anspruch darauf, dass alle anderen im Raum, die geimpft sind, wegen ihm die Maske tragen oder wegen ihr? Ich finde nein.",de
seg_00703,train,DE,2021-06-25,subnational level,implicit blame avoidance,"Ich kann es jedenfalls nur begrüßen, dass die Kolleginnen und Kollegen, Schulministerinnen und -minister aus den Ländern ja gesagt haben.",de
seg_00704,test,DE,2021-06-25,subnational level,implicit blame avoidance,"Also ja, und das machen die Länder ja auch werden die Maßnahmen entsprechend angepasst, aber nicht auf Null.",de
seg_00705,train,DE,2021-06-25,subnational level,implicit blame avoidance,"Und die Länder weisen zu Recht darauf hin, dass das ihre originäre Zuständigkeit ist",de
seg_00706,train,DE,2021-06-25,citizens,implicit blame avoidance,"Es ist eine individuelle Entscheidung von Kindern, Jugendlichen, ihren Eltern und dem impfenden Arzt. Und diese individuelle Entscheidung werden sicherlich jetzt im Lichte der Entwicklungen rund um Delta der Erfahrung Israel in Schulen sicherlich viele dann für sich auch einfach abwägen.",de
seg_00707,train,DE,2021-06-25,experts,implicit blame avoidance,"Also mein Eindruck ist, dass wir jetzt langsam in die Phase kommen, die Herr Professor Sander, Herr Professor Wieler angesprochen haben",de
seg_00708,train,DE,2021-06-25,citizens,implicit blame avoidance,"Jetzt geht es darum, diejenigen zu erreichen, die vielleicht überlegen, die zögern, die es immer aufschieben, die nie einen Arzttermin nehmen, die man in der Universität gut erreichen kann, im Betrieb, im Stadtteil, in der Moschee, neben der Kirche, auf dem Marktplatz. Und das wird jetzt stärker stattfinden und stattfinden müssen.",de
seg_00709,train,DE,2021-10-06,citizens,explicit blame shifting,"wir weiterhin ist eben miteinander in der Hand haben, vor allem durch AHA Regeln, Schutzmasken, gerade auch in den Bereichen öffentlichen Nahverkehr, Einzelhandel, wo man den anderen nicht kennt und Impfstatus durch 3G, geimpft, genesen und getestet.",de
seg_00710,train,DE,2021-10-06,,credit claiming,"das hat offenkundig einen Unterschied gemacht mit der Einführung Ende August und vor allem im Impfen, impfen, impfen einen entscheidenden Unterschied weitermachen können auch für Herbst und Winter.",de
seg_00711,train,DE,2021-10-06,,credit claiming,"Wir haben jetzt 108 Millionen Corona Impfungen in Deutschland fast 4 von 5 Erwachsenen sind geimpft, das ist eine gute Quote",de
seg_00712,train,DE,2021-10-06,citizens,explicit blame shifting,"Es reicht noch nicht für einen ganz sicheren Herbst und Winter,",de
seg_00713,train,DE,2021-10-06,citizens,implicit blame avoidance,"Ich bin erst mal dankbar für die Bürgerinnen und Bürger, die sich für eine Impfung entschieden haben, und wir haben mittlerweile auch über 40% der 12- bis 17-Jährigen, die mindestens einmal bereits geimpft sind und wir sehen in allen Lebensbereichen, welchen entscheidenden Unterschied hier das Impfen macht.",de
seg_00714,train,DE,2021-10-06,experts,implicit blame avoidance,Herr Professor Mertens wird auf die Empfehlungen der Ständigen Impfkommission auch für die Grippe eingehen,de
seg_00715,train,DE,2021-10-06,citizens,explicit blame shifting,"bitte lassen Sie sich gegen Grippe impfen, das ist kein harmloses Fieber, sondern es kann insbesondere auch bei Vorerkrankte und bei Älteren einen sehr schweren, teilweise auch tödlichen Verlauf nehmen.",de
seg_00716,train,DE,2021-10-06,,credit claiming,"Wichtig ist, genug Grippeimpfstoff ist vorhanden. Wie im vergangenen Jahr hat der Bund rechtzeitig, diesmal noch frühzeitiger, zusätzlichen Grippeimpfstoff besorgt. Das haben wir ja letztes Jahr erstmalig gemacht, dass der Bund zusätzlich zu den Bestellungen der Ärztinnen und Ärzte und der Apotheke auch Impfstoff bestellt hat, sogar mehr noch mal für diese Grippesaison als für 2020.",de
seg_00717,train,DE,2021-10-06,citizens,implicit blame avoidance,Also es haben sich in der vor der letzten Herbst Winter Grippesaison so viele Deutsche gegen Grippe impfen lassen wie noch nie zuvor.,de
seg_00718,train,DE,2021-10-06,citizens,explicit blame shifting,"Wichtig ist, zusätzlichen Schutz geben auch bei der Grippe die AHA Regeln. Das haben wir eben wie gesagt im letzten Winter auch schon gesehen und so gilt jetzt für diesen Winter, wenn wir mehr im Innenraum sein werden, sowohl für Corona wie für Grippe, das eben durch AHA Regeln und vor allem das Tragen medizinischer Schutzmaßnahmen etwa im öffentlichen Nahverkehr wir für beide Infektionskrankheiten einen Unterschied machen.",de
seg_00719,train,DE,2021-10-06,experts,implicit blame avoidance,"das sagt er, die Ständige Impfkommission, wenn jemand im Publikumsverkehr, wie es da heißt, mit häufigen Kontakt mit anderen tätig ist, etwa beruflich, dann macht eine solche Impfung eben auch Sinn, weil das Risiko, andere anzustecken und auch ein Übertragen der zu sein an andere dann eben auch entsprechend höher.",de
seg_00720,train,DE,2021-10-06,experts,implicit blame avoidance,"damit hat sich die Ständige Impfkommission beschäftigt, der Professor Mertens wird sicherlich auch darauf eingehen.",de
seg_00721,train,DE,2021-10-06,citizens,explicit blame shifting,"dass auch eine Grippewelle eine sehr starke Belastung des Gesundheitswesens mit sich bringen kann und dass wir das durch einen einfachen Peak, sozusagen durch eine Grippeimpfung, miteinander vermeiden können, finde ich, ist doch Anlass genug, dafür zu werben.",de
seg_00722,test,DE,2021-10-06,experts,implicit blame avoidance,das Paul Ehrlich Institut hat die allermeisten Chargen schon freigegeben für die Grippeimpfung in diesem Jahr,de
seg_00723,train,DE,2021-10-06,citizens,explicit blame shifting,das eigentlich ne höhere Impfquote viel Leben hätte auch schützen können und viel Leid und Tod vermeiden können das gilt jetzt unabhängig von Corona generell würde ich mir eine höhere Grippeimpfquote in Deutschland gerade bei über 60 jährigen und übrigens auch bei medizinischem Personal wünschen.,de
seg_00724,train,DE,2021-10-06,experts,implicit blame avoidance,"Das eine ist, ob eine Impfung möglich ist nach Zulassung und rechtlich, und das andere ist, ob sie empfohlen ist.",de
seg_00725,train,DE,2021-10-06,experts,implicit blame avoidance,"die Frage, die die Ständige Impfkommission sich Gott sei Dank, eben immer wieder in der Auswertung von Studien anschaut",de
seg_00726,train,DE,2021-10-06,experts,implicit blame avoidance,"insofern der Impfstoff dafür ist in Deutschland da, wenn Arzt und Patient miteinander zu der Feststellung kommen, dass sie eine Auffrischimpfung möglich ist und nötig ist und Sinn macht.",de
seg_00727,train,DE,2021-10-06,citizens,implicit blame avoidance,"insofern der Impfstoff dafür ist in Deutschland da, wenn Arzt und Patient miteinander zu der Feststellung kommen, dass sie eine Auffrischimpfung möglich ist und nötig ist und Sinn macht.",de
seg_00728,train,DE,2021-10-06,,credit claiming,"insofern der Impfstoff dafür ist in Deutschland da, wenn Arzt und Patient miteinander zu der Feststellung kommen, dass sie eine Auffrischimpfung möglich ist und nötig ist und Sinn macht.",de
seg_00729,train,DE,2021-10-06,subnational level,implicit blame avoidance,"als Gesundheitsminister von Bund und Ländern gesagt haben, für über Sechzigjährige machen wir ausdrücklich eine entsprechende Auffrischimpfung möglich.",de
seg_00730,test,DE,2021-10-06,experts,implicit blame avoidance,"Im Übrigen gibt es im Wochenbericht des Robert Koch Instituts jeden Donnerstag, wie ich finde, einen guten Überblick über Ausbrüche in Gemeinschaftseinrichtungen, Kitas und Schulen ebenso wie Pflegeeinrichtungen.",de
seg_00731,test,DE,2021-10-06,citizens,implicit blame avoidance,"Aber eben diejenigen, die dann sagen, OK, auf Arbeit sind jetzt alle geimpft, deswegen will ich jetzt auch eigentlich gerne, weil ich merk, dass das irgendwie fürs gemeinsame einen Unterschied macht.",de
seg_00732,test,DE,2021-10-06,citizens,explicit blame shifting,"aber es gibt auch diejenigen, wo wir tatsächlich mit guten Argumenten immer wieder aufs Neue in die Diskussion eingehen müssen",de
seg_00733,train,DE,2021-10-06,citizens,explicit blame shifting,"Bei jedem Besuch auf der Intensivstation, die ich in den letzten Wochen gemacht habe, sowohl in der Uniklinik Essen oder in Mühldorf am Inn im Kreiskrankenhaus nahezu alle COVID-19 Patienten sind nicht geimpft",de
seg_00734,train,DE,2021-10-06,citizens,explicit blame shifting,"Also wenn sich so n Elternabend vorstellen, wo es die einen gibt, die die Masken als Körperverletzung sehen, das sind ja auch die, die nicht selten Mörder, Mörder rufen, wenn Veranstaltungen sind, wo ich diskutiere aus der Wahrnehmung, dass das für ihr Kind so ne Zumutung und auch gesundheitlich wäre für eine Maske zu tragen.",de
seg_00735,train,DE,2021-10-06,citizens,explicit blame shifting,"Und das ist es auch gesellschaftlich. Und das ist ja keine Wahrheitsfrage, das ist eine Frage des Abwägens, eben der individuellen Freiheit des Kindes, der Eltern gegenüber dem Schutz des Nebensitzenden.",de
seg_00736,test,DE,2021-10-06,subnational level,explicit blame shifting,das muss einfach nach den Gegebenheiten vor Ort in den jeweiligen Bundesländern oder teilweise dann auch regional entschieden werden,de
seg_00737,train,DE,2021-10-06,subnational level,implicit blame avoidance,"In jedem Fall werbe ich jedenfalls sehr dafür bei den Ländern und so ist es ja auch vereinbart, dass das regelmäßige Testen auch zwei-dreimal die Woche auch weiterhin erhalten bleibt und einen Unterschied dann macht.",de
seg_00738,train,DE,2021-10-06,subnational level,implicit blame avoidance,"ich muss einfach jetzt einfach mal für Deutschland feststellen, im Nordosten des Landes, wenn ich mir die Impfquoten anschaue in Bremen, aber auch in anderen Bundesländern im Nordosten, sind da Impfquoten, mit denen wir natürlich schon ganz andere Wege gehen könnten insgesamt als Bund, als die Impfquoten, die wir in anderen Bundesländern haben, was aber im Übrigen zeigt, dass die Impfquoten erreichbar sind.",de
seg_00739,train,DE,2021-10-06,subnational level,explicit blame shifting,die wir in anderen Bundesländern haben,de
seg_00740,train,DE,2021-10-06,,credit claiming,"hätten wir so viele Todesfälle in Deutschland wie im Vereinigten Königreich, hätten wir über 200’000 statt 90'000 zu beklagen, und deswegen muss man immer die Gesamtschau machen",de
seg_00741,test,DE,2021-10-06,citizens,implicit blame avoidance,"Gleichzeitig ist aber so machen, dass wir nicht zu schnell gehen und dabei irgendwann wieder umdrehen müssen, weil Ich glaube das wird sehr viel Akzeptanz zu Recht dann Kosten und im Übrigen auch unnötiges Leid verursachen",de
seg_00742,train,DE,2021-10-06,citizens,implicit blame avoidance,"ich sage noch einmal 4 von 5 Erwachsene haben sich bereits für eine Impfung entschieden, das ist schon mal ein wichtiger Unterschied",de
seg_00743,train,DE,2021-10-06,subnational level,implicit blame avoidance,"was zwischen Bund und Ländern miteinander vereinbart war, dass nämlich ab dem 11. Oktober die Bürgertests, also es geht nicht um die Tests, das ist mir noch mal wichtig, die Tests an Orten, wo man sein muss, Schule, Arbeit oder besonders sensiblen Bereichen, Pflegeeinrichtungen, Krankenhäuser bleiben kostenlos. Sondern hier geht es ja um die Testung, die kostenlos angeboten sind als Bürgertests und insbesondere eben auch genutzt werden, um die 3G Regeln bei Restaurants, Veranstaltungen in anderen Bereichen, dann auch umzusetzen und da sind eben die gemeinsame Vereinbarung, dass die ab dem 11. Oktober kostenpflichtig werden, nicht mehr kostenlos sind.",de
seg_00744,train,DE,2021-10-06,citizens,explicit blame shifting,"Aus einer Begründung heraus, dass die kostenlose Impfung jetzt für jeden der gewollt hat auch möglich gewesen ist und dann daraus nicht der Anspruch entstehen kann, dass alle anderen dauerhaft dann in diesen Bereichen und für diese Zwecke den Test mitbezahlen, geht ja nicht um wenig Geld, sondern jeden Monat um viele 100 Millionen €.",de
seg_00745,train,DE,2021-10-06,experts,explicit blame shifting,"Ob eine Impfung dann noch mal Sinn macht, das müssten Herr Professor Mertens wahrscheinlich sagen",de
seg_00746,train,DE,2021-10-06,,credit claiming,"Was die Frage angeht, von COVID-19 Medikamenten haben wir etwa monoklonale Antikörper und Remdisivier immer dann auch frühzeitig für die Bundesrepublik Deutschland und die Patientinnen Patienten in Deutschland gesichert",de
seg_00747,train,DE,2021-11-03,citizens,explicit blame shifting,"das Auslaufen der epidemischen Lage als rechtlicher Zustand ist zu vielen als Zeichen missverstanden worden, die Pandemie wäre vorbei",de
seg_00748,train,DE,2021-11-03,citizens,explicit blame shifting,"es braucht eben vor allem auch die Eigenverantwortung, die Vorsicht jedes Einzelnen, denn jeder von uns hat ja die Instrumente, die es braucht, sozusagen für sich auch in der Hand, um den entscheidenden Unterschied zu machen, Impfen, testen, AHA regeln, Schutzmasken tragen, insbesondere im öffentlichen Raum, im öffentlichen Nahverkehr im Einzelhandel, all das sind auch weiterhin die Wege, um den entscheidenden Unterschied jetzt zu machen.",de
seg_00749,train,DE,2021-11-03,citizens,explicit blame shifting,"Wir erleben gerade vor allem eine Pandemie der Ungeimpften, und die ist massiv, die Infektionszahlen steigen, die Zahl der Corona Toten mit ihnen und auch vor allem die Zahl der intensivpflichtigen Patientinnen und Patienten in einigen Regionen in Deutschland, im übrigen Regionen,",de
seg_00750,train,DE,2021-11-03,subnational level,implicit blame avoidance,in einigen Regionen in Deutschland werden die Intensivbetten wieder knapp über Verlegungen in andere Regionen wird nachgedacht. Sie werden konkret geplant.,de
seg_00751,train,DE,2021-11-03,citizens,explicit blame shifting,"Zur Wahrheit gehört im Übrigen auch, auf den Intensivstationen würden deutlich weniger covid 19 Patienten liegen und behandelt werden müssten, wenn alle, die es könnten, sich auch impfen lassen würden. Ich verstehe daher den Frust vieler Pflegekräfte sehr, sehr gut, die sich eben angesichts dieser Belastung, die sie in ihrem Alltag dadurch haben, schon die Frage stellen, warum denn nicht mehr sich impfen lassen, das weiß ich aus vielen Gesprächen. Die Herausforderung ist, das zeigt ja auch eine von uns veröffentlichte Forsa Umfrage, dass diejenigen, die sich bisher nicht impfen haben lassen, es jedenfalls in der übergroßen Zahl auch nicht tun wollen, kaum zu überzeugen sind.",de
seg_00752,test,DE,2021-11-03,subnational level,implicit blame avoidance,"dafür braucht es aus meiner Sicht 3 Punkte. Von denen ich mir auch wünsche, dass Bund und Länder sie gemeinsam mit Nachdruck unterstützen.",de
seg_00753,test,DE,2021-11-03,citizens,explicit blame shifting,"Und zum Dritten geht es um viele, viele Auffrischimpfungen.",de
seg_00754,train,DE,2021-11-03,subnational level,explicit blame shifting,"Darum möchte ich ausdrücklich werben und dazu gehört zum zweiten auch 2G in Regionen als weitere Stufe, die eben eine besondere Belastung haben bzw wo eine besondere Belastung droht.",de
seg_00755,train,DE,2021-11-03,subnational level,explicit blame shifting,"Ich will darauf hinweisen, dass wir das seitens des Bundesministeriums für Gesundheit wie auch das Robert Koch Institut bereits im August gefordert haben diese Option 2G in solchen Regionen mit in auch die Beschlüsse aufzunehmen und vorzusehen, das ist damals nicht erfolgt.",de
seg_00756,test,DE,2021-11-03,experts,implicit blame avoidance,"Ich will darauf hinweisen, dass wir das seitens des Bundesministeriums für Gesundheit wie auch das Robert Koch Institut bereits im August gefordert haben diese Option 2G in solchen Regionen mit in auch die Beschlüsse aufzunehmen und vorzusehen, das ist damals nicht erfolgt.",de
seg_00757,test,DE,2021-11-03,,credit claiming,"Ich will darauf hinweisen, dass wir das seitens des Bundesministeriums für Gesundheit wie auch das Robert Koch Institut bereits im August gefordert haben diese Option 2G in solchen Regionen mit in auch die Beschlüsse aufzunehmen und vorzusehen, das ist damals nicht erfolgt.",de
seg_00758,train,DE,2021-11-03,subnational level,implicit blame avoidance,da bin ich auch dem sächsischen Ministerpräsidenten sehr dankbar für die Klarheit an dieser Stelle,de
seg_00759,test,DE,2021-11-03,subnational level,explicit blame shifting,"Wir sehen ja, dass das eben dann in bestimmten Regionen auch notwendig ist, um einen Unterschied zu machen. Das hat im Übrigen nichts mit Impfmobbing zu tun, sondern es geht darum und das sehen wir etwa in Sachsen und Thüringen eine Überlastung des Gesundheitswesens zu vermeiden, das ist der entscheidende Punkt.",de
seg_00760,test,DE,2021-11-03,subnational level,explicit blame shifting,"Zweitens zu den Testkonzepten, die jüngsten Todesnachrichten aus einer Seniorenresidenz in Brandenburg, aber auch aus anderen, haben uns erneut vor Augen geführt, wie wichtig dort weiterhin verpflichtende Testkonzepte sind.",de
seg_00761,train,DE,2021-11-03,citizens,explicit blame shifting,"ist es eben sehr wichtig, dass diejenigen, die ein und ausgehen, das ist das Personal, und das sind die Besucherinnen und Besucher, nicht das Virus selbst, wenn sie geimpft sein sollten, in die Einrichtung hineintragen.",de
seg_00762,train,DE,2021-11-03,subnational level,implicit blame avoidance,"Ich werde sehr dafür werben, bei der Gesundheitsministerkonferenz morgen und übermorgen bei den Kolleginnen und Kollegen, dass wir diese verpflichtenden Testungen, die einige Länder schon haben, aber eben und nicht alle auch in ganz Deutschland haben.",de
seg_00763,train,DE,2021-11-03,subnational level,explicit blame shifting,"Ich werde sehr dafür werben, bei der Gesundheitsministerkonferenz morgen und übermorgen bei den Kolleginnen und Kollegen, dass wir diese verpflichtenden Testungen, die einige Länder schon haben, aber eben und nicht alle auch in ganz Deutschland haben.",de
seg_00764,train,DE,2021-11-03,subnational level,implicit blame avoidance,"Die ersten Beschlüsse zur Auffrischimpfung von Bund und Ländern denn der Gesundheitsministerkonferenz gab es Anfang August, es ist 3 Monate her. Wir haben Anfang August miteinander vereinbart, dass in einem ersten Schritt alle Bewohnerinnen und Bewohner in den Pflegeeinrichtungen das Personal ein drittes Mal ein Impfangebot bekommen sollen und wenige Zeit danach miteinander vereinbart, vorsorglich allen über 60 Jährigen in Deutschland ein entsprechendes Impfangebot zu machen",de
seg_00765,train,DE,2021-11-03,subnational level,explicit blame shifting,"Und in diesen 3 Monaten hat es bis heute nur gut 2 Millionen Auffrischimpfungen in Deutschland gegeben. Das ist zu wenig, das ist deutlich zu wenig, das möchte ich auch klipp und klar sagen. Das Tempo beim Boostern reicht nicht. Und deswegen muss man auch sagen, alle Pflegeheime sollten nach diesen 3 Monaten eigentlich schon ein drittes Mal eben auch aufgesucht worden sein durch mobile Teams, um eine Auffrischimpfung anzubieten.",de
seg_00766,test,DE,2021-11-03,citizens,explicit blame shifting,"in diesen 3 Monaten hat es bis heute nur gut 2 Millionen Auffrischimpfungen in Deutschland gegeben. Das ist zu wenig, das ist deutlich zu wenig, das möchte ich auch klipp und klar sagen. Das Tempo beim Boostern reicht nicht.",de
seg_00767,train,DE,2021-11-03,subnational level,explicit blame shifting,"In vielen Ländern ist das passiert, aber noch nicht in allen.",de
seg_00768,train,DE,2021-11-03,subnational level,implicit blame avoidance,"Es gibt zudem Länder wie Nordrhein-Westfalen oder Berlin, die schreiben auch alle Älteren an, um sie aktiv wie bei der Erstimpfung einzuladen und zu informieren über die dritte Impfung, dass die Sinn macht, man sie doch bitte in Anspruch nimmt.",de
seg_00769,train,DE,2021-11-03,subnational level,explicit blame shifting,"Ich wäre sehr dafür, dass es diese schriftliche Information in allen Bundesländern für diejenigen Altersgruppen gibt, für die es besonderen Sinn macht.",de
seg_00770,train,DE,2021-11-03,experts,implicit blame avoidance,"Zudem möchte ich morgen in einer Gesprächsrunde mit Vertreterinnen und Vertretern von allen Ärzteverbänden auch das noch mal miteinander diskutieren, ein gemeinsames Schreiben auch an die Ärzteschaft machen, denn zu viele Impfwillige finden aktuell kein Arzt, der sie impft, das ist das, was uns täglich berichtet wird, auch dort, finde ich, müssen wir gemeinsam mit der Ärzteschaft zu einem Auflösen kommen",de
seg_00771,test,DE,2021-11-03,subnational level,explicit blame shifting,"deshalb möchte ich auch gerne, dass die Länder ihre öffentlichen Impfangebote wieder auf und ausbauen, das müssen nicht die zentralen großen Impfzentren sein. Es können auch natürlich dezentralere kleinere Anlaufstellen sein.",de
seg_00772,train,DE,2021-11-03,subnational level,implicit blame avoidance,"am 28. Juni haben wir in der Gesundheitsministerkonferenz miteinander vereinbart, Punkt 2a in dem Beschluss, dass eben diese öffentlichen Angebote in den Standby Betrieb gehen und bei Bedarf zügig wieder hochgefahren werden können und diesen Bedarf sehen wir eben aktuell, wenn es um die Auffrischimpfung geht.",de
seg_00773,train,DE,2021-11-03,subnational level,implicit blame avoidance,Boostern tatsächlich einen echten Unterschied macht in ganz vielen Aspekten und deswegen möchte ich eben auch mit den Kolleginnen und Kollegen in Ländern darüber reden,de
seg_00774,train,DE,2021-11-03,experts,explicit blame shifting,"es gibt eine ausdrückliche Empfehlung durch die Ständige Impfkommission und für alle anderen ist es aber möglich, weil die Zulassung auch da ist",de
seg_00775,train,DE,2021-11-03,subnational level,implicit blame avoidance,"ber diesen, wenn sie so wollen, 3 Punkte-Plan, sprechen wir auf der Gesundheitsministerkonferenz morgen und übermorgen. Trotzdem halte ich es für wichtig, dass neben den Gesundheitsministerinnen und Gesundheitsministern wir auch politisch und in der Sache die Ministerpräsidentinnen und Ministerpräsidenten mit ins Boot nehmen.",de
seg_00776,train,DE,2021-11-03,experts,explicit blame shifting,also empfohlen ist durch die Ständige Impfkommission auf der Basis von Daten.,de
seg_00777,test,DE,2021-11-03,experts,explicit blame shifting,"Ich will Ihnen mal sagen, die Zulassung für die Kinderimpfung für die 12 bis 17 jährigen Kinder, Jugendliche kam am 31. Mai diesen Jahres, die entsprechende Empfehlung der Ständigen Impfkommission kam am 16. August.",de
seg_00778,train,DE,2021-11-03,experts,implicit blame avoidance,"Also wir konnten schon deutlich früher Menschen schützen und deswegen ist zum einen natürlich das Auswerten der Daten und dafür bin ich auch dankbar und die Arbeit der Ständigen Impfkommission sehr, sehr wichtig.",de
seg_00779,train,DE,2021-11-03,,credit claiming,"Und so haben wir es bei den Kindern und Jugendlichen gemacht und ich möchte sagen, im Rückblick mit viel Erfolg.",de
seg_00780,train,DE,2021-11-03,experts,explicit blame shifting,"Und so sehe ich das jetzt hier auch, wo wir die Empfehlung der Ständigen Impfkommission haben, die auch gut und wichtig ist, wo wir schon im August den Hinweis der Gesundheitsministerkonferenz haben den Beschluss, allen über Sechzigjährigen ein entsprechendes Angebot zu machen und wo wir mittlerweile eine Zulassung sogar ausdrücklich haben für eine entsprechende Boosterimpfung durch die Europäische Arzneimittelbehörde für BioNtech und Moderna.",de
seg_00781,train,DE,2021-11-03,subnational level,implicit blame avoidance,"und deswegen werde ich eben auch mit der Ärzteschaft und mit den Ländern darüber noch mal reden, wie wir da, das ist wichtig, möglichst einheitlich, denn das ist natürlich im Moment etwas verwirrend für denjenigen, der gerade die Meldung und Pressekonferenzen sich anschaut, möglichst einheitlich da im Vorgehen sind.",de
seg_00782,train,DE,2021-11-03,experts,implicit blame avoidance,"und deswegen werde ich eben auch mit der Ärzteschaft und mit den Ländern darüber noch mal reden, wie wir da, das ist wichtig, möglichst einheitlich, denn das ist natürlich im Moment etwas verwirrend für denjenigen, der gerade die Meldung und Pressekonferenzen sich anschaut, möglichst einheitlich da im Vorgehen sind.",de
seg_00783,train,DE,2021-11-03,subnational level,implicit blame avoidance,"Wir haben Anfang August vor 3 Monaten zwischen Bund und Ländern vereinbart, dass in allen Pflegeeinrichtungen es wieder mit mobilen Teams strukturierte Angebote gibt",de
seg_00784,test,DE,2021-11-03,subnational level,implicit blame avoidance,"Es gibt einige Bundesländer, in denen ist das vollständig passiert,",de
seg_00785,train,DE,2021-11-03,subnational level,explicit blame shifting,es gibt einige wo es nach 3 Monaten noch Bedarf gibt.,de
seg_00786,train,DE,2021-11-03,subnational level,explicit blame shifting,"Gerade mit dem auch, was sich in Diskussionsveranstaltungen in den Regionen selbst erlebt habe, die sehr geringe Impfquoten haben und das sind auch die Regionen, wo auch beim Pflegepersonal die Impfquote geringer ist. Sie",de
seg_00787,train,DE,2021-11-03,subnational level,implicit blame avoidance,"Na, eine Ministerpräsidentenkonferenz, ein Bund-, Ländergespräch auf höchster politischer Ebene verleiht erstens einmal auch der Situation, in der wir sind und die besondere Vorsicht, die es erfordert, Nachdruck, Aufmerksamkeit. Ich find das ist für sich schon ein ganz wichtiger Punkt.",de
seg_00788,test,DE,2021-11-03,subnational level,explicit blame shifting,"Gibt es schon wieder sehr unterschiedliche Vorgehensweisen und ich bleib dabei, Akzeptanz entsteht, Nachvollziehbarkeit entsteht, wenn wir auch zumindest einen einheitlichen Rahmen haben.",de
seg_00789,train,DE,2021-11-03,subnational level,explicit blame shifting,Natürlich ist die Lage in Schleswig-Holstein mit einer Inzidenz von gut 70 eine andere als in Sachsen oder Thüringen,de
seg_00790,train,DE,2021-11-03,subnational level,implicit blame avoidance,"in einer Zeit des auch politischen Übergangs von einer geschäftsführenden Regierung auf eine Regierung, die sich noch bildet in einer Pandemie, die glaub ich mehr als jede andere Frage zuvor. Auch das Bund Länder Zusammenspiel herausfordert.",de
seg_00791,train,DE,2021-11-03,subnational level,implicit blame avoidance,Es geht seit Beginn der Bund Länder Gespräche in dieser Pandemie auch um ein gemeinsames Verständnis zur Lage und zum weiteren Vorgehen,de
seg_00792,train,DE,2021-11-03,subnational level,implicit blame avoidance,"Und gerade die Frage von Krankenhausfinanzierung ist auch ein Thema von Bund-, Ländergesprächen.",de
seg_00793,train,DE,2021-11-03,subnational level,implicit blame avoidance,es geht doch hier um kohärentes Handeln in der föderalen Republik in der schwersten Krise dieses Landes und vor allem jetzt eben auch um ein gemeinsames Handeln und agieren in dieser vierten Welle.,de
seg_00794,test,DE,2021-11-03,subnational level,implicit blame avoidance,"Gleichzeitig wird man eben miteinander schauen müssen, jetzt auch im weiteren Verfahren, auch im Gespräch mit den Ländern, ob die Regelungen so ausreichen für die Maßnahmen, die notwendig sein können.",de
seg_00795,train,DE,2021-11-03,citizens,explicit blame shifting,"Und dafür sind eben erst mal unsere individuellen Verhaltensweisen, wie wir jeden Tag jetzt umgehen damit entscheidend, macht den entscheidenden Unterschied. Und das fängt eben an bei AHA Regeln, bei Schutzmasken in bestimmten Bereichen, das geht auch bei Impfen, das macht einen wichtigen Unterschied.",de
seg_00796,train,DE,2021-11-03,,credit claiming,wir haben auch schon bei BioNtech uns Mengen gesichert für den Fall einer Zulassung,de
seg_00797,train,DE,2021-11-03,experts,implicit blame avoidance,"Es wird eine Zulassung wahrscheinlich geben und dann wird es wieder eine Zeit dauern, bis es eine Empfehlung der Ständigen Impfkommission gibt. Dieses zeitliche Gap zwischen dem, was wir verfügbar haben als Schutzinstrument in der Pandemie und der Frage, ob es eine entsprechende Empfehlung ist, wird sich auch dort zeigen.",de
seg_00798,train,DE,2021-11-03,experts,explicit blame shifting,"was Long Covid in neue Erkenntnisse angeht, weiß ich nicht, ob Sie da ergänzen können?",de
seg_00799,test,DE,2021-11-03,subnational level,implicit blame avoidance,"Da will ich nur sagen, wir haben Bundesländer, in denen 60% der 12- bis 17-jährigen geimpft sind.",de
seg_00800,train,DE,2021-11-03,subnational level,explicit blame shifting,"Da will ich nur sagen, wir haben Bundesländer, in denen 60% der 12- bis 17-jährigen geimpft sind. Wir haben Bundesländer, da sind es 20 bis 30%.",de
seg_00801,train,DE,2021-11-03,experts,implicit blame avoidance,"Ich werde morgen mit allen Ärzteverbänden ein Gespräch führen, genau über die Situation, also es geht auch ganz praktische Themen, es gibt Themen, wo die Frage ist, wie weit im Voraus kann man welche Dosen bestellen, es gibt das Thema, was ist wenn ich 3 oder 4 nur zu impfende habe, aber dann eine Sechser while anbrechen muss, bis hinzu der Grundsatzfrage die sie angesprochen haben und dazu werden wir uns morgen austauschen und idealerweise auch verständigen, aber ansonsten bin ich natürlich auch im regelmäßigen informellen Austausch mit Vertreterinnen und Vertretern der Ärzteschaft schon seit 18 Monaten.",de
seg_00802,train,DE,2021-11-03,,credit claiming,ansonsten bin ich natürlich auch im regelmäßigen informellen Austausch mit Vertreterinnen und Vertretern der Ärzteschaft schon seit 18 Monaten.,de
seg_00803,train,DE,2021-11-03,experts,implicit blame avoidance,"die Ständige Impfkommission gibt Empfehlungen. Und nach diesen Empfehlungen ist es eben besonders angezeigt, ist empfohlen für bestimmte Gruppen nach medizinischer Datenlage in der Pandemie.",de
seg_00804,test,DE,2021-11-26,citizens,explicit blame shifting,"Die Lage ist dramatisch ernst, zu ernst wie noch zu keinem Zeitpunkt in dieser Pandemie. Und wir sitzen hier jede Woche und weisen auf den Ernst der Lage hin. Aber zu wenig passiert, zu oft zu spät, vorletzte Woche haben wir gesagt, es ist 5 nach 12. Letzte Woche haben wir gesagt, es ist 10 nach 12. Es ist mittlerweile 12:30 Uhr, aber der Weckruf ist noch immer nicht überall angekommen.",de
seg_00805,train,DE,2021-11-26,subnational level,explicit blame shifting,"So viele auch in politischer Verantwortung oder in künftiger Verantwortung scheinen zu denken, wird schon irgendwie gut gehen. Wird es aber nicht. Jedenfalls nicht von alleine. Denn es fängt ja erst an, wer glaubt, dass diese Welle nur durch Baden-Württemberg, Bayern, Thüringen und Sachsen geht und den Rest Deutschlands verschont, der irrt.",de
seg_00806,train,DE,2021-11-26,citizens,explicit blame shifting,"wer glaubt, dass diese Welle nur durch Baden-Württemberg, Bayern, Thüringen und Sachsen geht und den Rest Deutschlands verschont, der irrt",de
seg_00807,train,DE,2021-11-26,citizens,explicit blame shifting,"Das haben wir in der Hand, da kann man einen Unterschied machen. Einen entscheidenden Unterschied wird die jeweilige Impfquote auch machen, das Testen macht einen Unterschied. Aber für unsere momentane schwierige, ernste Lage macht ganz kurzfristig nur eines den entscheidenden Unterschied. Die Zahl der Kontakte muss runter, deutlich runter, es nützt alles nichts.",de
seg_00808,train,DE,2021-11-26,subnational level,explicit blame shifting,"Das heißt, es braucht deutlich mehr Kontaktbeschränkung, das heißt konsequentes 2G plus, wie wir es übrigens seit über 3 Wochen fordern. Das heißt, mindestens das Absagen von Großveranstaltungen und feiern. Es braucht bundesweit mehr Kontaktbeschränkung.",de
seg_00809,train,DE,2021-11-26,subnational level,explicit blame shifting,"Das Beste wäre die MPK. Die Ministerpräsidentenkonferenz tagt schon in den nächsten Tagen und entscheidet, was zu entscheiden ist. Die letzte bei 3 Wochen zu spät, das sollte nicht wieder passieren.",de
seg_00810,train,DE,2021-11-26,subnational level,implicit blame avoidance,Die Betten werden ja auch im Rest Deutschland knapper werden. Das war übrigens auf Konsens gestern bei der Konferenz mit meinen Kolleginnen und Kollegen aus den Ländern.,de
seg_00811,train,DE,2021-11-26,subnational level,explicit blame shifting,"Der Tanker, der auf die Kaimauer Zufährt, den Professor Wieler vergangene Woche beschrieben hat, der wurde bisher nicht gebremst. Im Gegenteil, er wird immer schneller. Er fährt mit voller Fahrt. Und je länger wir das jetzt laufen lassen, desto drastischer werden am Ende die notwendigen Maßnahmen sein müssen",de
seg_00812,train,DE,2021-11-26,citizens,implicit blame avoidance,"Die Impfkampagne zieht wieder an. Erstmals haben wir wieder über hunderttausend Erstimpfungen sogar in den letzten 2 Tagen, in den letzten 3 Tagen zusammen über Dreihunderttausend Impfungen sind immer in fast 0,4% der Bevölkerung. In dieser Woche gab es auch bereits schon 2 Millionen Auffrischimpfungen alleine gestern wieder über Sechshunderttausend.",de
seg_00813,train,DE,2021-11-26,,credit claiming,"Die Impfkampagne zieht wieder an. Erstmals haben wir wieder über hunderttausend Erstimpfungen sogar in den letzten 2 Tagen, in den letzten 3 Tagen zusammen über Dreihunderttausend Impfungen sind immer in fast 0,4% der Bevölkerung. In dieser Woche gab es auch bereits schon 2 Millionen Auffrischimpfungen alleine gestern wieder über Sechshunderttausend.",de
seg_00814,train,DE,2021-11-26,subnational level,implicit blame avoidance,"Vor allem aber möchte ich abschließend allen Ärztinnen und Ärzten, allen Helferinnen und Helfern, allen Verantwortlichen in den Ländern, in den Impfzentren und vor Ort dafür danken, dass sie wieder Schwung in die Impfkampagne gebracht haben.",de
seg_00815,train,DE,2021-11-26,experts,implicit blame avoidance,"das haben wir übrigens bis heute durchgängig auf hohem Niveau, auch in Deutschland, seitdem wir angefangen haben, vor über einem Jahr das zu verstärken",de
seg_00816,test,DE,2021-11-26,,credit claiming,"das haben wir übrigens bis heute durchgängig auf hohem Niveau, auch in Deutschland, seitdem wir angefangen haben, vor über einem Jahr das zu verstärken",de
seg_00817,train,DE,2021-11-26,,credit claiming,"wo wir können, werden wir auch wie bisher Südafrika unterstützen.",de
seg_00818,train,DE,2021-11-26,citizens,explicit blame shifting,"Ich kann diese Personen, die eingereist sind, noch bevor die Maßnahmen in Kraft treten, nur darum bitten, dazu auffordern zu Hause zu bleiben, einen Test vorzunehmen sich selbst zu beobachten",de
seg_00819,train,DE,2021-11-26,citizens,explicit blame shifting,"es ist eben ein aktives darum werben bitten auffordern dass alle nicht nur die die heute morgen gelandet sind auch die die vor 3 Tagen 5 Tagen oder 10 Tagen oder meinetwegen auch 20 Tagen aus Südafrika und der Region in Deutschland angekommen, sind im Zweifel einen Test machen, und zwar ein PCR Test idealerweise.",de
seg_00820,train,DE,2021-11-26,citizens,explicit blame shifting,"das eine ist ja ne rechtliche Wirkung, ne binde Wirkung und das andere ist aus unserer Sicht eben eine Aufforderung die auch dringend notwendig ist.",de
seg_00821,train,DE,2021-11-26,subnational level,explicit blame shifting,"Und ich sehe, dass er hier allein zwischen 2 Bundesländern sozusagen, die hier gerade beieinander sind, Berlin und das Nachbarland, die einen haben Weihnachtsmärkte abgesagt, die anderen nicht",de
seg_00822,test,DE,2021-11-26,subnational level,explicit blame shifting,mindestens mal regional ja auch ein Weitestgehendes Zurückfahren des öffentlichen Lebens.,de
seg_00823,test,DE,2021-11-26,citizens,explicit blame shifting,"es ist ja immer ne Frage von anderen, dass wir alle anfangen, wenn die Zahlen steigen, wenn die Intensivstationen voller werden, wenn die Berichte kommen über das, was los ist im Land, dass viele Bürgerinnen und Bürger von sich aus Verhalten verändern im Alltag, das haben wir jetzt dreimal gesehen. Und das hat auch dreimal mit dem entscheidenden Unterschied gemacht neben den staatlichen Maßnahmen. Und das ist das, was wir diesmal so nicht sehen bisher,",de
seg_00824,train,DE,2021-11-26,subnational level,implicit blame avoidance,"ich bin ja öfter gefragt worden, warum ist die Ministerpräsidentenkonferenz so wichtig, das eine sind die Entscheidungen, die getroffen werden, das andere ist einfach das eindeutig klare Signal aller Verantwortlichen, aller Regierenden in Bund und Ländern, es ist ernst, Leute.",de
seg_00825,train,DE,2021-11-26,citizens,explicit blame shifting,"Also ich, wir haben alle unseren Teil dabei, aber ich will nur sagen es hat einfach n Grund warum trotz der Impfquote die Dinge dann sich doch etwas anders entwickelt haben, als man hat vorhergesehen, was vor allem eben auch mit Kontaktverhalten zu tun hat.",de
seg_00826,train,DE,2021-11-26,,credit claiming,"all das haben wir nicht nur wie sie sagen auf dem Schirm sondern adressieren wir natürlich auch im Gespräch mit den Behandelnden mit den Verantwortlichen im Gesundheitssystem wo wir haben Budgets vorgenommen, Behandlungen leichter möglich gemacht, digitale Angebote gefördert wo wir eben können um das auch entsprechend zu unterstützen",de
seg_00827,train,DE,2021-11-26,subnational level,implicit blame avoidance,"Also zuerst einmal ich äußere mich jetzt nicht zu der Situation, sozusagen zu den Maßnahmen in einzelnen Bundesländern, und wenn, dann bespreche ich es zuerst mit den Verantwortlichen vor Ort. Ich habe da eine etwas andere Herangehensweise, ich finde, in Stresszeiten besprechen wir konkrete Fragen miteinander und nicht übereinander.",de
seg_00828,train,DE,2021-11-26,,credit claiming,"Ich habe seit Juli, wie andere auch über das Thema Auffrischimpfung gesprochen, wir haben im August Beschlüsse gefasst, alle Pflegebedürftigen und Vorerkranken und Höchstbetagten auf frisch zu impfen.",de
seg_00829,train,DE,2021-11-26,experts,explicit blame shifting,"Wir haben Anfang September vereinbart, alle über 60 Jährigen auffrisch zu impfen und das jetzt aktuell dieser Druck da ist in den Praxen, in den Impfzentren, hat auch was damit zu tun dass eben damals sozusagen vor 2 Monaten mit den Beschlüssen die über sechzigjährigen auch frisch zu impfen nicht begonnen worden ist, dann gab es die Debatte STIKO Empfehlung ja-nein,",de
seg_00830,test,DE,2021-11-26,subnational level,explicit blame shifting,"Nun, es ist seit Beginn der Pandemie, so bis auf den Bund die Zeit der Bundesnotbremse, dass die konkreten Maßnahmen auf Basis des Bundesinfektionsschutzgesetzes von den Behörden in den Ländern und Kommunen zu treffen sind. Ich kann keine kontaktbeschränkenden Maßnahmen anordnen, wenn das Ihre Frage war.",de
seg_00831,test,DE,2021-11-26,subnational level,explicit blame shifting,"Ich finde, ich habe gerade schon ziemlich deutlich gesagt, was ich erwarte.",de
seg_00832,train,DE,2021-11-26,,credit claiming,Alles in allem bemühen wir uns um eine bestmögliche Zusammenarbeit,de
seg_00833,train,DE,2021-11-26,subnational level,explicit blame shifting,"das, was kurzfristig notwendig ist, weil ich sage noch einmal, ich meine, das sage ich jetzt auch mal an aller Verantwortlichen in Bund und Ländern, wir haben jetzt eine Woche lang jeden Tag hoch und runter eine Impfpflicht diskutiert.",de
seg_00834,train,DE,2021-11-26,subnational level,explicit blame shifting,"das ist ja unser Appell, tatsächlich massive Einschränkung von Kontakten und regional erforderlich. Daneben auch ne vollständige.",de
seg_00835,train,DE,2021-11-26,citizens,explicit blame shifting,"das ist ja unser Appell, tatsächlich massive Einschränkung von Kontakten und regional erforderlich. Daneben auch ne vollständige.",de
seg_00836,train,DE,2021-11-26,subnational level,explicit blame shifting,"Das Entscheidende ist, dass wir dieses gemeinsame Verständnis endlich entwickeln, ich sag noch einmal, es hat das letzte Mal 3 Wochen gedauert, bis miteinander gesprochen wurde, es sollte nicht noch mal länger dauern, es sollte einfach gesprochen und entschieden werden.",de
seg_00837,train,DE,2021-11-26,subnational level,implicit blame avoidance,"Wir haben Ministerpräsidentenkonferenzen Gesundheitsministerkonferenzen mindestens einmal die Woche, manchmal fünfmal die Woche nach jeweiliger Lage. Wir haben auf Arbeitsebene zwischen den Gesundheitsministerien und den zuständigen Behörden in Bund und Land mehrfach wöchentlich Austausch, Krisenstäbe, also es gibt ziemlich viele Gremien, die braucht es im föderalen Staat auch, um jeden Tag miteinander die Dinge abzustimmen.",de
seg_00838,train,DE,2021-11-26,experts,implicit blame avoidance,"was die wissenschaftliche Beratung und Begleitung und Begleitung angeht, habe ich jetzt aktuell heute morgen an diesem Freitag nicht den Eindruck, dass die Entscheidung, die zu treffen sind, mangels wissenschaftlicher Untermauerung nicht getroffen werden.",de
seg_00839,train,DE,2021-11-26,experts,implicit blame avoidance,"Sie können bei uns auf der Homepage alle die vielen Beratungen, die wir im Sommer und Herbst gemacht haben, mit Expertinnen und Experten nachvollziehen, wir haben natürlich zuvörderst institutionnalisiert die wissenschaftliche Beratung durch das Robert Koch Institut, wenn es auch da n neues Gremium gibt, schadet das ja nicht.",de
seg_00840,train,DE,2021-11-26,experts,implicit blame avoidance,"Das das ist möglich, was, glaube ich und das meine ich jetzt wirklich vorwurfsfrei, sondern es ist ja eine gemeinsame Erfahrung und Lehre. Ich glaub einfach, dass das sehr wichtige Instrument der Ständigen Impfkommission keines ist für Pandemiezeiten",de
seg_00841,train,DE,2021-11-26,experts,implicit blame avoidance,"Also da wird eine unheimlich wichtige Arbeit geleistet, ehrenamtlich übrigens, und dafür bin ich sehr, sehr dankbar, diese wissenschaftliche Expertise und Arbeit gibt es in wenigen anderen Ländern auf der Welt,",de
seg_00842,train,DE,2021-11-26,experts,implicit blame avoidance,"die Frage ist nur, ob sozusagen in einer Pandemie und Gesundheitskrise, dass nicht doch n anderen Mechanismus braucht für Empfehlungen zum Impfen als den herkömmlichen sozusagen, mit dem man ansonsten Impfempfehlungen entwickelt. Und das, das ist zum Beispiel n Punkt, ja, der muss auf jeden Fall aus meiner Sicht einer Prüfung und Veränderung unterzogen werden.",de
seg_00843,test,DE,2021-11-26,experts,implicit blame avoidance,"Und das sage ich in ausdrücklicher Dankbarkeit für die Arbeit der Ständigen Impfkommission. Sie kann ja nichts dafür, dass sozusagen keine andere Struktur in so einer Phase dann darf",de
seg_00844,train,DE,2021-11-26,subnational level,implicit blame avoidance,Die 17 Verantwortlichen Gesundheitsministerin und Gesundheitsminister von Bund und Ländern haben jeweils sowohl bei den Impfungen der 12 bis Siebzehnjährigen wie bei der Auffrischimpfung als zuständige Minister für die öffentliche Gesundheit das vorsorgliche Impfen empfohlen beziehungsweise im Kinder Jugendlichen Fall angeboten und möglich gemacht.,de
seg_00845,train,DE,2021-11-26,subnational level,implicit blame avoidance,"aber wenn die 17 verantwortlichen Gesundheitsminister als Leiter ihrer Gesundheitsbehörden diese Entscheidung treffen, dann ist die aus meiner Sicht auch die, die gelten muss.",de
seg_00846,test,DE,2021-11-26,experts,implicit blame avoidance,"Und das ist aus meiner Sicht, und das sag ich noch einmal, das sag ich vorwurfsfrei, sondern beschreibend, keine gute Situation. Und das ist einer der Punkte, die mit dazu geführt haben, dass wir beim Auffrischimpfen einfach nicht schnell genug waren in einer Zeit im September wobei es hätten noch sein können.",de
seg_00847,train,DE,2021-11-26,,credit claiming,"Also ich sag, ich sag noch einmal, wir liefern Anfang dieser Woche nächste Woche Montag Dienstag sechseinhalb Millionen Dosen Boosterdosen von Moderne aus. Das ist auch die bestellte Größenordnung.",de
seg_00848,test,DE,2021-11-26,,credit claiming,Da sind 18 Millionen ausgelieferte Dosen finde ich schon mal n ziemlich großer Schritt dahin.,de
seg_00849,train,DE,2021-11-26,,credit claiming,Im Nachhinein hat es sich jedenfalls als richtig herausgestellt.,de
seg_00850,train,DE,2021-11-26,experts,implicit blame avoidance,"hinzuschauen, ob die Daten und das machen das BfArM und das Paul Ehrlich Institut jeweils dann auch ne Grundlage haben",de
seg_00851,train,DE,2021-11-26,,credit claiming,"Und dass das natürlich erstmal zu Beginn auch wieder knappe Güter sind. Und deswegen kümmere ich mich ja auch persönlich. Weil solche Dinge klappen dann nur, wenn dann auch auf höchster politischer Ebene die entsprechenden Gespräche mit geführt und begleitet werden.",de
seg_00852,test,DE,2021-12-03,subnational level,implicit blame avoidance,Bund und Länder stemmen sich gemeinsam gegen die vierte Welle.,de
seg_00853,test,DE,2021-12-03,,credit claiming,Unsere Mahnungen haben geholfen.,de
seg_00854,train,DE,2021-12-03,subnational level,implicit blame avoidance,"Diese Entscheidung kam spät, für viele leider zu spät, aber immerhin wurden sie nun getroffen.",de
seg_00855,train,DE,2021-12-03,citizens,explicit blame shifting,"Aber wahr ist und bleibt auch die Inzidenz der Ungeimpften liegt in allen Altersgruppen deutlich höher als die Inzidenz der Geimpften. Die Zahl der ungeimpften covid 19 Patienten auf den Intensivstationen ist auch relativ zu ihrem Anteil an der Bevölkerung um ein Vielfaches höher als die der Geimpften. Wären alle erwachsenen Deutschen geimpft, steckten wir nicht in dieser schwierigen Lage. Das ist einfach die Wahrheit.",de
seg_00856,train,DE,2021-12-03,citizens,implicit blame avoidance,"Wir hätten viel früher diese Konsequenz im Umgang mit ungeimpften Bürgerinnen und Bürgern an den Tag legen müssen. Denn sie treffen Ihre Entscheidung, sich nicht impfen zu lassen, eben nicht nur mit Folgen für sich selbst, sondern in dieser Pandemie immer auch mit Folgen für alle anderen. Das haben die letzten Wochen schmerzhaft gezeigt. Jeder und jede, der die immer noch hadert, sollte wahrnehmen, wie die Lage ist.",de
seg_00857,train,DE,2021-12-03,citizens,explicit blame shifting,"Die enorme Belastung der Ärztinnen und Ärzte, der Pflegekräfte, bleibt also weiter enorm und wächst auch weiter. Das sollten wir, das dürfen wir nicht vergessen. Deswegen meine Bitte an jeden einzelnen: nehmen Sie die Auflagen ernst, befolgen Sie sie auch in ihrem privaten Alltag, Reduzieren Sie Kontakte, soweit es geht, Helfen Sie mit, weiteres Leid zu verhindern.",de
seg_00858,train,DE,2021-12-03,citizens,implicit blame avoidance,"sich selbst dabei zu prüfen im Alltag, und das machen viele, Gott sei Dank ja auch, ob das dieses Treffen, dieser Kontakt jetzt so sein muss.",de
seg_00859,train,DE,2021-12-03,citizens,implicit blame avoidance,"Wir erleben gerade in Deutschland wird die Impfkampagne wieder enorm Anfahrt gewinnt allein in den letzten 2 Tagen wurden 2% der deutschen geboostert, haben ihre Auffrischimpfung erhalten.",de
seg_00860,test,DE,2021-12-03,,credit claiming,"Booster Impfstoff jedenfalls ist genug vorhanden und ab kommender Woche ist eine ausreichende Zahl an Impfdosen auch für das gestern gesteckte Ziel, 30 Millionen Impfungen zu erreichen, quasi schon ausgeliefert an die Impfenden stellen.",de
seg_00861,train,DE,2021-12-03,,credit claiming,"Durch unsere gemeinsame Kraftanstrengung ist es gelungen, in kürzester Zeit die Impfkampagne wieder zum Leben zu erwecken.",de
seg_00862,train,DE,2021-12-03,citizens,explicit blame shifting,"Deswegen machen sie mit, lassen Sie sich impfen, schützen Sie sich und ihre Lieben, so können wir diese vierte Welle brechen.",de
seg_00863,train,DE,2021-12-03,citizens,explicit blame shifting,"Was kann man am besten dagegen tun? Die Infektionszahlen senken. Das Beste, was wir tun können, damit wir ein gutes Lagebild wieder haben können miteinander ist schlicht und ergreifend Infektionszahlen Runterbringen, diese Welle brechen, sodass alle auch in ihrem Alltag im Gesundheitswesen die Dinge, die anstehen, gut bewältigen können, und da kann jeder von uns mithelfen.",de
seg_00864,train,DE,2021-12-03,subnational level,implicit blame avoidance,die Behörden vor Ort ziehen das Personal im Gesundheitsamt zusammen,de
seg_00865,test,DE,2021-12-03,experts,implicit blame avoidance,"Ist ja auch ne Empfehlung des RKI, eine sinnvolle auch bei der Kontaktpersonennachverfolgung vor allem sich auf die Bereiche zu konzentrieren, wo es um vulnerable Personen geht, um Pflegeeinrichtungen zum Beispiel oder um größere Veranstaltungen.",de
seg_00866,test,DE,2021-12-03,subnational level,explicit blame shifting,"Aber das sind eben Größenordnungen, die wir regional haben in Deutschland da geht es vor allem darum, diese Zahlen runterzubringen.",de
seg_00867,train,DE,2021-12-03,subnational level,implicit blame avoidance,"Also zuerst einmal haben wir ja sehr bewusst schon im August, vereinbart zwischen Bund und Ländern, die Auffrischkampagne auch in den Pflegeeinrichtungen zu beginnen.",de
seg_00868,train,DE,2021-12-03,subnational level,implicit blame avoidance,"Viele Länder, leider nicht alle, aber viele haben auch unmittelbar im August begonnen mit mobilen Teams dann wieder in die Einrichtungen auch zu gehen, das Impfangebot zu machen",de
seg_00869,train,DE,2021-12-03,subnational level,explicit blame shifting,"Viele Länder, leider nicht alle, aber viele haben auch unmittelbar im August begonnen mit mobilen Teams dann wieder in die Einrichtungen auch zu gehen, das Impfangebot zu machen",de
seg_00870,train,DE,2021-12-03,citizens,implicit blame avoidance,"viele der dort lebenden Bewohnerinnen und Bewohner haben es auch angenommen, um sich zusätzlich zu schützen, das ist schon mal ein erster sehr wichtiger Punkt.",de
seg_00871,train,DE,2021-12-03,,credit claiming,"Das ist ja neben den Landesverordnungen, die es gegeben hat, mittlerweile auch Bundesgesetzlich geregelt, und das kann ich nur begrüßen.",de
seg_00872,train,DE,2021-12-03,,credit claiming,"Wir haben unsere Impfkampagne im Frühjahr und im Sommer viel Tempo geben können, weil wir viele Bestellungen aus Quartal 4 etwa des Herstellers BioNtech vorgezogen haben in die Quartale 2 und 3 in Absprache für die ganze EU ja nicht nur für Deutschland, für die ganze Europäische Union in Absprache mit dem Hersteller war das möglich, und das war sehr hilfreich, weil wir dadurch eben unser Versprechen jeden bis zum Ende des Sommers die Möglichkeit zu geben, sich zu schützen durch eine Impfung tatsächlich am Anfang des Sommers schon erreicht haben",de
seg_00873,train,DE,2021-12-03,subnational level,implicit blame avoidance,"Dass die Beschlüsse angeht jetzt zu Kontakteinschränkungen und Beschränkungen wie sie zwischen Bund und Ländern auf der Ministerpräsidenten Konferenz getroffen wurden haben wir ja hier gemeinsam in den letzten Wochen mehrfach darauf hingewiesen dass wir sie für dringlich halten. Ich habe vorletzte Woche gesagt es ist 5 nach 12 in der Woche darauf habe ich gesagt es ist 10 nach 12. In der Woche darauf habe ich gesagt, es ist 12:30 Uhr mindestens und es ist dringlich, dass Beschlüsse zur Kontaktbeschränkung getroffen werden. Beschlüsse zur Kontaktbeschränkung konkret in der Umsetzung kann ich als Bundesminister für Gesundheit nicht treffen. Sondern nach der geltenden Rechtslage können das nur die Länder und die Behörden vor Ort. Und es ist gut, dass wir uns darauf gestern vereinbart haben.",de
seg_00874,train,DE,2021-12-03,subnational level,implicit blame avoidance,"wenn wir dann uns einig sind zwischen Bund und Ländern, an die Lage uns anzupassen, dann geschieht das ja auch zügig, wenn die Entscheidung getroffen ist und kraftvoll.",de
seg_00875,test,DE,2021-12-03,experts,implicit blame avoidance,"natürlich die Zusammenarbeit mit Herrn Professor Wieler, mit dem Robert Koch Institut, aber auch mit allen Kolleginnen und Kollegen im Ministerium und bei uns im Geschäftsbereich vermissen werde,",de
seg_00876,test,DE,2021-12-03,subnational level,implicit blame avoidance,"Das ist eine Frage, um die tatsächlich ja auch gerungen und diskutiert wurde im Vorfeld, aber auch in der Ministerpräsidentenkonferenz. Im Kompromiss ist es jetzt zu dieser Größenordnung gekommen.",de
seg_00877,train,DE,2021-12-03,subnational level,explicit blame shifting,"Die Frage ist, ob das in der Praxis gelingt, das mit all diesen Regeln umzusetzen. Wir alle kennen die Bilder aus Stadien, wo das nicht immer wirklich den Eindruck macht, dass das überall gelingt und deswegen verstehe ich gut, dass da vor allem auch im Vergleich mit anderen Bereichen, dass da viele Fragen dazu sind. Ich kann jetzt nur dafür werben, dass dieser gefundene Kompromiss auch wirklich in all seinen Facetten 2G, Masken, AHA Regeln, An- und Abfahrtskonzepte auch umgesetzt wird.",de
seg_00878,train,DE,2021-12-03,citizens,explicit blame shifting,"Die Frage ist, ob das in der Praxis gelingt, das mit all diesen Regeln umzusetzen. Wir alle kennen die Bilder aus Stadien, wo das nicht immer wirklich den Eindruck macht, dass das überall gelingt und deswegen verstehe ich gut, dass da vor allem auch im Vergleich mit anderen Bereichen, dass da viele Fragen dazu sind. Ich kann jetzt nur dafür werben, dass dieser gefundene Kompromiss auch wirklich in all seinen Facetten 2G, Masken, AHA Regeln, An- und Abfahrtskonzepte auch umgesetzt wird.",de
seg_00879,train,DE,2021-12-03,,credit claiming,"Deswegen haben wir ja auch mehrere Programme der Forschungsförderung des Bundes auch für die Entwicklung entsprechender Medikamente, von vielversprechenden Ansätzen und wir haben und sind auch gerade aktuell noch dabei, bis zur letzten Sekunde aktiv sozusagen, auch mit Herstellern entsprechende Verträge zu verhandeln, die aussichtsreiche Medikamente haben.",de
seg_00880,train,DE,2021-12-03,experts,implicit blame avoidance,"aber immer dann, wenn wir auch nach den Einschätzungen unserer Behörden, des BFaM und des Paul Ehrlich Instituts, je nachdem, um welches Art von Medikament es geht, ne aussichtsreichen Kandidaten haben. Auch nach Studienlage ein Unterschied zu machen",de
seg_00881,test,DE,2021-12-03,,credit claiming,"haben wir Verhandlungen begonnen mit dem Hersteller, so haben wir uns Remdesivir gesichert für Deutschland, so haben wir monoklonale Antikörper gesichert für Deutschland, so haben wir ganz aktuell mit MSD in Verhandlungen das dortige Medikament für Deutschland gesichert.",de
seg_00882,train,DE,2021-12-03,,credit claiming,"Und das sind dann Dinge, um es auch transparent zu machen, wo auch ja der Minister selbst mit den Vorstandsvorsitzenden dieser Unternehmen spricht und verhandeln muss in Teilen, um den Weg dafür zu bahnen. Das lässt sich anders bei einem weltweit umkämpften Produkt dann auch nicht regeln.",de
seg_00883,test,DE,2021-12-03,,credit claiming,"Aber die Grundantwort ist ja, wir haben hohes Interesse an Therapeutika bei COVID-19, wir kaufen vorsorglich, wir unterstützen Forschung und Entwicklung, weil selbst bei höchsten Impfquoten ist immer auch diejenigen gibt, wo möglicherweise auch beim Impfdurchbruch Behandlungsbedarf entsteht.",de
seg_00884,train,DE,2021-12-03,experts,implicit blame avoidance,Also zuerst einmal die Ständige Impfkommission genießt hohes Ansehen. Ich bin ja auch dankbar für ihre Arbeit,de
seg_00885,train,DE,2021-12-03,citizens,implicit blame avoidance,"Deswegen kann ich einfach nur dazu auffordern, dass alle, die mit den Entscheidungen zur öffentlichen Debatte aus berufenem Munde sozusagen betroffen sind, dass das eben auch mit dieser entsprechenden Zurückhaltung und Grundhaltung machen, dass das für diejenigen, die die Informationen dann bekommen, die diese Aussagen sehen, dann eben schon auch eine ist, die zu Recht und nachvollziehbar eben auch mit einem Abwägen, mit Emotionen verbunden ist.",de
seg_00886,train,DE,2021-12-03,experts,explicit blame shifting,"Die ordentliche Zulassung ist eine durch eine Zulassungsbehörde. Und wir werden mit dieser Zulassung und der Verfügbarkeit des Impfstoffes den 5 bis Elfjährigen die Impfung in der Entscheidung ihrer Eltern und des Erzarztes auch möglich machen. Und dann wird die Ständige Impfkommission eine Empfehlung abgeben. Ich würde aber empfehlen, Empfehlungen als solche abzugeben und nicht als persönliche Meinung.",de
seg_00887,train,DE,2021-12-03,experts,explicit blame shifting,"Und dann wird die Ständige Impfkommission eine Empfehlung abgeben. Ich würde aber empfehlen, Empfehlungen als solche abzugeben und nicht als persönliche Meinung.",de
seg_00888,train,DE,2021-12-03,,credit claiming,"Und deswegen haben wir immer auch aus eigenem nationalem Interesse mitgeholfen, finanziell und durch die Spende von Impfdosen, dass die Welt geimpft werden kann. Und wir haben gleichzeitig die Möglichkeit, die deutsche Bevölkerung zu impfen",de
seg_00889,test,DE,2021-12-03,,credit claiming,"Sag noch einmal, also transparenter als die Frage, dass wir Covax unterstützen und in Deutschland gut impfen, haben wir, also wir haben alle Themen transparent behandelt, aber das haben wir besonders transparent behandelt miteinander.",de
seg_00890,test,DE,2021-12-03,,credit claiming,"Ich mache jetzt wirklich bis zur letzten Sekunde, bis zur Amtsübergabe meine Aufgabe als Bundesminister für Gesundheit, das halte ich jedenfalls in der Lage, in der wir aktuell sind, auch für erforderlich, und das ist das, was mich treibt und beschäftigt.",de
seg_00891,train,DE,2021-12-03,experts,implicit blame avoidance,"Deshalb möchte ich mich zum ersten bedanken bei den vielen Expertinnen und Experten, die in diesem Rahmen für sachliche, gute Informationen gesorgt haben, die auch mit uns hier regelmäßig in der Bundespressekonferenz waren. Wir können uns glücklich schätzen in Deutschland, ich würde mir wünschen, dass wir auch das gelegentlich wahrnehmen, dass das ein Privileg ist, dass wir so viele Expertinnen und Experten haben, Universitäten, Wissenschaftler, aber auch in der medizinischen Versorgung, im Alltag, die in dieser Pandemie uns mit Rat und Tat begleiten und unterstützen.",de
seg_00892,test,DE,2021-12-03,experts,implicit blame avoidance,"Einen besonderen Dank möchte ich an Professor Wieler aussprechen. Sie haben sich hier immer wieder den Fragen gestellt, die Lage beschrieben und gesagt, was notwendig ist.",de
